"RPC Code","RPC Name","Producer Country Name","Producer Country Code","Share","Waste","SUA Code"
"A.01.02.001","Common wheat grain","Germany","DE",0.0128,0.045,"0111"
"A.01.02.001","Common wheat grain","France","FR",0.9872,0.045,"0111"
"A.01.02.001.002","Durum wheat grain","Germany","DE",0.0128,0.045,"0111"
"A.01.02.001.002","Durum wheat grain","France","FR",0.9872,0.045,"0111"
"A.01.02.001.003","Common wheat grain","Germany","DE",0.0128,0.045,"0111"
"A.01.02.001.003","Common wheat grain","France","FR",0.9872,0.045,"0111"
"A.01.02.001.004","Durum wheat grain","Germany","DE",0.0128,0.045,"0111"
"A.01.02.001.004","Durum wheat grain","France","FR",0.9872,0.045,"0111"
"A.01.02.002.001","Barley grains","France","FR",1,0.045,"0115"
"A.01.02.003","Maize grain","France","FR",0.9879,0.045,"0112"
"A.01.02.003","Maize grain","Poland","PL",0.0121,0.045,"0112"
"A.01.02.004","Rye grain","France","FR",1,0.045,"0116"
"A.01.02.005","Spelt grain","Germany","DE",0.0128,0.045,"0111"
"A.01.02.005","Spelt grain","France","FR",0.9872,0.045,"0111"
"A.01.02.006","Buckwheat","China, mainland","CN",0.0267,0.06,"01192"
"A.01.02.006","Buckwheat","Kazakhstan","KZ",0.0283,0.06,"01192"
"A.01.02.006","Buckwheat","Russian Federation","RU",0.9449,0.06,"01192"
"A.01.02.007","Common millet grain","Libya","LY",1,0.045,"0118"
"A.01.02.008","Oat grain","Germany","DE",0.0257,0.045,"0117"
"A.01.02.008","Oat grain","Spain","ES",0.0143,0.045,"0117"
"A.01.02.008","Oat grain","Finland","FI",0.0169,0.045,"0117"
"A.01.02.008","Oat grain","France","FR",0.8944,0.045,"0117"
"A.01.02.008","Oat grain","United Kingdom of Great Britain and Northern Ireland","GB",0.0198,0.045,"0117"
"A.01.02.008","Oat grain","Ireland","IE",0.0183,0.045,"0117"
"A.01.02.008","Oat grain","Poland","PL",0.0105,0.045,"0117"
"A.01.02.009","Rice grain","Germany","DE",0.0175,0.045,"0113"
"A.01.02.009","Rice grain","France","FR",0.9825,0.045,"0113"
"A.01.02.009.007","Indian rice grain","Germany","DE",0.0175,0.045,"0113"
"A.01.02.009.007","Indian rice grain","France","FR",0.9825,0.045,"0113"
"A.01.02.010.002","Sorghum grain","France","FR",1,0.045,"0114"
"A.02.01.001","Arrowroots","Bolivia (Plurinational State of)","BO",0.0693,0.24,"01599.10"
"A.02.01.001","Arrowroots","Congo","CG",0.0155,0.24,"01599.10"
"A.02.01.001","Arrowroots","Côte d'Ivoire","CI",0.2366,0.24,"01599.10"
"A.02.01.001","Arrowroots","Cameroon","CM",0.1833,0.24,"01599.10"
"A.02.01.001","Arrowroots","China, mainland","CN",0.0909,0.24,"01599.10"
"A.02.01.001","Arrowroots","Costa Rica","CR",0.0161,0.24,"01599.10"
"A.02.01.001","Arrowroots","Dominica","DM",0.028,0.24,"01599.10"
"A.02.01.001","Arrowroots","Ghana","GH",0.0512,0.24,"01599.10"
"A.02.01.001","Arrowroots","Honduras","HN",0.0454,0.24,"01599.10"
"A.02.01.001","Arrowroots","Peru","PE",0.0418,0.24,"01599.10"
"A.02.01.001","Arrowroots","Togo","TG",0.1271,0.24,"01599.10"
"A.02.01.001","Arrowroots","Thailand","TH",0.0948,0.24,"01599.10"
"A.02.01.002","Beetroots","Bolivia (Plurinational State of)","BO",0.0693,0.24,"01599.10"
"A.02.01.002","Beetroots","Congo","CG",0.0155,0.24,"01599.10"
"A.02.01.002","Beetroots","Côte d'Ivoire","CI",0.2366,0.24,"01599.10"
"A.02.01.002","Beetroots","Cameroon","CM",0.1833,0.24,"01599.10"
"A.02.01.002","Beetroots","China, mainland","CN",0.0909,0.24,"01599.10"
"A.02.01.002","Beetroots","Costa Rica","CR",0.0161,0.24,"01599.10"
"A.02.01.002","Beetroots","Dominica","DM",0.028,0.24,"01599.10"
"A.02.01.002","Beetroots","Ghana","GH",0.0512,0.24,"01599.10"
"A.02.01.002","Beetroots","Honduras","HN",0.0454,0.24,"01599.10"
"A.02.01.002","Beetroots","Peru","PE",0.0418,0.24,"01599.10"
"A.02.01.002","Beetroots","Togo","TG",0.1271,0.24,"01599.10"
"A.02.01.002","Beetroots","Thailand","TH",0.0948,0.24,"01599.10"
"A.02.01.003","Carrots","Belgium","BE",0.0436,0.07,"01251"
"A.02.01.003","Carrots","Spain","ES",0.0339,0.07,"01251"
"A.02.01.003","Carrots","France","FR",0.861,0.07,"01251"
"A.02.01.003","Carrots","Netherlands (Kingdom of the)","NL",0.0616,0.07,"01251"
"A.02.01.004","Celeriacs","Bolivia (Plurinational State of)","BO",0.0693,0.24,"01599.10"
"A.02.01.004","Celeriacs","Congo","CG",0.0155,0.24,"01599.10"
"A.02.01.004","Celeriacs","Côte d'Ivoire","CI",0.2366,0.24,"01599.10"
"A.02.01.004","Celeriacs","Cameroon","CM",0.1833,0.24,"01599.10"
"A.02.01.004","Celeriacs","China, mainland","CN",0.0909,0.24,"01599.10"
"A.02.01.004","Celeriacs","Costa Rica","CR",0.0161,0.24,"01599.10"
"A.02.01.004","Celeriacs","Dominica","DM",0.028,0.24,"01599.10"
"A.02.01.004","Celeriacs","Ghana","GH",0.0512,0.24,"01599.10"
"A.02.01.004","Celeriacs","Honduras","HN",0.0454,0.24,"01599.10"
"A.02.01.004","Celeriacs","Peru","PE",0.0418,0.24,"01599.10"
"A.02.01.004","Celeriacs","Togo","TG",0.1271,0.24,"01599.10"
"A.02.01.004","Celeriacs","Thailand","TH",0.0948,0.24,"01599.10"
"A.02.01.005","Horseradish roots","Bolivia (Plurinational State of)","BO",0.0693,0.24,"01599.10"
"A.02.01.005","Horseradish roots","Congo","CG",0.0155,0.24,"01599.10"
"A.02.01.005","Horseradish roots","Côte d'Ivoire","CI",0.2366,0.24,"01599.10"
"A.02.01.005","Horseradish roots","Cameroon","CM",0.1833,0.24,"01599.10"
"A.02.01.005","Horseradish roots","China, mainland","CN",0.0909,0.24,"01599.10"
"A.02.01.005","Horseradish roots","Costa Rica","CR",0.0161,0.24,"01599.10"
"A.02.01.005","Horseradish roots","Dominica","DM",0.028,0.24,"01599.10"
"A.02.01.005","Horseradish roots","Ghana","GH",0.0512,0.24,"01599.10"
"A.02.01.005","Horseradish roots","Honduras","HN",0.0454,0.24,"01599.10"
"A.02.01.005","Horseradish roots","Peru","PE",0.0418,0.24,"01599.10"
"A.02.01.005","Horseradish roots","Togo","TG",0.1271,0.24,"01599.10"
"A.02.01.005","Horseradish roots","Thailand","TH",0.0948,0.24,"01599.10"
"A.02.01.006","Parsley roots","Bolivia (Plurinational State of)","BO",0.0693,0.24,"01599.10"
"A.02.01.006","Parsley roots","Congo","CG",0.0155,0.24,"01599.10"
"A.02.01.006","Parsley roots","Côte d'Ivoire","CI",0.2366,0.24,"01599.10"
"A.02.01.006","Parsley roots","Cameroon","CM",0.1833,0.24,"01599.10"
"A.02.01.006","Parsley roots","China, mainland","CN",0.0909,0.24,"01599.10"
"A.02.01.006","Parsley roots","Costa Rica","CR",0.0161,0.24,"01599.10"
"A.02.01.006","Parsley roots","Dominica","DM",0.028,0.24,"01599.10"
"A.02.01.006","Parsley roots","Ghana","GH",0.0512,0.24,"01599.10"
"A.02.01.006","Parsley roots","Honduras","HN",0.0454,0.24,"01599.10"
"A.02.01.006","Parsley roots","Peru","PE",0.0418,0.24,"01599.10"
"A.02.01.006","Parsley roots","Togo","TG",0.1271,0.24,"01599.10"
"A.02.01.006","Parsley roots","Thailand","TH",0.0948,0.24,"01599.10"
"A.02.01.007","Parsnip roots","Bolivia (Plurinational State of)","BO",0.0693,0.24,"01599.10"
"A.02.01.007","Parsnip roots","Congo","CG",0.0155,0.24,"01599.10"
"A.02.01.007","Parsnip roots","Côte d'Ivoire","CI",0.2366,0.24,"01599.10"
"A.02.01.007","Parsnip roots","Cameroon","CM",0.1833,0.24,"01599.10"
"A.02.01.007","Parsnip roots","China, mainland","CN",0.0909,0.24,"01599.10"
"A.02.01.007","Parsnip roots","Costa Rica","CR",0.0161,0.24,"01599.10"
"A.02.01.007","Parsnip roots","Dominica","DM",0.028,0.24,"01599.10"
"A.02.01.007","Parsnip roots","Ghana","GH",0.0512,0.24,"01599.10"
"A.02.01.007","Parsnip roots","Honduras","HN",0.0454,0.24,"01599.10"
"A.02.01.007","Parsnip roots","Peru","PE",0.0418,0.24,"01599.10"
"A.02.01.007","Parsnip roots","Togo","TG",0.1271,0.24,"01599.10"
"A.02.01.007","Parsnip roots","Thailand","TH",0.0948,0.24,"01599.10"
"A.02.01.008","Radishes","Belgium","BE",0.0735,0.07,"01212"
"A.02.01.008","Radishes","Germany","DE",0.0148,0.07,"01212"
"A.02.01.008","Radishes","Spain","ES",0.0458,0.07,"01212"
"A.02.01.008","Radishes","France","FR",0.798,0.07,"01212"
"A.02.01.008","Radishes","Netherlands (Kingdom of the)","NL",0.0459,0.07,"01212"
"A.02.01.008","Radishes","Portugal","PT",0.022,0.07,"01212"
"A.02.01.009","Salsifies","Argentina","AR",0.0608,0.06,"01445"
"A.02.01.009","Salsifies","Bulgaria","BG",0.0168,0.06,"01445"
"A.02.01.009","Salsifies","Spain","ES",0.012,0.06,"01445"
"A.02.01.009","Salsifies","France","FR",0.6357,0.06,"01445"
"A.02.01.009","Salsifies","Hungary","HU",0.0104,0.06,"01445"
"A.02.01.009","Salsifies","Republic of Moldova","MD",0.0102,0.06,"01445"
"A.02.01.009","Salsifies","Romania","RO",0.0569,0.06,"01445"
"A.02.01.009","Salsifies","Russian Federation","RU",0.0585,0.06,"01445"
"A.02.01.009","Salsifies","Ukraine","UA",0.1387,0.06,"01445"
"A.02.01.010","Swedes","Belgium","BE",0.0735,0.07,"01212"
"A.02.01.010","Swedes","Germany","DE",0.0148,0.07,"01212"
"A.02.01.010","Swedes","Spain","ES",0.0458,0.07,"01212"
"A.02.01.010","Swedes","France","FR",0.798,0.07,"01212"
"A.02.01.010","Swedes","Netherlands (Kingdom of the)","NL",0.0459,0.07,"01212"
"A.02.01.010","Swedes","Portugal","PT",0.022,0.07,"01212"
"A.02.01.012","Turnips","Belgium","BE",0.0436,0.07,"01251"
"A.02.01.012","Turnips","Spain","ES",0.0339,0.07,"01251"
"A.02.01.012","Turnips","France","FR",0.861,0.07,"01251"
"A.02.01.012","Turnips","Netherlands (Kingdom of the)","NL",0.0616,0.07,"01251"
"A.02.02.001","Garlic","Argentina","AR",0.012,0.07,"01252"
"A.02.02.001","Garlic","China, mainland","CN",0.1388,0.07,"01252"
"A.02.02.001","Garlic","Spain","ES",0.3526,0.07,"01252"
"A.02.02.001","Garlic","France","FR",0.4965,0.07,"01252"
"A.02.02.002","Onions","Belgium","BE",0.013,0.07,"01253.02"
"A.02.02.002","Onions","Spain","ES",0.0268,0.07,"01253.02"
"A.02.02.002","Onions","France","FR",0.9116,0.07,"01253.02"
"A.02.02.002","Onions","Netherlands (Kingdom of the)","NL",0.0486,0.07,"01253.02"
"A.02.02.003","Shallots","Belgium","BE",0.013,0.07,"01253.02"
"A.02.02.003","Shallots","Spain","ES",0.0268,0.07,"01253.02"
"A.02.02.003","Shallots","France","FR",0.9116,0.07,"01253.02"
"A.02.02.003","Shallots","Netherlands (Kingdom of the)","NL",0.0486,0.07,"01253.02"
"A.02.02.004","Spring onions","Belgium","BE",0.013,0.07,"01253.02"
"A.02.02.004","Spring onions","Spain","ES",0.0268,0.07,"01253.02"
"A.02.02.004","Spring onions","France","FR",0.9116,0.07,"01253.02"
"A.02.02.004","Spring onions","Netherlands (Kingdom of the)","NL",0.0486,0.07,"01253.02"
"A.02.02.005","Chives","Belgium","BE",0.013,0.07,"01253.02"
"A.02.02.005","Chives","Spain","ES",0.0268,0.07,"01253.02"
"A.02.02.005","Chives","France","FR",0.9116,0.07,"01253.02"
"A.02.02.005","Chives","Netherlands (Kingdom of the)","NL",0.0486,0.07,"01253.02"
"A.02.03.001","Tomatoes","China, mainland","CN",0.0184,0.07,"01234"
"A.02.03.001","Tomatoes","Spain","ES",0.15,0.07,"01234"
"A.02.03.001","Tomatoes","France","FR",0.357,0.07,"01234"
"A.02.03.001","Tomatoes","Italy","IT",0.2019,0.07,"01234"
"A.02.03.001","Tomatoes","Morocco","MA",0.1973,0.07,"01234"
"A.02.03.001","Tomatoes","Netherlands (Kingdom of the)","NL",0.0118,0.07,"01234"
"A.02.03.001","Tomatoes","Portugal","PT",0.0317,0.07,"01234"
"A.02.03.001","Tomatoes","Tunisia","TN",0.0198,0.07,"01234"
"A.02.03.001","Tomatoes","Türkiye","TR",0.0122,0.07,"01234"
"A.02.03.002","Sweet peppers","Belgium","BE",0.0178,0.07,"01231"
"A.02.03.002","Sweet peppers","Spain","ES",0.5039,0.07,"01231"
"A.02.03.002","Sweet peppers","France","FR",0.121,0.07,"01231"
"A.02.03.002","Sweet peppers","Morocco","MA",0.3021,0.07,"01231"
"A.02.03.002","Sweet peppers","Netherlands (Kingdom of the)","NL",0.0552,0.07,"01231"
"A.02.03.003","Chili peppers","Belgium","BE",0.0178,0.07,"01231"
"A.02.03.003","Chili peppers","Spain","ES",0.5039,0.07,"01231"
"A.02.03.003","Chili peppers","France","FR",0.121,0.07,"01231"
"A.02.03.003","Chili peppers","Morocco","MA",0.3021,0.07,"01231"
"A.02.03.003","Chili peppers","Netherlands (Kingdom of the)","NL",0.0552,0.07,"01231"
"A.02.03.004","Aubergines","Belgium","BE",0.0158,0.07,"01233"
"A.02.03.004","Aubergines","Spain","ES",0.4862,0.07,"01233"
"A.02.03.004","Aubergines","France","FR",0.468,0.07,"01233"
"A.02.03.004","Aubergines","Netherlands (Kingdom of the)","NL",0.03,0.07,"01233"
"A.02.03.005","Okra","China, mainland","CN",0.0671,0.07,"01359.90"
"A.02.03.005","Okra","Colombia","CO",0.034,0.07,"01359.90"
"A.02.03.005","Okra","Costa Rica","CR",0.0853,0.07,"01359.90"
"A.02.03.005","Okra","Ecuador","EC",0.0757,0.07,"01359.90"
"A.02.03.005","Okra","Egypt","EG",0.1216,0.07,"01359.90"
"A.02.03.005","Okra","Guatemala","GT",0.0169,0.07,"01359.90"
"A.02.03.005","Okra","India","IN",0.0688,0.07,"01359.90"
"A.02.03.005","Okra","Morocco","MA",0.0869,0.07,"01359.90"
"A.02.03.005","Okra","Madagascar","MG",0.0213,0.07,"01359.90"
"A.02.03.005","Okra","Mexico","MX",0.0413,0.07,"01359.90"
"A.02.03.005","Okra","Peru","PE",0.0645,0.07,"01359.90"
"A.02.03.005","Okra","Philippines","PH",0.0166,0.07,"01359.90"
"A.02.03.005","Okra","Serbia","RS",0.0528,0.07,"01359.90"
"A.02.03.005","Okra","Thailand","TH",0.0394,0.07,"01359.90"
"A.02.03.005","Okra","Türkiye","TR",0.1343,0.07,"01359.90"
"A.02.03.005","Okra","Viet Nam","VN",0.0565,0.07,"01359.90"
"A.02.03.005","Okra","South Africa","ZA",0.0169,0.07,"01359.90"
"A.02.03.006","Cucumbers","Spain","ES",0.2285,0.07,"01232"
"A.02.03.006","Cucumbers","France","FR",0.7244,0.07,"01232"
"A.02.03.006","Cucumbers","Netherlands (Kingdom of the)","NL",0.0471,0.07,"01232"
"A.02.03.007","Gherkins","Spain","ES",0.2285,0.07,"01232"
"A.02.03.007","Gherkins","France","FR",0.7244,0.07,"01232"
"A.02.03.007","Gherkins","Netherlands (Kingdom of the)","NL",0.0471,0.07,"01232"
"A.02.03.008","Courgettes","Spain","ES",0.2196,0.07,"01235"
"A.02.03.008","Courgettes","France","FR",0.7215,0.07,"01235"
"A.02.03.008","Courgettes","Morocco","MA",0.0589,0.07,"01235"
"A.02.03.009","Melons","Brazil","BR",0.0242,0.07,"01229"
"A.02.03.009","Melons","Spain","ES",0.1747,0.07,"01229"
"A.02.03.009","Melons","France","FR",0.7173,0.07,"01229"
"A.02.03.009","Melons","Morocco","MA",0.0838,0.07,"01229"
"A.02.03.010","Pumpkins","Spain","ES",0.2196,0.07,"01235"
"A.02.03.010","Pumpkins","France","FR",0.7215,0.07,"01235"
"A.02.03.010","Pumpkins","Morocco","MA",0.0589,0.07,"01235"
"A.02.03.011","Watermelons","Spain","ES",0.3439,0.07,"01221"
"A.02.03.011","Watermelons","France","FR",0.0867,0.07,"01221"
"A.02.03.011","Watermelons","Italy","IT",0.0598,0.07,"01221"
"A.02.03.011","Watermelons","Morocco","MA",0.4867,0.07,"01221"
"A.02.03.011","Watermelons","Mauritania","MR",0.0229,0.07,"01221"
"A.02.03.012","Sweet corn","France","FR",1,0.07,"01290.01"
"A.02.04.001","Broccoli","Brazil","BR",0.0242,0.07,"01213"
"A.02.04.001","Broccoli","Spain","ES",0.1747,0.07,"01213"
"A.02.04.001","Broccoli","France","FR",0.7173,0.07,"01213"
"A.02.04.001","Broccoli","Morocco","MA",0.0838,0.07,"01213"
"A.02.04.002","Cauliflowers","Brazil","BR",0.0242,0.07,"01213"
"A.02.04.002","Cauliflowers","Spain","ES",0.1747,0.07,"01213"
"A.02.04.002","Cauliflowers","France","FR",0.7173,0.07,"01213"
"A.02.04.002","Cauliflowers","Morocco","MA",0.0838,0.07,"01213"
"A.02.04.003","Brussels sprouts","Belgium","BE",0.0735,0.07,"01212"
"A.02.04.003","Brussels sprouts","Germany","DE",0.0148,0.07,"01212"
"A.02.04.003","Brussels sprouts","Spain","ES",0.0458,0.07,"01212"
"A.02.04.003","Brussels sprouts","France","FR",0.798,0.07,"01212"
"A.02.04.003","Brussels sprouts","Netherlands (Kingdom of the)","NL",0.0459,0.07,"01212"
"A.02.04.003","Brussels sprouts","Portugal","PT",0.022,0.07,"01212"
"A.02.04.004","Head cabbages","Belgium","BE",0.0735,0.07,"01212"
"A.02.04.004","Head cabbages","Germany","DE",0.0148,0.07,"01212"
"A.02.04.004","Head cabbages","Spain","ES",0.0458,0.07,"01212"
"A.02.04.004","Head cabbages","France","FR",0.798,0.07,"01212"
"A.02.04.004","Head cabbages","Netherlands (Kingdom of the)","NL",0.0459,0.07,"01212"
"A.02.04.004","Head cabbages","Portugal","PT",0.022,0.07,"01212"
"A.02.04.005","Chinese cabbages","Belgium","BE",0.0735,0.07,"01212"
"A.02.04.005","Chinese cabbages","Germany","DE",0.0148,0.07,"01212"
"A.02.04.005","Chinese cabbages","Spain","ES",0.0458,0.07,"01212"
"A.02.04.005","Chinese cabbages","France","FR",0.798,0.07,"01212"
"A.02.04.005","Chinese cabbages","Netherlands (Kingdom of the)","NL",0.0459,0.07,"01212"
"A.02.04.005","Chinese cabbages","Portugal","PT",0.022,0.07,"01212"
"A.02.04.006","Kales and similar-","Belgium","BE",0.0735,0.07,"01212"
"A.02.04.006","Kales and similar-","Germany","DE",0.0148,0.07,"01212"
"A.02.04.006","Kales and similar-","Spain","ES",0.0458,0.07,"01212"
"A.02.04.006","Kales and similar-","France","FR",0.798,0.07,"01212"
"A.02.04.006","Kales and similar-","Netherlands (Kingdom of the)","NL",0.0459,0.07,"01212"
"A.02.04.006","Kales and similar-","Portugal","PT",0.022,0.07,"01212"
"A.02.04.007","Kohlrabies","Belgium","BE",0.0735,0.07,"01212"
"A.02.04.007","Kohlrabies","Germany","DE",0.0148,0.07,"01212"
"A.02.04.007","Kohlrabies","Spain","ES",0.0458,0.07,"01212"
"A.02.04.007","Kohlrabies","France","FR",0.798,0.07,"01212"
"A.02.04.007","Kohlrabies","Netherlands (Kingdom of the)","NL",0.0459,0.07,"01212"
"A.02.04.007","Kohlrabies","Portugal","PT",0.022,0.07,"01212"
"A.02.05.001","Lamb's lettuces","Belgium","BE",0.0142,0.07,"01214"
"A.02.05.001","Lamb's lettuces","Spain","ES",0.1899,0.07,"01214"
"A.02.05.001","Lamb's lettuces","France","FR",0.7959,0.07,"01214"
"A.02.05.002","Head lettuces","Belgium","BE",0.0142,0.07,"01214"
"A.02.05.002","Head lettuces","Spain","ES",0.1899,0.07,"01214"
"A.02.05.002","Head lettuces","France","FR",0.7959,0.07,"01214"
"A.02.05.003","Crisp lettuces","Belgium","BE",0.0142,0.07,"01214"
"A.02.05.003","Crisp lettuces","Spain","ES",0.1899,0.07,"01214"
"A.02.05.003","Crisp lettuces","France","FR",0.7959,0.07,"01214"
"A.02.05.004","Escaroles","Belgium","BE",0.0142,0.07,"01214"
"A.02.05.004","Escaroles","Spain","ES",0.1899,0.07,"01214"
"A.02.05.004","Escaroles","France","FR",0.7959,0.07,"01214"
"A.02.05.005","Cresses","Belgium","BE",0.0735,0.07,"01212"
"A.02.05.005","Cresses","Germany","DE",0.0148,0.07,"01212"
"A.02.05.005","Cresses","Spain","ES",0.0458,0.07,"01212"
"A.02.05.005","Cresses","France","FR",0.798,0.07,"01212"
"A.02.05.005","Cresses","Netherlands (Kingdom of the)","NL",0.0459,0.07,"01212"
"A.02.05.005","Cresses","Portugal","PT",0.022,0.07,"01212"
"A.02.05.006","Land cresses","Belgium","BE",0.0735,0.07,"01212"
"A.02.05.006","Land cresses","Germany","DE",0.0148,0.07,"01212"
"A.02.05.006","Land cresses","Spain","ES",0.0458,0.07,"01212"
"A.02.05.006","Land cresses","France","FR",0.798,0.07,"01212"
"A.02.05.006","Land cresses","Netherlands (Kingdom of the)","NL",0.0459,0.07,"01212"
"A.02.05.006","Land cresses","Portugal","PT",0.022,0.07,"01212"
"A.02.05.007","Roman rocket","Belgium","BE",0.0735,0.07,"01212"
"A.02.05.007","Roman rocket","Germany","DE",0.0148,0.07,"01212"
"A.02.05.007","Roman rocket","Spain","ES",0.0458,0.07,"01212"
"A.02.05.007","Roman rocket","France","FR",0.798,0.07,"01212"
"A.02.05.007","Roman rocket","Netherlands (Kingdom of the)","NL",0.0459,0.07,"01212"
"A.02.05.007","Roman rocket","Portugal","PT",0.022,0.07,"01212"
"A.02.05.010","Spinaches","Spain","ES",0.0199,0.07,"01215"
"A.02.05.010","Spinaches","France","FR",0.944,0.07,"01215"
"A.02.05.010","Spinaches","Italy","IT",0.0361,0.07,"01215"
"A.02.05.012","Purslanes","Spain","ES",0.0199,0.07,"01215"
"A.02.05.012","Purslanes","France","FR",0.944,0.07,"01215"
"A.02.05.012","Purslanes","Italy","IT",0.0361,0.07,"01215"
"A.02.05.013","Chards","Germany","DE",0.0201,0.045,"01801"
"A.02.05.013","Chards","France","FR",0.9799,0.045,"01801"
"A.02.05.014","Grape leaves","China, mainland","CN",0.0671,0.07,"01359.90"
"A.02.05.014","Grape leaves","Colombia","CO",0.034,0.07,"01359.90"
"A.02.05.014","Grape leaves","Costa Rica","CR",0.0853,0.07,"01359.90"
"A.02.05.014","Grape leaves","Ecuador","EC",0.0757,0.07,"01359.90"
"A.02.05.014","Grape leaves","Egypt","EG",0.1216,0.07,"01359.90"
"A.02.05.014","Grape leaves","Guatemala","GT",0.0169,0.07,"01359.90"
"A.02.05.014","Grape leaves","India","IN",0.0688,0.07,"01359.90"
"A.02.05.014","Grape leaves","Morocco","MA",0.0869,0.07,"01359.90"
"A.02.05.014","Grape leaves","Madagascar","MG",0.0213,0.07,"01359.90"
"A.02.05.014","Grape leaves","Mexico","MX",0.0413,0.07,"01359.90"
"A.02.05.014","Grape leaves","Peru","PE",0.0645,0.07,"01359.90"
"A.02.05.014","Grape leaves","Philippines","PH",0.0166,0.07,"01359.90"
"A.02.05.014","Grape leaves","Serbia","RS",0.0528,0.07,"01359.90"
"A.02.05.014","Grape leaves","Thailand","TH",0.0394,0.07,"01359.90"
"A.02.05.014","Grape leaves","Türkiye","TR",0.1343,0.07,"01359.90"
"A.02.05.014","Grape leaves","Viet Nam","VN",0.0565,0.07,"01359.90"
"A.02.05.014","Grape leaves","South Africa","ZA",0.0169,0.07,"01359.90"
"A.02.05.015","Watercresses","Belgium","BE",0.0735,0.07,"01212"
"A.02.05.015","Watercresses","Germany","DE",0.0148,0.07,"01212"
"A.02.05.015","Watercresses","Spain","ES",0.0458,0.07,"01212"
"A.02.05.015","Watercresses","France","FR",0.798,0.07,"01212"
"A.02.05.015","Watercresses","Netherlands (Kingdom of the)","NL",0.0459,0.07,"01212"
"A.02.05.015","Watercresses","Portugal","PT",0.022,0.07,"01212"
"A.02.05.016","Witloofs","Belgium","BE",0.0142,0.07,"01214"
"A.02.05.016","Witloofs","Spain","ES",0.1899,0.07,"01214"
"A.02.05.016","Witloofs","France","FR",0.7959,0.07,"01214"
"A.02.05.017","Oraches leaves","China, mainland","CN",0.0671,0.07,"01359.90"
"A.02.05.017","Oraches leaves","Colombia","CO",0.034,0.07,"01359.90"
"A.02.05.017","Oraches leaves","Costa Rica","CR",0.0853,0.07,"01359.90"
"A.02.05.017","Oraches leaves","Ecuador","EC",0.0757,0.07,"01359.90"
"A.02.05.017","Oraches leaves","Egypt","EG",0.1216,0.07,"01359.90"
"A.02.05.017","Oraches leaves","Guatemala","GT",0.0169,0.07,"01359.90"
"A.02.05.017","Oraches leaves","India","IN",0.0688,0.07,"01359.90"
"A.02.05.017","Oraches leaves","Morocco","MA",0.0869,0.07,"01359.90"
"A.02.05.017","Oraches leaves","Madagascar","MG",0.0213,0.07,"01359.90"
"A.02.05.017","Oraches leaves","Mexico","MX",0.0413,0.07,"01359.90"
"A.02.05.017","Oraches leaves","Peru","PE",0.0645,0.07,"01359.90"
"A.02.05.017","Oraches leaves","Philippines","PH",0.0166,0.07,"01359.90"
"A.02.05.017","Oraches leaves","Serbia","RS",0.0528,0.07,"01359.90"
"A.02.05.017","Oraches leaves","Thailand","TH",0.0394,0.07,"01359.90"
"A.02.05.017","Oraches leaves","Türkiye","TR",0.1343,0.07,"01359.90"
"A.02.05.017","Oraches leaves","Viet Nam","VN",0.0565,0.07,"01359.90"
"A.02.05.017","Oraches leaves","South Africa","ZA",0.0169,0.07,"01359.90"
"A.02.05.019","Dandelions","Argentina","AR",0.0608,0.06,"01445"
"A.02.05.019","Dandelions","Bulgaria","BG",0.0168,0.06,"01445"
"A.02.05.019","Dandelions","Spain","ES",0.012,0.06,"01445"
"A.02.05.019","Dandelions","France","FR",0.6357,0.06,"01445"
"A.02.05.019","Dandelions","Hungary","HU",0.0104,0.06,"01445"
"A.02.05.019","Dandelions","Republic of Moldova","MD",0.0102,0.06,"01445"
"A.02.05.019","Dandelions","Romania","RO",0.0569,0.06,"01445"
"A.02.05.019","Dandelions","Russian Federation","RU",0.0585,0.06,"01445"
"A.02.05.019","Dandelions","Ukraine","UA",0.1387,0.06,"01445"
"A.02.05.020","Common nettle","Spain","ES",0.0199,0.07,"01215"
"A.02.05.020","Common nettle","France","FR",0.944,0.07,"01215"
"A.02.05.020","Common nettle","Italy","IT",0.0361,0.07,"01215"
"A.02.05.021","Garden sorrel","Spain","ES",0.0199,0.07,"01215"
"A.02.05.021","Garden sorrel","France","FR",0.944,0.07,"01215"
"A.02.05.021","Garden sorrel","Italy","IT",0.0361,0.07,"01215"
"A.02.05.022","Alfalfa sprouts","Argentina","AR",0.3535,0.06,"01709.90"
"A.02.05.022","Alfalfa sprouts","Canada","CA",0.1892,0.06,"01709.90"
"A.02.05.022","Alfalfa sprouts","China, mainland","CN",0.0266,0.06,"01709.90"
"A.02.05.022","Alfalfa sprouts","Egypt","EG",0.0126,0.06,"01709.90"
"A.02.05.022","Alfalfa sprouts","Ethiopia","ET",0.0728,0.06,"01709.90"
"A.02.05.022","Alfalfa sprouts","India","IN",0.032,0.06,"01709.90"
"A.02.05.022","Alfalfa sprouts","Madagascar","MG",0.0471,0.06,"01709.90"
"A.02.05.022","Alfalfa sprouts","Myanmar","MM",0.0705,0.06,"01709.90"
"A.02.05.022","Alfalfa sprouts","Turkmenistan","TM",0.0125,0.06,"01709.90"
"A.02.05.022","Alfalfa sprouts","Türkiye","TR",0.0118,0.06,"01709.90"
"A.02.05.022","Alfalfa sprouts","Ukraine","UA",0.0264,0.06,"01709.90"
"A.02.05.022","Alfalfa sprouts","United States of America","US",0.145,0.06,"01709.90"
"A.02.06.001","Beans (with pods) and similar-","Argentina","AR",0.3535,0.06,"01701"
"A.02.06.001","Beans (with pods) and similar-","Canada","CA",0.1892,0.06,"01701"
"A.02.06.001","Beans (with pods) and similar-","China, mainland","CN",0.0266,0.06,"01701"
"A.02.06.001","Beans (with pods) and similar-","Egypt","EG",0.0126,0.06,"01701"
"A.02.06.001","Beans (with pods) and similar-","Ethiopia","ET",0.0728,0.06,"01701"
"A.02.06.001","Beans (with pods) and similar-","India","IN",0.032,0.06,"01701"
"A.02.06.001","Beans (with pods) and similar-","Madagascar","MG",0.0471,0.06,"01701"
"A.02.06.001","Beans (with pods) and similar-","Myanmar","MM",0.0705,0.06,"01701"
"A.02.06.001","Beans (with pods) and similar-","Turkmenistan","TM",0.0125,0.06,"01701"
"A.02.06.001","Beans (with pods) and similar-","Türkiye","TR",0.0118,0.06,"01701"
"A.02.06.001","Beans (with pods) and similar-","Ukraine","UA",0.0264,0.06,"01701"
"A.02.06.001","Beans (with pods) and similar-","United States of America","US",0.145,0.06,"01701"
"A.02.06.002","Peas (with pods) and similar-","France","FR",0.9662,0.06,"01705"
"A.02.06.002","Peas (with pods) and similar-","Russian Federation","RU",0.0179,0.06,"01705"
"A.02.06.002","Peas (with pods) and similar-","Sweden","SE",0.0159,0.06,"01705"
"A.02.07.001","Asparagus","Germany","DE",0.0202,0.07,"01211"
"A.02.07.001","Asparagus","Spain","ES",0.1584,0.07,"01211"
"A.02.07.001","Asparagus","France","FR",0.7181,0.07,"01211"
"A.02.07.001","Asparagus","Italy","IT",0.0116,0.07,"01211"
"A.02.07.001","Asparagus","Mexico","MX",0.0241,0.07,"01211"
"A.02.07.001","Asparagus","Netherlands (Kingdom of the)","NL",0.0105,0.07,"01211"
"A.02.07.001","Asparagus","Peru","PE",0.0572,0.07,"01211"
"A.02.07.002","Cardoons","Argentina","AR",0.0608,0.06,"01445"
"A.02.07.002","Cardoons","Bulgaria","BG",0.0168,0.06,"01445"
"A.02.07.002","Cardoons","Spain","ES",0.012,0.06,"01445"
"A.02.07.002","Cardoons","France","FR",0.6357,0.06,"01445"
"A.02.07.002","Cardoons","Hungary","HU",0.0104,0.06,"01445"
"A.02.07.002","Cardoons","Republic of Moldova","MD",0.0102,0.06,"01445"
"A.02.07.002","Cardoons","Romania","RO",0.0569,0.06,"01445"
"A.02.07.002","Cardoons","Russian Federation","RU",0.0585,0.06,"01445"
"A.02.07.002","Cardoons","Ukraine","UA",0.1387,0.06,"01445"
"A.02.07.003","Celeries","Belgium","BE",0.0436,0.07,"01251"
"A.02.07.003","Celeries","Spain","ES",0.0339,0.07,"01251"
"A.02.07.003","Celeries","France","FR",0.861,0.07,"01251"
"A.02.07.003","Celeries","Netherlands (Kingdom of the)","NL",0.0616,0.07,"01251"
"A.02.07.004","Florence fennels","Belgium","BE",0.0436,0.07,"01251"
"A.02.07.004","Florence fennels","Spain","ES",0.0339,0.07,"01251"
"A.02.07.004","Florence fennels","France","FR",0.861,0.07,"01251"
"A.02.07.004","Florence fennels","Netherlands (Kingdom of the)","NL",0.0616,0.07,"01251"
"A.02.07.005","Globe artichokes","Spain","ES",0.3353,0.07,"01216"
"A.02.07.005","Globe artichokes","France","FR",0.6094,0.07,"01216"
"A.02.07.005","Globe artichokes","Italy","IT",0.0553,0.07,"01216"
"A.02.07.006","Leeks","Belgium","BE",0.0627,0.07,"01254"
"A.02.07.006","Leeks","France","FR",0.9373,0.07,"01254"
"A.02.07.007","Rhubarbs","Germany","DE",0.0201,0.045,"01801"
"A.02.07.007","Rhubarbs","France","FR",0.9799,0.045,"01801"
"A.02.07.008","Bamboo shoots","China, mainland","CN",0.0671,0.07,"01359.90"
"A.02.07.008","Bamboo shoots","Colombia","CO",0.034,0.07,"01359.90"
"A.02.07.008","Bamboo shoots","Costa Rica","CR",0.0853,0.07,"01359.90"
"A.02.07.008","Bamboo shoots","Ecuador","EC",0.0757,0.07,"01359.90"
"A.02.07.008","Bamboo shoots","Egypt","EG",0.1216,0.07,"01359.90"
"A.02.07.008","Bamboo shoots","Guatemala","GT",0.0169,0.07,"01359.90"
"A.02.07.008","Bamboo shoots","India","IN",0.0688,0.07,"01359.90"
"A.02.07.008","Bamboo shoots","Morocco","MA",0.0869,0.07,"01359.90"
"A.02.07.008","Bamboo shoots","Madagascar","MG",0.0213,0.07,"01359.90"
"A.02.07.008","Bamboo shoots","Mexico","MX",0.0413,0.07,"01359.90"
"A.02.07.008","Bamboo shoots","Peru","PE",0.0645,0.07,"01359.90"
"A.02.07.008","Bamboo shoots","Philippines","PH",0.0166,0.07,"01359.90"
"A.02.07.008","Bamboo shoots","Serbia","RS",0.0528,0.07,"01359.90"
"A.02.07.008","Bamboo shoots","Thailand","TH",0.0394,0.07,"01359.90"
"A.02.07.008","Bamboo shoots","Türkiye","TR",0.1343,0.07,"01359.90"
"A.02.07.008","Bamboo shoots","Viet Nam","VN",0.0565,0.07,"01359.90"
"A.02.07.008","Bamboo shoots","South Africa","ZA",0.0169,0.07,"01359.90"
"A.02.07.009","Palm hearts","China, mainland","CN",0.0671,0.07,"01359.90"
"A.02.07.009","Palm hearts","Colombia","CO",0.034,0.07,"01359.90"
"A.02.07.009","Palm hearts","Costa Rica","CR",0.0853,0.07,"01359.90"
"A.02.07.009","Palm hearts","Ecuador","EC",0.0757,0.07,"01359.90"
"A.02.07.009","Palm hearts","Egypt","EG",0.1216,0.07,"01359.90"
"A.02.07.009","Palm hearts","Guatemala","GT",0.0169,0.07,"01359.90"
"A.02.07.009","Palm hearts","India","IN",0.0688,0.07,"01359.90"
"A.02.07.009","Palm hearts","Morocco","MA",0.0869,0.07,"01359.90"
"A.02.07.009","Palm hearts","Madagascar","MG",0.0213,0.07,"01359.90"
"A.02.07.009","Palm hearts","Mexico","MX",0.0413,0.07,"01359.90"
"A.02.07.009","Palm hearts","Peru","PE",0.0645,0.07,"01359.90"
"A.02.07.009","Palm hearts","Philippines","PH",0.0166,0.07,"01359.90"
"A.02.07.009","Palm hearts","Serbia","RS",0.0528,0.07,"01359.90"
"A.02.07.009","Palm hearts","Thailand","TH",0.0394,0.07,"01359.90"
"A.02.07.009","Palm hearts","Türkiye","TR",0.1343,0.07,"01359.90"
"A.02.07.009","Palm hearts","Viet Nam","VN",0.0565,0.07,"01359.90"
"A.02.07.009","Palm hearts","South Africa","ZA",0.0169,0.07,"01359.90"
"A.02.08.001","Sugar beet (root) (Beta vulgaris)","Germany","DE",0.0201,0.045,"01801"
"A.02.08.001","Sugar beet (root) (Beta vulgaris)","France","FR",0.9799,0.045,"01801"
"A.02.08.002","Sugar cane (Saccharum officinarum)","Germany","DE",0.0201,0.045,"01802"
"A.02.08.002","Sugar cane (Saccharum officinarum)","France","FR",0.9799,0.045,"01802"
"A.02.08.003","Chicory roots","Bolivia (Plurinational State of)","BO",0.0693,0.24,"01599.10"
"A.02.08.003","Chicory roots","Congo","CG",0.0155,0.24,"01599.10"
"A.02.08.003","Chicory roots","Côte d'Ivoire","CI",0.2366,0.24,"01599.10"
"A.02.08.003","Chicory roots","Cameroon","CM",0.1833,0.24,"01599.10"
"A.02.08.003","Chicory roots","China, mainland","CN",0.0909,0.24,"01599.10"
"A.02.08.003","Chicory roots","Costa Rica","CR",0.0161,0.24,"01599.10"
"A.02.08.003","Chicory roots","Dominica","DM",0.028,0.24,"01599.10"
"A.02.08.003","Chicory roots","Ghana","GH",0.0512,0.24,"01599.10"
"A.02.08.003","Chicory roots","Honduras","HN",0.0454,0.24,"01599.10"
"A.02.08.003","Chicory roots","Peru","PE",0.0418,0.24,"01599.10"
"A.02.08.003","Chicory roots","Togo","TG",0.1271,0.24,"01599.10"
"A.02.08.003","Chicory roots","Thailand","TH",0.0948,0.24,"01599.10"
"A.02.09.001","Carrageen mosses","China, mainland","CN",0.0216,0.07,"01699"
"A.02.09.001","Carrageen mosses","Indonesia","ID",0.0193,0.07,"01699"
"A.02.09.001","Carrageen mosses","India","IN",0.7321,0.07,"01699"
"A.02.09.001","Carrageen mosses","Madagascar","MG",0.0205,0.07,"01699"
"A.02.09.001","Carrageen mosses","Peru","PE",0.0298,0.07,"01699"
"A.02.09.001","Carrageen mosses","Pakistan","PK",0.0484,0.07,"01699"
"A.02.09.001","Carrageen mosses","Syrian Arab Republic","SY",0.0292,0.07,"01699"
"A.02.09.001","Carrageen mosses","Türkiye","TR",0.0991,0.07,"01699"
"A.02.09.001.001","Kombu","China, mainland","CN",0.0216,0.07,"01699"
"A.02.09.001.001","Kombu","Indonesia","ID",0.0193,0.07,"01699"
"A.02.09.001.001","Kombu","India","IN",0.7321,0.07,"01699"
"A.02.09.001.001","Kombu","Madagascar","MG",0.0205,0.07,"01699"
"A.02.09.001.001","Kombu","Peru","PE",0.0298,0.07,"01699"
"A.02.09.001.001","Kombu","Pakistan","PK",0.0484,0.07,"01699"
"A.02.09.001.001","Kombu","Syrian Arab Republic","SY",0.0292,0.07,"01699"
"A.02.09.001.001","Kombu","Türkiye","TR",0.0991,0.07,"01699"
"A.02.09.001.002","Laver","China, mainland","CN",0.0216,0.07,"01699"
"A.02.09.001.002","Laver","Indonesia","ID",0.0193,0.07,"01699"
"A.02.09.001.002","Laver","India","IN",0.7321,0.07,"01699"
"A.02.09.001.002","Laver","Madagascar","MG",0.0205,0.07,"01699"
"A.02.09.001.002","Laver","Peru","PE",0.0298,0.07,"01699"
"A.02.09.001.002","Laver","Pakistan","PK",0.0484,0.07,"01699"
"A.02.09.001.002","Laver","Syrian Arab Republic","SY",0.0292,0.07,"01699"
"A.02.09.001.002","Laver","Türkiye","TR",0.0991,0.07,"01699"
"A.02.09.001.003","Wakame","China, mainland","CN",0.0216,0.07,"01699"
"A.02.09.001.003","Wakame","Indonesia","ID",0.0193,0.07,"01699"
"A.02.09.001.003","Wakame","India","IN",0.7321,0.07,"01699"
"A.02.09.001.003","Wakame","Madagascar","MG",0.0205,0.07,"01699"
"A.02.09.001.003","Wakame","Peru","PE",0.0298,0.07,"01699"
"A.02.09.001.003","Wakame","Pakistan","PK",0.0484,0.07,"01699"
"A.02.09.001.003","Wakame","Syrian Arab Republic","SY",0.0292,0.07,"01699"
"A.02.09.001.003","Wakame","Türkiye","TR",0.0991,0.07,"01699"
"A.02.10.001","Teas  and similar-","China, mainland","CN",0.0216,0.07,"01699"
"A.02.10.001","Teas  and similar-","Indonesia","ID",0.0193,0.07,"01699"
"A.02.10.001","Teas  and similar-","India","IN",0.7321,0.07,"01699"
"A.02.10.001","Teas  and similar-","Madagascar","MG",0.0205,0.07,"01699"
"A.02.10.001","Teas  and similar-","Peru","PE",0.0298,0.07,"01699"
"A.02.10.001","Teas  and similar-","Pakistan","PK",0.0484,0.07,"01699"
"A.02.10.001","Teas  and similar-","Syrian Arab Republic","SY",0.0292,0.07,"01699"
"A.02.10.001","Teas  and similar-","Türkiye","TR",0.0991,0.07,"01699"
"A.02.10.002","Tea (dried leaves and stalks, fermented or otherwise of Camellia sinensis), decaffeinated","Argentina","AR",0.0496,0.07,"01620"
"A.02.10.002","Tea (dried leaves and stalks, fermented or otherwise of Camellia sinensis), decaffeinated","China, mainland","CN",0.3565,0.07,"01620"
"A.02.10.002","Tea (dried leaves and stalks, fermented or otherwise of Camellia sinensis), decaffeinated","Indonesia","ID",0.0292,0.07,"01620"
"A.02.10.002","Tea (dried leaves and stalks, fermented or otherwise of Camellia sinensis), decaffeinated","India","IN",0.1678,0.07,"01620"
"A.02.10.002","Tea (dried leaves and stalks, fermented or otherwise of Camellia sinensis), decaffeinated","Japan","JP",0.0131,0.07,"01620"
"A.02.10.002","Tea (dried leaves and stalks, fermented or otherwise of Camellia sinensis), decaffeinated","Kenya","KE",0.1646,0.07,"01620"
"A.02.10.002","Tea (dried leaves and stalks, fermented or otherwise of Camellia sinensis), decaffeinated","Sri Lanka","LK",0.1505,0.07,"01620"
"A.02.10.002","Tea (dried leaves and stalks, fermented or otherwise of Camellia sinensis), decaffeinated","Malawi","MW",0.0385,0.07,"01620"
"A.02.10.002","Tea (dried leaves and stalks, fermented or otherwise of Camellia sinensis), decaffeinated","Türkiye","TR",0.0302,0.07,"01620"
"A.02.10.004","Mints","China, mainland","CN",0.0216,0.07,"01699"
"A.02.10.004","Mints","Indonesia","ID",0.0193,0.07,"01699"
"A.02.10.004","Mints","India","IN",0.7321,0.07,"01699"
"A.02.10.004","Mints","Madagascar","MG",0.0205,0.07,"01699"
"A.02.10.004","Mints","Peru","PE",0.0298,0.07,"01699"
"A.02.10.004","Mints","Pakistan","PK",0.0484,0.07,"01699"
"A.02.10.004","Mints","Syrian Arab Republic","SY",0.0292,0.07,"01699"
"A.02.10.004","Mints","Türkiye","TR",0.0991,0.07,"01699"
"A.02.10.009","Strawberry infusion leaves","China, mainland","CN",0.0216,0.07,"01699"
"A.02.10.009","Strawberry infusion leaves","Indonesia","ID",0.0193,0.07,"01699"
"A.02.10.009","Strawberry infusion leaves","India","IN",0.7321,0.07,"01699"
"A.02.10.009","Strawberry infusion leaves","Madagascar","MG",0.0205,0.07,"01699"
"A.02.10.009","Strawberry infusion leaves","Peru","PE",0.0298,0.07,"01699"
"A.02.10.009","Strawberry infusion leaves","Pakistan","PK",0.0484,0.07,"01699"
"A.02.10.009","Strawberry infusion leaves","Syrian Arab Republic","SY",0.0292,0.07,"01699"
"A.02.10.009","Strawberry infusion leaves","Türkiye","TR",0.0991,0.07,"01699"
"A.02.10.011","Maté (Ilex paraguariensis)","Argentina","AR",0.4575,0.07,"01630"
"A.02.10.011","Maté (Ilex paraguariensis)","Brazil","BR",0.5134,0.07,"01630"
"A.02.10.011","Maté (Ilex paraguariensis)","Paraguay","PY",0.0291,0.07,"01630"
"A.02.10.013","Ginseng infusion roots","China, mainland","CN",0.0216,0.07,"01699"
"A.02.10.013","Ginseng infusion roots","Indonesia","ID",0.0193,0.07,"01699"
"A.02.10.013","Ginseng infusion roots","India","IN",0.7321,0.07,"01699"
"A.02.10.013","Ginseng infusion roots","Madagascar","MG",0.0205,0.07,"01699"
"A.02.10.013","Ginseng infusion roots","Peru","PE",0.0298,0.07,"01699"
"A.02.10.013","Ginseng infusion roots","Pakistan","PK",0.0484,0.07,"01699"
"A.02.10.013","Ginseng infusion roots","Syrian Arab Republic","SY",0.0292,0.07,"01699"
"A.02.10.013","Ginseng infusion roots","Türkiye","TR",0.0991,0.07,"01699"
"A.02.11.001","Cocoa beans (fermented beans) (Theobroma cacao)","Côte d'Ivoire","CI",0.5518,0.07,"01640"
"A.02.11.001","Cocoa beans (fermented beans) (Theobroma cacao)","Cameroon","CM",0.1208,0.07,"01640"
"A.02.11.001","Cocoa beans (fermented beans) (Theobroma cacao)","Dominican Republic","DO",0.0113,0.07,"01640"
"A.02.11.001","Cocoa beans (fermented beans) (Theobroma cacao)","Ecuador","EC",0.0358,0.07,"01640"
"A.02.11.001","Cocoa beans (fermented beans) (Theobroma cacao)","Ghana","GH",0.2168,0.07,"01640"
"A.02.11.001","Cocoa beans (fermented beans) (Theobroma cacao)","Nigeria","NG",0.0517,0.07,"01640"
"A.02.11.001","Cocoa beans (fermented beans) (Theobroma cacao)","Peru","PE",0.0117,0.07,"01640"
"A.02.12.001","Coffee beans, green","Brazil","BR",0.3847,0.07,"01610"
"A.02.12.001","Coffee beans, green","Colombia","CO",0.0492,0.07,"01610"
"A.02.12.001","Coffee beans, green","Ethiopia","ET",0.047,0.07,"01610"
"A.02.12.001","Coffee beans, green","Guatemala","GT",0.0201,0.07,"01610"
"A.02.12.001","Coffee beans, green","Honduras","HN",0.0692,0.07,"01610"
"A.02.12.001","Coffee beans, green","Indonesia","ID",0.0334,0.07,"01610"
"A.02.12.001","Coffee beans, green","India","IN",0.0359,0.07,"01610"
"A.02.12.001","Coffee beans, green","Mexico","MX",0.0152,0.07,"01610"
"A.02.12.001","Coffee beans, green","Nicaragua","NI",0.021,0.07,"01610"
"A.02.12.001","Coffee beans, green","Peru","PE",0.0493,0.07,"01610"
"A.02.12.001","Coffee beans, green","Uganda","UG",0.0479,0.07,"01610"
"A.02.12.001","Coffee beans, green","Viet Nam","VN",0.2272,0.07,"01610"
"A.02.14.012","Hops (dried), including hop pellets and unconcentrated powder (Humulus lupulus)","Rest of World","RoW",1,0,"MI-01"
"A.02.15.001","Cultivated mushroom (syn. Button mushroom) (Agaricus bisporus)","Rest of World","RoW",1,0,"MI-51"
"A.02.15.002","Oyster mushroom (Pleurotus ostreatus)","China, mainland","CN",0.0141,0.07,"01270"
"A.02.15.002","Oyster mushroom (Pleurotus ostreatus)","Spain","ES",0.1118,0.07,"01270"
"A.02.15.002","Oyster mushroom (Pleurotus ostreatus)","France","FR",0.5108,0.07,"01270"
"A.02.15.002","Oyster mushroom (Pleurotus ostreatus)","Netherlands (Kingdom of the)","NL",0.1715,0.07,"01270"
"A.02.15.002","Oyster mushroom (Pleurotus ostreatus)","Poland","PL",0.1917,0.07,"01270"
"A.02.15.003","Shiitake","China, mainland","CN",0.0141,0.07,"01270"
"A.02.15.003","Shiitake","Spain","ES",0.1118,0.07,"01270"
"A.02.15.003","Shiitake","France","FR",0.5108,0.07,"01270"
"A.02.15.003","Shiitake","Netherlands (Kingdom of the)","NL",0.1715,0.07,"01270"
"A.02.15.003","Shiitake","Poland","PL",0.1917,0.07,"01270"
"A.02.16.002","Honey mushroom (Armillaria mellea)","Rest of World","RoW",1,0,"MI-52"
"A.02.16.003","Boletus (Boletus (and other) spp.)","Rest of World","RoW",1,0,"MI-53"
"A.02.16.004","Truffle (Tuber spp.)","Rest of World","RoW",1,0,"MI-54"
"A.02.16.005","Morel (Morchella esculanta)","Rest of World","RoW",1,0,"MI-55"
"A.02.16.006","Cantharelle (Cantharellus cibarius)","Rest of World","RoW",1,0,"MI-56"
"A.02.16.007","Orange agaric (Lactarius deliciosus)","Rest of World","RoW",1,0,"MI-57"
"A.03.01.001","New potatoes","Belgium","BE",0.0351,0.24,"01510"
"A.03.01.001","New potatoes","Germany","DE",0.0226,0.24,"01510"
"A.03.01.001","New potatoes","France","FR",0.9057,0.24,"01510"
"A.03.01.001","New potatoes","Netherlands (Kingdom of the)","NL",0.0366,0.24,"01510"
"A.03.01.002","Main-crop potatoes","Belgium","BE",0.0351,0.24,"01510"
"A.03.01.002","Main-crop potatoes","Germany","DE",0.0226,0.24,"01510"
"A.03.01.002","Main-crop potatoes","France","FR",0.9057,0.24,"01510"
"A.03.01.002","Main-crop potatoes","Netherlands (Kingdom of the)","NL",0.0366,0.24,"01510"
"A.03.02.001","Sweet potatoes","China, mainland","CN",0.0612,0.24,"01530"
"A.03.02.001","Sweet potatoes","Egypt","EG",0.4308,0.24,"01530"
"A.03.02.001","Sweet potatoes","Guatemala","GT",0.0123,0.24,"01530"
"A.03.02.001","Sweet potatoes","Honduras","HN",0.0187,0.24,"01530"
"A.03.02.001","Sweet potatoes","Morocco","MA",0.0804,0.24,"01530"
"A.03.02.001","Sweet potatoes","United States of America","US",0.3734,0.24,"01530"
"A.03.02.001","Sweet potatoes","South Africa","ZA",0.0231,0.24,"01530"
"A.03.02.002","Cassava roots","Bolivia (Plurinational State of)","BO",0.0693,0.24,"01599.10"
"A.03.02.002","Cassava roots","Congo","CG",0.0155,0.24,"01599.10"
"A.03.02.002","Cassava roots","Côte d'Ivoire","CI",0.2366,0.24,"01599.10"
"A.03.02.002","Cassava roots","Cameroon","CM",0.1833,0.24,"01599.10"
"A.03.02.002","Cassava roots","China, mainland","CN",0.0909,0.24,"01599.10"
"A.03.02.002","Cassava roots","Costa Rica","CR",0.0161,0.24,"01599.10"
"A.03.02.002","Cassava roots","Dominica","DM",0.028,0.24,"01599.10"
"A.03.02.002","Cassava roots","Ghana","GH",0.0512,0.24,"01599.10"
"A.03.02.002","Cassava roots","Honduras","HN",0.0454,0.24,"01599.10"
"A.03.02.002","Cassava roots","Peru","PE",0.0418,0.24,"01599.10"
"A.03.02.002","Cassava roots","Togo","TG",0.1271,0.24,"01599.10"
"A.03.02.002","Cassava roots","Thailand","TH",0.0948,0.24,"01599.10"
"A.03.02.004","Yams","Bolivia (Plurinational State of)","BO",0.0693,0.24,"01599.10"
"A.03.02.004","Yams","Congo","CG",0.0155,0.24,"01599.10"
"A.03.02.004","Yams","Côte d'Ivoire","CI",0.2366,0.24,"01599.10"
"A.03.02.004","Yams","Cameroon","CM",0.1833,0.24,"01599.10"
"A.03.02.004","Yams","China, mainland","CN",0.0909,0.24,"01599.10"
"A.03.02.004","Yams","Costa Rica","CR",0.0161,0.24,"01599.10"
"A.03.02.004","Yams","Dominica","DM",0.028,0.24,"01599.10"
"A.03.02.004","Yams","Ghana","GH",0.0512,0.24,"01599.10"
"A.03.02.004","Yams","Honduras","HN",0.0454,0.24,"01599.10"
"A.03.02.004","Yams","Peru","PE",0.0418,0.24,"01599.10"
"A.03.02.004","Yams","Togo","TG",0.1271,0.24,"01599.10"
"A.03.02.004","Yams","Thailand","TH",0.0948,0.24,"01599.10"
"A.03.02.005","Jerusalem artichokes","Bolivia (Plurinational State of)","BO",0.0693,0.24,"01599.10"
"A.03.02.005","Jerusalem artichokes","Congo","CG",0.0155,0.24,"01599.10"
"A.03.02.005","Jerusalem artichokes","Côte d'Ivoire","CI",0.2366,0.24,"01599.10"
"A.03.02.005","Jerusalem artichokes","Cameroon","CM",0.1833,0.24,"01599.10"
"A.03.02.005","Jerusalem artichokes","China, mainland","CN",0.0909,0.24,"01599.10"
"A.03.02.005","Jerusalem artichokes","Costa Rica","CR",0.0161,0.24,"01599.10"
"A.03.02.005","Jerusalem artichokes","Dominica","DM",0.028,0.24,"01599.10"
"A.03.02.005","Jerusalem artichokes","Ghana","GH",0.0512,0.24,"01599.10"
"A.03.02.005","Jerusalem artichokes","Honduras","HN",0.0454,0.24,"01599.10"
"A.03.02.005","Jerusalem artichokes","Peru","PE",0.0418,0.24,"01599.10"
"A.03.02.005","Jerusalem artichokes","Togo","TG",0.1271,0.24,"01599.10"
"A.03.02.005","Jerusalem artichokes","Thailand","TH",0.0948,0.24,"01599.10"
"A.04.01.001","Beans (fresh seeds without pods) and similar-","Argentina","AR",0.3535,0.06,"01701"
"A.04.01.001","Beans (fresh seeds without pods) and similar-","Canada","CA",0.1892,0.06,"01701"
"A.04.01.001","Beans (fresh seeds without pods) and similar-","China, mainland","CN",0.0266,0.06,"01701"
"A.04.01.001","Beans (fresh seeds without pods) and similar-","Egypt","EG",0.0126,0.06,"01701"
"A.04.01.001","Beans (fresh seeds without pods) and similar-","Ethiopia","ET",0.0728,0.06,"01701"
"A.04.01.001","Beans (fresh seeds without pods) and similar-","India","IN",0.032,0.06,"01701"
"A.04.01.001","Beans (fresh seeds without pods) and similar-","Madagascar","MG",0.0471,0.06,"01701"
"A.04.01.001","Beans (fresh seeds without pods) and similar-","Myanmar","MM",0.0705,0.06,"01701"
"A.04.01.001","Beans (fresh seeds without pods) and similar-","Turkmenistan","TM",0.0125,0.06,"01701"
"A.04.01.001","Beans (fresh seeds without pods) and similar-","Türkiye","TR",0.0118,0.06,"01701"
"A.04.01.001","Beans (fresh seeds without pods) and similar-","Ukraine","UA",0.0264,0.06,"01701"
"A.04.01.001","Beans (fresh seeds without pods) and similar-","United States of America","US",0.145,0.06,"01701"
"A.04.01.002","Peas (without pods) and similar-","France","FR",1,0.07,"01242"
"A.04.02.001","Beans (dry) and similar-","Argentina","AR",0.3535,0.06,"01701"
"A.04.02.001","Beans (dry) and similar-","Canada","CA",0.1892,0.06,"01701"
"A.04.02.001","Beans (dry) and similar-","China, mainland","CN",0.0266,0.06,"01701"
"A.04.02.001","Beans (dry) and similar-","Egypt","EG",0.0126,0.06,"01701"
"A.04.02.001","Beans (dry) and similar-","Ethiopia","ET",0.0728,0.06,"01701"
"A.04.02.001","Beans (dry) and similar-","India","IN",0.032,0.06,"01701"
"A.04.02.001","Beans (dry) and similar-","Madagascar","MG",0.0471,0.06,"01701"
"A.04.02.001","Beans (dry) and similar-","Myanmar","MM",0.0705,0.06,"01701"
"A.04.02.001","Beans (dry) and similar-","Turkmenistan","TM",0.0125,0.06,"01701"
"A.04.02.001","Beans (dry) and similar-","Türkiye","TR",0.0118,0.06,"01701"
"A.04.02.001","Beans (dry) and similar-","Ukraine","UA",0.0264,0.06,"01701"
"A.04.02.001","Beans (dry) and similar-","United States of America","US",0.145,0.06,"01701"
"A.04.02.002","Lentils (dry) and similar-","Australia","AU",0.0125,0.06,"01704"
"A.04.02.002","Lentils (dry) and similar-","Canada","CA",0.7513,0.06,"01704"
"A.04.02.002","Lentils (dry) and similar-","China, mainland","CN",0.0751,0.06,"01704"
"A.04.02.002","Lentils (dry) and similar-","Kazakhstan","KZ",0.0149,0.06,"01704"
"A.04.02.002","Lentils (dry) and similar-","Russian Federation","RU",0.0156,0.06,"01704"
"A.04.02.002","Lentils (dry) and similar-","Türkiye","TR",0.0595,0.06,"01704"
"A.04.02.002","Lentils (dry) and similar-","United States of America","US",0.0711,0.06,"01704"
"A.04.02.003","Peas (dry) and similar-","France","FR",0.9662,0.06,"01705"
"A.04.02.003","Peas (dry) and similar-","Russian Federation","RU",0.0179,0.06,"01705"
"A.04.02.003","Peas (dry) and similar-","Sweden","SE",0.0159,0.06,"01705"
"A.04.02.004","Lupins (Lupinus spp.)","France","FR",0.8371,0.06,"01709.02"
"A.04.02.004","Lupins (Lupinus spp.)","United Kingdom of Great Britain and Northern Ireland","GB",0.1629,0.06,"01709.02"
"A.04.02.005","Chickpeas (dry)","Argentina","AR",0.0423,0.06,"01703"
"A.04.02.005","Chickpeas (dry)","Australia","AU",0.0547,0.06,"01703"
"A.04.02.005","Chickpeas (dry)","Canada","CA",0.2313,0.06,"01703"
"A.04.02.005","Chickpeas (dry)","India","IN",0.0764,0.06,"01703"
"A.04.02.005","Chickpeas (dry)","Kazakhstan","KZ",0.0149,0.06,"01703"
"A.04.02.005","Chickpeas (dry)","Mexico","MX",0.1555,0.06,"01703"
"A.04.02.005","Chickpeas (dry)","Russian Federation","RU",0.2105,0.06,"01703"
"A.04.02.005","Chickpeas (dry)","Türkiye","TR",0.122,0.06,"01703"
"A.04.02.005","Chickpeas (dry)","United States of America","US",0.0924,0.06,"01703"
"A.04.02.007","Broad beans (dry)","France","FR",0.8371,0.06,"01702"
"A.04.02.007","Broad beans (dry)","United Kingdom of Great Britain and Northern Ireland","GB",0.1629,0.06,"01702"
"A.04.02.008","Lima beans (dry)","Argentina","AR",0.3535,0.06,"01701"
"A.04.02.008","Lima beans (dry)","Canada","CA",0.1892,0.06,"01701"
"A.04.02.008","Lima beans (dry)","China, mainland","CN",0.0266,0.06,"01701"
"A.04.02.008","Lima beans (dry)","Egypt","EG",0.0126,0.06,"01701"
"A.04.02.008","Lima beans (dry)","Ethiopia","ET",0.0728,0.06,"01701"
"A.04.02.008","Lima beans (dry)","India","IN",0.032,0.06,"01701"
"A.04.02.008","Lima beans (dry)","Madagascar","MG",0.0471,0.06,"01701"
"A.04.02.008","Lima beans (dry)","Myanmar","MM",0.0705,0.06,"01701"
"A.04.02.008","Lima beans (dry)","Turkmenistan","TM",0.0125,0.06,"01701"
"A.04.02.008","Lima beans (dry)","Türkiye","TR",0.0118,0.06,"01701"
"A.04.02.008","Lima beans (dry)","Ukraine","UA",0.0264,0.06,"01701"
"A.04.02.008","Lima beans (dry)","United States of America","US",0.145,0.06,"01701"
"A.04.02.009","Mung beans (dry)","Argentina","AR",0.3535,0.06,"01701"
"A.04.02.009","Mung beans (dry)","Canada","CA",0.1892,0.06,"01701"
"A.04.02.009","Mung beans (dry)","China, mainland","CN",0.0266,0.06,"01701"
"A.04.02.009","Mung beans (dry)","Egypt","EG",0.0126,0.06,"01701"
"A.04.02.009","Mung beans (dry)","Ethiopia","ET",0.0728,0.06,"01701"
"A.04.02.009","Mung beans (dry)","India","IN",0.032,0.06,"01701"
"A.04.02.009","Mung beans (dry)","Madagascar","MG",0.0471,0.06,"01701"
"A.04.02.009","Mung beans (dry)","Myanmar","MM",0.0705,0.06,"01701"
"A.04.02.009","Mung beans (dry)","Turkmenistan","TM",0.0125,0.06,"01701"
"A.04.02.009","Mung beans (dry)","Türkiye","TR",0.0118,0.06,"01701"
"A.04.02.009","Mung beans (dry)","Ukraine","UA",0.0264,0.06,"01701"
"A.04.02.009","Mung beans (dry)","United States of America","US",0.145,0.06,"01701"
"A.04.02.011","Black eyed peas (dry)","France","FR",0.9662,0.06,"01705"
"A.04.02.011","Black eyed peas (dry)","Russian Federation","RU",0.0179,0.06,"01705"
"A.04.02.011","Black eyed peas (dry)","Sweden","SE",0.0159,0.06,"01705"
"A.04.02.012","Soyabeans for oil","Argentina","AR",0.0596,0.06,"0141"
"A.04.02.012","Soyabeans for oil","Brazil","BR",0.6558,0.06,"0141"
"A.04.02.012","Soyabeans for oil","Canada","CA",0.0115,0.06,"0141"
"A.04.02.012","Soyabeans for oil","France","FR",0.1111,0.06,"0141"
"A.04.02.012","Soyabeans for oil","Nigeria","NG",0.037,0.06,"0141"
"A.04.02.012","Soyabeans for oil","Paraguay","PY",0.0125,0.06,"0141"
"A.04.02.012","Soyabeans for oil","Togo","TG",0.0107,0.06,"0141"
"A.04.02.012","Soyabeans for oil","Ukraine","UA",0.0239,0.06,"0141"
"A.04.02.012","Soyabeans for oil","United States of America","US",0.0779,0.06,"0141"
"A.04.02.014","Carobs","Argentina","AR",0.3535,0.06,"01709.90"
"A.04.02.014","Carobs","Canada","CA",0.1892,0.06,"01709.90"
"A.04.02.014","Carobs","China, mainland","CN",0.0266,0.06,"01709.90"
"A.04.02.014","Carobs","Egypt","EG",0.0126,0.06,"01709.90"
"A.04.02.014","Carobs","Ethiopia","ET",0.0728,0.06,"01709.90"
"A.04.02.014","Carobs","India","IN",0.032,0.06,"01709.90"
"A.04.02.014","Carobs","Madagascar","MG",0.0471,0.06,"01709.90"
"A.04.02.014","Carobs","Myanmar","MM",0.0705,0.06,"01709.90"
"A.04.02.014","Carobs","Turkmenistan","TM",0.0125,0.06,"01709.90"
"A.04.02.014","Carobs","Türkiye","TR",0.0118,0.06,"01709.90"
"A.04.02.014","Carobs","Ukraine","UA",0.0264,0.06,"01709.90"
"A.04.02.014","Carobs","United States of America","US",0.145,0.06,"01709.90"
"A.04.02.020","Yams","Bolivia (Plurinational State of)","BO",0.0693,0.24,"01599.10"
"A.04.02.020","Yams","Congo","CG",0.0155,0.24,"01599.10"
"A.04.02.020","Yams","Côte d'Ivoire","CI",0.2366,0.24,"01599.10"
"A.04.02.020","Yams","Cameroon","CM",0.1833,0.24,"01599.10"
"A.04.02.020","Yams","China, mainland","CN",0.0909,0.24,"01599.10"
"A.04.02.020","Yams","Costa Rica","CR",0.0161,0.24,"01599.10"
"A.04.02.020","Yams","Dominica","DM",0.028,0.24,"01599.10"
"A.04.02.020","Yams","Ghana","GH",0.0512,0.24,"01599.10"
"A.04.02.020","Yams","Honduras","HN",0.0454,0.24,"01599.10"
"A.04.02.020","Yams","Peru","PE",0.0418,0.24,"01599.10"
"A.04.02.020","Yams","Togo","TG",0.1271,0.24,"01599.10"
"A.04.02.020","Yams","Thailand","TH",0.0948,0.24,"01599.10"
"A.04.02.021","Peanuts","Australia","AU",0.0373,0.06,"0142"
"A.04.02.021","Peanuts","Spain","ES",0.3232,0.06,"0142"
"A.04.02.021","Peanuts","France","FR",0.0528,0.06,"0142"
"A.04.02.021","Peanuts","Italy","IT",0.0509,0.06,"0142"
"A.04.02.021","Peanuts","Portugal","PT",0.035,0.06,"0142"
"A.04.02.021","Peanuts","United States of America","US",0.5008,0.06,"0142"
"A.04.03.001","Almonds sweet","Australia","AU",0.0373,0.06,"01371"
"A.04.03.001","Almonds sweet","Spain","ES",0.3232,0.06,"01371"
"A.04.03.001","Almonds sweet","France","FR",0.0528,0.06,"01371"
"A.04.03.001","Almonds sweet","Italy","IT",0.0509,0.06,"01371"
"A.04.03.001","Almonds sweet","Portugal","PT",0.035,0.06,"01371"
"A.04.03.001","Almonds sweet","United States of America","US",0.5008,0.06,"01371"
"A.04.03.002","Bitter almonds","Australia","AU",0.0373,0.06,"01371"
"A.04.03.002","Bitter almonds","Spain","ES",0.3232,0.06,"01371"
"A.04.03.002","Bitter almonds","France","FR",0.0528,0.06,"01371"
"A.04.03.002","Bitter almonds","Italy","IT",0.0509,0.06,"01371"
"A.04.03.002","Bitter almonds","Portugal","PT",0.035,0.06,"01371"
"A.04.03.002","Bitter almonds","United States of America","US",0.5008,0.06,"01371"
"A.04.03.003","Brazil nuts","Australia","AU",0.0373,0.06,"01377"
"A.04.03.003","Brazil nuts","Spain","ES",0.3232,0.06,"01377"
"A.04.03.003","Brazil nuts","France","FR",0.0528,0.06,"01377"
"A.04.03.003","Brazil nuts","Italy","IT",0.0509,0.06,"01377"
"A.04.03.003","Brazil nuts","Portugal","PT",0.035,0.06,"01377"
"A.04.03.003","Brazil nuts","United States of America","US",0.5008,0.06,"01377"
"A.04.03.004","Cashew nuts","Burkina Faso","BF",0.0225,0.06,"01372"
"A.04.03.004","Cashew nuts","Brazil","BR",0.032,0.06,"01372"
"A.04.03.004","Cashew nuts","Côte d'Ivoire","CI",0.527,0.06,"01372"
"A.04.03.004","Cashew nuts","Ghana","GH",0.0506,0.06,"01372"
"A.04.03.004","Cashew nuts","Indonesia","ID",0.0205,0.06,"01372"
"A.04.03.004","Cashew nuts","India","IN",0.0149,0.06,"01372"
"A.04.03.004","Cashew nuts","Mozambique","MZ",0.0208,0.06,"01372"
"A.04.03.004","Cashew nuts","Senegal","SN",0.0157,0.06,"01372"
"A.04.03.004","Cashew nuts","United Republic of Tanzania","TZ",0.0721,0.06,"01372"
"A.04.03.004","Cashew nuts","Viet Nam","VN",0.224,0.06,"01372"
"A.04.03.005","Chestnuts","Albania","AL",0.012,0.06,"01373"
"A.04.03.005","Chestnuts","Chile","CL",0.0159,0.06,"01373"
"A.04.03.005","Chestnuts","Spain","ES",0.1465,0.06,"01373"
"A.04.03.005","Chestnuts","France","FR",0.5785,0.06,"01373"
"A.04.03.005","Chestnuts","Italy","IT",0.1393,0.06,"01373"
"A.04.03.005","Chestnuts","Portugal","PT",0.0772,0.06,"01373"
"A.04.03.005","Chestnuts","Türkiye","TR",0.0306,0.06,"01373"
"A.04.03.006","Coconuts","Côte d'Ivoire","CI",0.0266,0.06,"01460"
"A.04.03.006","Coconuts","Indonesia","ID",0.2442,0.06,"01460"
"A.04.03.006","Coconuts","Sri Lanka","LK",0.028,0.06,"01460"
"A.04.03.006","Coconuts","French Polynesia","PF",0.0804,0.06,"01460"
"A.04.03.006","Coconuts","Philippines","PH",0.6106,0.06,"01460"
"A.04.03.006","Coconuts","Viet Nam","VN",0.0103,0.06,"01460"
"A.04.03.007","Hazelnuts","Azerbaijan","AZ",0.0115,0.06,"01374"
"A.04.03.007","Hazelnuts","France","FR",0.3516,0.06,"01374"
"A.04.03.007","Hazelnuts","Georgia","GE",0.0259,0.06,"01374"
"A.04.03.007","Hazelnuts","Italy","IT",0.0691,0.06,"01374"
"A.04.03.007","Hazelnuts","Türkiye","TR",0.5419,0.06,"01374"
"A.04.03.008","Macadamias","Australia","AU",0.0373,0.06,"01371"
"A.04.03.008","Macadamias","Spain","ES",0.3232,0.06,"01371"
"A.04.03.008","Macadamias","France","FR",0.0528,0.06,"01371"
"A.04.03.008","Macadamias","Italy","IT",0.0509,0.06,"01371"
"A.04.03.008","Macadamias","Portugal","PT",0.035,0.06,"01371"
"A.04.03.008","Macadamias","United States of America","US",0.5008,0.06,"01371"
"A.04.03.009","Pecans","Australia","AU",0.0373,0.06,"01371"
"A.04.03.009","Pecans","Spain","ES",0.3232,0.06,"01371"
"A.04.03.009","Pecans","France","FR",0.0528,0.06,"01371"
"A.04.03.009","Pecans","Italy","IT",0.0509,0.06,"01371"
"A.04.03.009","Pecans","Portugal","PT",0.035,0.06,"01371"
"A.04.03.009","Pecans","United States of America","US",0.5008,0.06,"01371"
"A.04.03.010","Pine nut kernels","Australia","AU",0.0373,0.06,"01371"
"A.04.03.010","Pine nut kernels","Spain","ES",0.3232,0.06,"01371"
"A.04.03.010","Pine nut kernels","France","FR",0.0528,0.06,"01371"
"A.04.03.010","Pine nut kernels","Italy","IT",0.0509,0.06,"01371"
"A.04.03.010","Pine nut kernels","Portugal","PT",0.035,0.06,"01371"
"A.04.03.010","Pine nut kernels","United States of America","US",0.5008,0.06,"01371"
"A.04.03.011","Pistachios","Iran (Islamic Republic of)","IR",0.0375,0.06,"01375"
"A.04.03.011","Pistachios","Türkiye","TR",0.0166,0.06,"01375"
"A.04.03.011","Pistachios","United States of America","US",0.9459,0.06,"01375"
"A.04.03.012","Walnuts","Chile","CL",0.0435,0.06,"01376"
"A.04.03.012","Walnuts","China, mainland","CN",0.0115,0.06,"01376"
"A.04.03.012","Walnuts","France","FR",0.831,0.06,"01376"
"A.04.03.012","Walnuts","Republic of Moldova","MD",0.0189,0.06,"01376"
"A.04.03.012","Walnuts","Ukraine","UA",0.0501,0.06,"01376"
"A.04.03.012","Walnuts","United States of America","US",0.045,0.06,"01376"
"A.04.03.013","Kola nut (Cola spp.)","Côte d'Ivoire","CI",0.8367,0.06,"01379.02"
"A.04.03.013","Kola nut (Cola spp.)","Cameroon","CM",0.0747,0.06,"01379.02"
"A.04.03.013","Kola nut (Cola spp.)","Ghana","GH",0.0226,0.06,"01379.02"
"A.04.03.013","Kola nut (Cola spp.)","Nigeria","NG",0.066,0.06,"01379.02"
"A.04.04.001","Linseeds","Canada","CA",0.0195,0.06,"01441"
"A.04.04.001","Linseeds","France","FR",0.2997,0.06,"01441"
"A.04.04.001","Linseeds","United Kingdom of Great Britain and Northern Ireland","GB",0.0778,0.06,"01441"
"A.04.04.001","Linseeds","Kazakhstan","KZ",0.24,0.06,"01441"
"A.04.04.001","Linseeds","Russian Federation","RU",0.3631,0.06,"01441"
"A.04.04.003","Poppy seeds","RoW","RoW",1,0.06,"01448"
"A.04.04.004","Sesame seeds","Austria","AT",0.0158,0.06,"01449.90"
"A.04.04.004","Sesame seeds","Bangladesh","BD",0.0294,0.06,"01449.90"
"A.04.04.004","Sesame seeds","Brazil","BR",0.0123,0.06,"01449.90"
"A.04.04.004","Sesame seeds","Canada","CA",0.0127,0.06,"01449.90"
"A.04.04.004","Sesame seeds","Côte d'Ivoire","CI",0.0469,0.06,"01449.90"
"A.04.04.004","Sesame seeds","China, mainland","CN",0.212,0.06,"01449.90"
"A.04.04.004","Sesame seeds","Spain","ES",0.0919,0.06,"01449.90"
"A.04.04.004","Sesame seeds","Ethiopia","ET",0.0499,0.06,"01449.90"
"A.04.04.004","Sesame seeds","France","FR",0.3044,0.06,"01449.90"
"A.04.04.004","Sesame seeds","Greece","GR",0.0172,0.06,"01449.90"
"A.04.04.004","Sesame seeds","Hungary","HU",0.0249,0.06,"01449.90"
"A.04.04.004","Sesame seeds","India","IN",0.014,0.06,"01449.90"
"A.04.04.004","Sesame seeds","Kenya","KE",0.0384,0.06,"01449.90"
"A.04.04.004","Sesame seeds","Malaysia","MY",0.0544,0.06,"01449.90"
"A.04.04.004","Sesame seeds","Niger","NE",0.0192,0.06,"01449.90"
"A.04.04.004","Sesame seeds","Peru","PE",0.0111,0.06,"01449.90"
"A.04.04.004","Sesame seeds","Poland","PL",0.0219,0.06,"01449.90"
"A.04.04.004","Sesame seeds","Ukraine","UA",0.0235,0.06,"01449.90"
"A.04.04.005","Sunflower seeds","Argentina","AR",0.0608,0.06,"01445"
"A.04.04.005","Sunflower seeds","Bulgaria","BG",0.0168,0.06,"01445"
"A.04.04.005","Sunflower seeds","Spain","ES",0.012,0.06,"01445"
"A.04.04.005","Sunflower seeds","France","FR",0.6357,0.06,"01445"
"A.04.04.005","Sunflower seeds","Hungary","HU",0.0104,0.06,"01445"
"A.04.04.005","Sunflower seeds","Republic of Moldova","MD",0.0102,0.06,"01445"
"A.04.04.005","Sunflower seeds","Romania","RO",0.0569,0.06,"01445"
"A.04.04.005","Sunflower seeds","Russian Federation","RU",0.0585,0.06,"01445"
"A.04.04.005","Sunflower seeds","Ukraine","UA",0.1387,0.06,"01445"
"A.04.04.006","Rape seed (Brassica napus)","Australia","AU",0.1462,0.06,"01443"
"A.04.04.006","Rape seed (Brassica napus)","Canada","CA",0.0257,0.06,"01443"
"A.04.04.006","Rape seed (Brassica napus)","Germany","DE",0.0143,0.06,"01443"
"A.04.04.006","Rape seed (Brassica napus)","France","FR",0.7275,0.06,"01443"
"A.04.04.006","Rape seed (Brassica napus)","Romania","RO",0.0258,0.06,"01443"
"A.04.04.006","Rape seed (Brassica napus)","Russian Federation","RU",0.013,0.06,"01443"
"A.04.04.006","Rape seed (Brassica napus)","Ukraine","UA",0.0475,0.06,"01443"
"A.04.04.007","Mustard seeds","Austria","AT",0.0158,0.06,"01449.90"
"A.04.04.007","Mustard seeds","Bangladesh","BD",0.0294,0.06,"01449.90"
"A.04.04.007","Mustard seeds","Brazil","BR",0.0123,0.06,"01449.90"
"A.04.04.007","Mustard seeds","Canada","CA",0.0127,0.06,"01449.90"
"A.04.04.007","Mustard seeds","Côte d'Ivoire","CI",0.0469,0.06,"01449.90"
"A.04.04.007","Mustard seeds","China, mainland","CN",0.212,0.06,"01449.90"
"A.04.04.007","Mustard seeds","Spain","ES",0.0919,0.06,"01449.90"
"A.04.04.007","Mustard seeds","Ethiopia","ET",0.0499,0.06,"01449.90"
"A.04.04.007","Mustard seeds","France","FR",0.3044,0.06,"01449.90"
"A.04.04.007","Mustard seeds","Greece","GR",0.0172,0.06,"01449.90"
"A.04.04.007","Mustard seeds","Hungary","HU",0.0249,0.06,"01449.90"
"A.04.04.007","Mustard seeds","India","IN",0.014,0.06,"01449.90"
"A.04.04.007","Mustard seeds","Kenya","KE",0.0384,0.06,"01449.90"
"A.04.04.007","Mustard seeds","Malaysia","MY",0.0544,0.06,"01449.90"
"A.04.04.007","Mustard seeds","Niger","NE",0.0192,0.06,"01449.90"
"A.04.04.007","Mustard seeds","Peru","PE",0.0111,0.06,"01449.90"
"A.04.04.007","Mustard seeds","Poland","PL",0.0219,0.06,"01449.90"
"A.04.04.007","Mustard seeds","Ukraine","UA",0.0235,0.06,"01449.90"
"A.04.04.009","Pumpkin seeds","Austria","AT",0.0158,0.06,"01449.90"
"A.04.04.009","Pumpkin seeds","Bangladesh","BD",0.0294,0.06,"01449.90"
"A.04.04.009","Pumpkin seeds","Brazil","BR",0.0123,0.06,"01449.90"
"A.04.04.009","Pumpkin seeds","Canada","CA",0.0127,0.06,"01449.90"
"A.04.04.009","Pumpkin seeds","Côte d'Ivoire","CI",0.0469,0.06,"01449.90"
"A.04.04.009","Pumpkin seeds","China, mainland","CN",0.212,0.06,"01449.90"
"A.04.04.009","Pumpkin seeds","Spain","ES",0.0919,0.06,"01449.90"
"A.04.04.009","Pumpkin seeds","Ethiopia","ET",0.0499,0.06,"01449.90"
"A.04.04.009","Pumpkin seeds","France","FR",0.3044,0.06,"01449.90"
"A.04.04.009","Pumpkin seeds","Greece","GR",0.0172,0.06,"01449.90"
"A.04.04.009","Pumpkin seeds","Hungary","HU",0.0249,0.06,"01449.90"
"A.04.04.009","Pumpkin seeds","India","IN",0.014,0.06,"01449.90"
"A.04.04.009","Pumpkin seeds","Kenya","KE",0.0384,0.06,"01449.90"
"A.04.04.009","Pumpkin seeds","Malaysia","MY",0.0544,0.06,"01449.90"
"A.04.04.009","Pumpkin seeds","Niger","NE",0.0192,0.06,"01449.90"
"A.04.04.009","Pumpkin seeds","Peru","PE",0.0111,0.06,"01449.90"
"A.04.04.009","Pumpkin seeds","Poland","PL",0.0219,0.06,"01449.90"
"A.04.04.009","Pumpkin seeds","Ukraine","UA",0.0235,0.06,"01449.90"
"A.04.04.010","Safflower (Carthamus tinctorius)","China, mainland","CN",0.0216,0.07,"01699"
"A.04.04.010","Safflower (Carthamus tinctorius)","Indonesia","ID",0.0193,0.07,"01699"
"A.04.04.010","Safflower (Carthamus tinctorius)","India","IN",0.7321,0.07,"01699"
"A.04.04.010","Safflower (Carthamus tinctorius)","Madagascar","MG",0.0205,0.07,"01699"
"A.04.04.010","Safflower (Carthamus tinctorius)","Peru","PE",0.0298,0.07,"01699"
"A.04.04.010","Safflower (Carthamus tinctorius)","Pakistan","PK",0.0484,0.07,"01699"
"A.04.04.010","Safflower (Carthamus tinctorius)","Syrian Arab Republic","SY",0.0292,0.07,"01699"
"A.04.04.010","Safflower (Carthamus tinctorius)","Türkiye","TR",0.0991,0.07,"01699"
"A.04.04.011","Borage (Borago officinalis)","China, mainland","CN",0.0216,0.07,"01699"
"A.04.04.011","Borage (Borago officinalis)","Indonesia","ID",0.0193,0.07,"01699"
"A.04.04.011","Borage (Borago officinalis)","India","IN",0.7321,0.07,"01699"
"A.04.04.011","Borage (Borago officinalis)","Madagascar","MG",0.0205,0.07,"01699"
"A.04.04.011","Borage (Borago officinalis)","Peru","PE",0.0298,0.07,"01699"
"A.04.04.011","Borage (Borago officinalis)","Pakistan","PK",0.0484,0.07,"01699"
"A.04.04.011","Borage (Borago officinalis)","Syrian Arab Republic","SY",0.0292,0.07,"01699"
"A.04.04.011","Borage (Borago officinalis)","Türkiye","TR",0.0991,0.07,"01699"
"A.04.04.013","Hemp seeds","Austria","AT",0.0158,0.06,"01449.90"
"A.04.04.013","Hemp seeds","Bangladesh","BD",0.0294,0.06,"01449.90"
"A.04.04.013","Hemp seeds","Brazil","BR",0.0123,0.06,"01449.90"
"A.04.04.013","Hemp seeds","Canada","CA",0.0127,0.06,"01449.90"
"A.04.04.013","Hemp seeds","Côte d'Ivoire","CI",0.0469,0.06,"01449.90"
"A.04.04.013","Hemp seeds","China, mainland","CN",0.212,0.06,"01449.90"
"A.04.04.013","Hemp seeds","Spain","ES",0.0919,0.06,"01449.90"
"A.04.04.013","Hemp seeds","Ethiopia","ET",0.0499,0.06,"01449.90"
"A.04.04.013","Hemp seeds","France","FR",0.3044,0.06,"01449.90"
"A.04.04.013","Hemp seeds","Greece","GR",0.0172,0.06,"01449.90"
"A.04.04.013","Hemp seeds","Hungary","HU",0.0249,0.06,"01449.90"
"A.04.04.013","Hemp seeds","India","IN",0.014,0.06,"01449.90"
"A.04.04.013","Hemp seeds","Kenya","KE",0.0384,0.06,"01449.90"
"A.04.04.013","Hemp seeds","Malaysia","MY",0.0544,0.06,"01449.90"
"A.04.04.013","Hemp seeds","Niger","NE",0.0192,0.06,"01449.90"
"A.04.04.013","Hemp seeds","Peru","PE",0.0111,0.06,"01449.90"
"A.04.04.013","Hemp seeds","Poland","PL",0.0219,0.06,"01449.90"
"A.04.04.013","Hemp seeds","Ukraine","UA",0.0235,0.06,"01449.90"
"A.04.05","Other oilseeds (including elsewhere non-listed seeds)","Austria","AT",0.0158,0.06,"01449.90"
"A.04.05","Other oilseeds (including elsewhere non-listed seeds)","Bangladesh","BD",0.0294,0.06,"01449.90"
"A.04.05","Other oilseeds (including elsewhere non-listed seeds)","Brazil","BR",0.0123,0.06,"01449.90"
"A.04.05","Other oilseeds (including elsewhere non-listed seeds)","Canada","CA",0.0127,0.06,"01449.90"
"A.04.05","Other oilseeds (including elsewhere non-listed seeds)","Côte d'Ivoire","CI",0.0469,0.06,"01449.90"
"A.04.05","Other oilseeds (including elsewhere non-listed seeds)","China, mainland","CN",0.212,0.06,"01449.90"
"A.04.05","Other oilseeds (including elsewhere non-listed seeds)","Spain","ES",0.0919,0.06,"01449.90"
"A.04.05","Other oilseeds (including elsewhere non-listed seeds)","Ethiopia","ET",0.0499,0.06,"01449.90"
"A.04.05","Other oilseeds (including elsewhere non-listed seeds)","France","FR",0.3044,0.06,"01449.90"
"A.04.05","Other oilseeds (including elsewhere non-listed seeds)","Greece","GR",0.0172,0.06,"01449.90"
"A.04.05","Other oilseeds (including elsewhere non-listed seeds)","Hungary","HU",0.0249,0.06,"01449.90"
"A.04.05","Other oilseeds (including elsewhere non-listed seeds)","India","IN",0.014,0.06,"01449.90"
"A.04.05","Other oilseeds (including elsewhere non-listed seeds)","Kenya","KE",0.0384,0.06,"01449.90"
"A.04.05","Other oilseeds (including elsewhere non-listed seeds)","Malaysia","MY",0.0544,0.06,"01449.90"
"A.04.05","Other oilseeds (including elsewhere non-listed seeds)","Niger","NE",0.0192,0.06,"01449.90"
"A.04.05","Other oilseeds (including elsewhere non-listed seeds)","Peru","PE",0.0111,0.06,"01449.90"
"A.04.05","Other oilseeds (including elsewhere non-listed seeds)","Poland","PL",0.0219,0.06,"01449.90"
"A.04.05","Other oilseeds (including elsewhere non-listed seeds)","Ukraine","UA",0.0235,0.06,"01449.90"
"A.05.01.001","Grapefruits","China, mainland","CN",0.0866,0.07,"01321"
"A.05.01.001","Grapefruits","Spain","ES",0.3539,0.07,"01321"
"A.05.01.001","Grapefruits","France","FR",0.1253,0.07,"01321"
"A.05.01.001","Grapefruits","Israel","IL",0.2077,0.07,"01321"
"A.05.01.001","Grapefruits","Mexico","MX",0.02,0.07,"01321"
"A.05.01.001","Grapefruits","Türkiye","TR",0.0213,0.07,"01321"
"A.05.01.001","Grapefruits","South Africa","ZA",0.1852,0.07,"01321"
"A.05.01.002","Oranges","Argentina","AR",0.0186,0.07,"01323"
"A.05.01.002","Oranges","Brazil","BR",0.2463,0.07,"01323"
"A.05.01.002","Oranges","Egypt","EG",0.0617,0.07,"01323"
"A.05.01.002","Oranges","Spain","ES",0.483,0.07,"01323"
"A.05.01.002","Oranges","Greece","GR",0.0124,0.07,"01323"
"A.05.01.002","Oranges","India","IN",0.0109,0.07,"01323"
"A.05.01.002","Oranges","Italy","IT",0.0503,0.07,"01323"
"A.05.01.002","Oranges","Morocco","MA",0.0157,0.07,"01323"
"A.05.01.002","Oranges","Portugal","PT",0.0273,0.07,"01323"
"A.05.01.002","Oranges","South Africa","ZA",0.0738,0.07,"01323"
"A.05.01.003","Lemons","Argentina","AR",0.0727,0.07,"01322"
"A.05.01.003","Lemons","Brazil","BR",0.0584,0.07,"01322"
"A.05.01.003","Lemons","Colombia","CO",0.0215,0.07,"01322"
"A.05.01.003","Lemons","Spain","ES",0.6188,0.07,"01322"
"A.05.01.003","Lemons","France","FR",0.0891,0.07,"01322"
"A.05.01.003","Lemons","Italy","IT",0.0499,0.07,"01322"
"A.05.01.003","Lemons","South Africa","ZA",0.0897,0.07,"01322"
"A.05.01.004","Limes","Argentina","AR",0.0727,0.07,"01322"
"A.05.01.004","Limes","Brazil","BR",0.0584,0.07,"01322"
"A.05.01.004","Limes","Colombia","CO",0.0215,0.07,"01322"
"A.05.01.004","Limes","Spain","ES",0.6188,0.07,"01322"
"A.05.01.004","Limes","France","FR",0.0891,0.07,"01322"
"A.05.01.004","Limes","Italy","IT",0.0499,0.07,"01322"
"A.05.01.004","Limes","South Africa","ZA",0.0897,0.07,"01322"
"A.05.01.005","Mandarins and similar-","Spain","ES",0.5772,0.07,"01324"
"A.05.01.005","Mandarins and similar-","France","FR",0.1212,0.07,"01324"
"A.05.01.005","Mandarins and similar-","Israel","IL",0.1269,0.07,"01324"
"A.05.01.005","Mandarins and similar-","Italy","IT",0.0153,0.07,"01324"
"A.05.01.005","Mandarins and similar-","Morocco","MA",0.113,0.07,"01324"
"A.05.01.005","Mandarins and similar-","Portugal","PT",0.0132,0.07,"01324"
"A.05.01.005","Mandarins and similar-","South Africa","ZA",0.0333,0.07,"01324"
"A.05.01.006","Pomelo (Citrus grandis)","China, mainland","CN",0.0866,0.07,"01321"
"A.05.01.006","Pomelo (Citrus grandis)","Spain","ES",0.3539,0.07,"01321"
"A.05.01.006","Pomelo (Citrus grandis)","France","FR",0.1253,0.07,"01321"
"A.05.01.006","Pomelo (Citrus grandis)","Israel","IL",0.2077,0.07,"01321"
"A.05.01.006","Pomelo (Citrus grandis)","Mexico","MX",0.02,0.07,"01321"
"A.05.01.006","Pomelo (Citrus grandis)","Türkiye","TR",0.0213,0.07,"01321"
"A.05.01.006","Pomelo (Citrus grandis)","South Africa","ZA",0.1852,0.07,"01321"
"A.05.02.001","Apples","Germany","DE",0.0203,0.07,"01341"
"A.05.02.001","Apples","Spain","ES",0.0166,0.07,"01341"
"A.05.02.001","Apples","France","FR",0.8939,0.07,"01341"
"A.05.02.001","Apples","Italy","IT",0.0374,0.07,"01341"
"A.05.02.001","Apples","Poland","PL",0.0319,0.07,"01341"
"A.05.02.002","Pears","Belgium","BE",0.1397,0.07,"01342.01"
"A.05.02.002","Pears","Spain","ES",0.0629,0.07,"01342.01"
"A.05.02.002","Pears","France","FR",0.5838,0.07,"01342.01"
"A.05.02.002","Pears","Italy","IT",0.0299,0.07,"01342.01"
"A.05.02.002","Pears","Netherlands (Kingdom of the)","NL",0.0927,0.07,"01342.01"
"A.05.02.002","Pears","Portugal","PT",0.0586,0.07,"01342.01"
"A.05.02.002","Pears","South Africa","ZA",0.0324,0.07,"01342.01"
"A.05.02.003","Quinces","Israel","IL",0.0148,0.06,"01342.02"
"A.05.02.003","Quinces","Serbia","RS",0.0135,0.06,"01342.02"
"A.05.02.003","Quinces","Türkiye","TR",0.9717,0.06,"01342.02"
"A.05.02.004","Medlars","China, mainland","CN",0.0671,0.07,"01359.90"
"A.05.02.004","Medlars","Colombia","CO",0.034,0.07,"01359.90"
"A.05.02.004","Medlars","Costa Rica","CR",0.0853,0.07,"01359.90"
"A.05.02.004","Medlars","Ecuador","EC",0.0757,0.07,"01359.90"
"A.05.02.004","Medlars","Egypt","EG",0.1216,0.07,"01359.90"
"A.05.02.004","Medlars","Guatemala","GT",0.0169,0.07,"01359.90"
"A.05.02.004","Medlars","India","IN",0.0688,0.07,"01359.90"
"A.05.02.004","Medlars","Morocco","MA",0.0869,0.07,"01359.90"
"A.05.02.004","Medlars","Madagascar","MG",0.0213,0.07,"01359.90"
"A.05.02.004","Medlars","Mexico","MX",0.0413,0.07,"01359.90"
"A.05.02.004","Medlars","Peru","PE",0.0645,0.07,"01359.90"
"A.05.02.004","Medlars","Philippines","PH",0.0166,0.07,"01359.90"
"A.05.02.004","Medlars","Serbia","RS",0.0528,0.07,"01359.90"
"A.05.02.004","Medlars","Thailand","TH",0.0394,0.07,"01359.90"
"A.05.02.004","Medlars","Türkiye","TR",0.1343,0.07,"01359.90"
"A.05.02.004","Medlars","Viet Nam","VN",0.0565,0.07,"01359.90"
"A.05.02.004","Medlars","South Africa","ZA",0.0169,0.07,"01359.90"
"A.05.02.005","Loquats","China, mainland","CN",0.0671,0.07,"01359.90"
"A.05.02.005","Loquats","Colombia","CO",0.034,0.07,"01359.90"
"A.05.02.005","Loquats","Costa Rica","CR",0.0853,0.07,"01359.90"
"A.05.02.005","Loquats","Ecuador","EC",0.0757,0.07,"01359.90"
"A.05.02.005","Loquats","Egypt","EG",0.1216,0.07,"01359.90"
"A.05.02.005","Loquats","Guatemala","GT",0.0169,0.07,"01359.90"
"A.05.02.005","Loquats","India","IN",0.0688,0.07,"01359.90"
"A.05.02.005","Loquats","Morocco","MA",0.0869,0.07,"01359.90"
"A.05.02.005","Loquats","Madagascar","MG",0.0213,0.07,"01359.90"
"A.05.02.005","Loquats","Mexico","MX",0.0413,0.07,"01359.90"
"A.05.02.005","Loquats","Peru","PE",0.0645,0.07,"01359.90"
"A.05.02.005","Loquats","Philippines","PH",0.0166,0.07,"01359.90"
"A.05.02.005","Loquats","Serbia","RS",0.0528,0.07,"01359.90"
"A.05.02.005","Loquats","Thailand","TH",0.0394,0.07,"01359.90"
"A.05.02.005","Loquats","Türkiye","TR",0.1343,0.07,"01359.90"
"A.05.02.005","Loquats","Viet Nam","VN",0.0565,0.07,"01359.90"
"A.05.02.005","Loquats","South Africa","ZA",0.0169,0.07,"01359.90"
"A.05.02.007","Sorb fruits","Germany","DE",0.0203,0.07,"01341"
"A.05.02.007","Sorb fruits","Spain","ES",0.0166,0.07,"01341"
"A.05.02.007","Sorb fruits","France","FR",0.8939,0.07,"01341"
"A.05.02.007","Sorb fruits","Italy","IT",0.0374,0.07,"01341"
"A.05.02.007","Sorb fruits","Poland","PL",0.0319,0.07,"01341"
"A.05.02.009","Nashi pears","Belgium","BE",0.1397,0.07,"01342.01"
"A.05.02.009","Nashi pears","Spain","ES",0.0629,0.07,"01342.01"
"A.05.02.009","Nashi pears","France","FR",0.5838,0.07,"01342.01"
"A.05.02.009","Nashi pears","Italy","IT",0.0299,0.07,"01342.01"
"A.05.02.009","Nashi pears","Netherlands (Kingdom of the)","NL",0.0927,0.07,"01342.01"
"A.05.02.009","Nashi pears","Portugal","PT",0.0586,0.07,"01342.01"
"A.05.02.009","Nashi pears","South Africa","ZA",0.0324,0.07,"01342.01"
"A.05.03.001","Apricots","Spain","ES",0.067,0.07,"01343"
"A.05.03.001","Apricots","France","FR",0.7039,0.07,"01343"
"A.05.03.001","Apricots","Türkiye","TR",0.2291,0.07,"01343"
"A.05.03.002","Plums","Argentina","AR",0.0126,0.07,"01346"
"A.05.03.002","Plums","Chile","CL",0.0226,0.07,"01346"
"A.05.03.002","Plums","Spain","ES",0.0361,0.07,"01346"
"A.05.03.002","Plums","France","FR",0.8907,0.07,"01346"
"A.05.03.002","Plums","Republic of Moldova","MD",0.0121,0.07,"01346"
"A.05.03.002","Plums","Serbia","RS",0.0148,0.07,"01346"
"A.05.03.002","Plums","South Africa","ZA",0.0111,0.07,"01346"
"A.05.03.003","Damsons","Argentina","AR",0.0126,0.07,"01346"
"A.05.03.003","Damsons","Chile","CL",0.0226,0.07,"01346"
"A.05.03.003","Damsons","Spain","ES",0.0361,0.07,"01346"
"A.05.03.003","Damsons","France","FR",0.8907,0.07,"01346"
"A.05.03.003","Damsons","Republic of Moldova","MD",0.0121,0.07,"01346"
"A.05.03.003","Damsons","Serbia","RS",0.0148,0.07,"01346"
"A.05.03.003","Damsons","South Africa","ZA",0.0111,0.07,"01346"
"A.05.03.004","Mirabelles","Argentina","AR",0.0126,0.07,"01346"
"A.05.03.004","Mirabelles","Chile","CL",0.0226,0.07,"01346"
"A.05.03.004","Mirabelles","Spain","ES",0.0361,0.07,"01346"
"A.05.03.004","Mirabelles","France","FR",0.8907,0.07,"01346"
"A.05.03.004","Mirabelles","Republic of Moldova","MD",0.0121,0.07,"01346"
"A.05.03.004","Mirabelles","Serbia","RS",0.0148,0.07,"01346"
"A.05.03.004","Mirabelles","South Africa","ZA",0.0111,0.07,"01346"
"A.05.03.005","Gages","Argentina","AR",0.0126,0.07,"01346"
"A.05.03.005","Gages","Chile","CL",0.0226,0.07,"01346"
"A.05.03.005","Gages","Spain","ES",0.0361,0.07,"01346"
"A.05.03.005","Gages","France","FR",0.8907,0.07,"01346"
"A.05.03.005","Gages","Republic of Moldova","MD",0.0121,0.07,"01346"
"A.05.03.005","Gages","Serbia","RS",0.0148,0.07,"01346"
"A.05.03.005","Gages","South Africa","ZA",0.0111,0.07,"01346"
"A.05.03.006","Cherries (sweet)","Belgium","BE",0.0473,0.07,"01344.02"
"A.05.03.006","Cherries (sweet)","Germany","DE",0.0126,0.07,"01344.02"
"A.05.03.006","Cherries (sweet)","Spain","ES",0.1059,0.07,"01344.02"
"A.05.03.006","Cherries (sweet)","France","FR",0.8342,0.07,"01344.02"
"A.05.03.007","Sour cherries","France","FR",0.9621,0.07,"01344.01"
"A.05.03.007","Sour cherries","Hungary","HU",0.0379,0.07,"01344.01"
"A.05.03.011","Peaches and similar-","Spain","ES",0.3331,0.07,"01345"
"A.05.03.011","Peaches and similar-","France","FR",0.6669,0.07,"01345"
"A.05.04.001","Table grapes","Spain","ES",0.0543,0.07,"01330"
"A.05.04.001","Table grapes","France","FR",0.9062,0.07,"01330"
"A.05.04.001","Table grapes","Italy","IT",0.0279,0.07,"01330"
"A.05.04.001","Table grapes","Türkiye","TR",0.0116,0.07,"01330"
"A.05.04.002","Wine grapes","Spain","ES",0.0543,0.07,"01330"
"A.05.04.002","Wine grapes","France","FR",0.9062,0.07,"01330"
"A.05.04.002","Wine grapes","Italy","IT",0.0279,0.07,"01330"
"A.05.04.002","Wine grapes","Türkiye","TR",0.0116,0.07,"01330"
"A.05.04.003","Strawberries","Belgium","BE",0.048,0.07,"01354"
"A.05.04.003","Strawberries","Germany","DE",0.0113,0.07,"01354"
"A.05.04.003","Strawberries","Spain","ES",0.3122,0.07,"01354"
"A.05.04.003","Strawberries","France","FR",0.5762,0.07,"01354"
"A.05.04.003","Strawberries","Morocco","MA",0.027,0.07,"01354"
"A.05.04.003","Strawberries","Netherlands (Kingdom of the)","NL",0.0253,0.07,"01354"
"A.05.04.004","Blackberries","Spain","ES",0.3173,0.07,"01353.01"
"A.05.04.004","Blackberries","France","FR",0.4123,0.07,"01353.01"
"A.05.04.004","Blackberries","Morocco","MA",0.1767,0.07,"01353.01"
"A.05.04.004","Blackberries","Netherlands (Kingdom of the)","NL",0.0275,0.07,"01353.01"
"A.05.04.004","Blackberries","Poland","PL",0.0155,0.07,"01353.01"
"A.05.04.004","Blackberries","Portugal","PT",0.0507,0.07,"01353.01"
"A.05.04.006","Raspberries (red and yellow)","Spain","ES",0.3173,0.07,"01353.01"
"A.05.04.006","Raspberries (red and yellow)","France","FR",0.4123,0.07,"01353.01"
"A.05.04.006","Raspberries (red and yellow)","Morocco","MA",0.1767,0.07,"01353.01"
"A.05.04.006","Raspberries (red and yellow)","Netherlands (Kingdom of the)","NL",0.0275,0.07,"01353.01"
"A.05.04.006","Raspberries (red and yellow)","Poland","PL",0.0155,0.07,"01353.01"
"A.05.04.006","Raspberries (red and yellow)","Portugal","PT",0.0507,0.07,"01353.01"
"A.05.04.008","Blueberries","Spain","ES",0.3173,0.07,"01355.01"
"A.05.04.008","Blueberries","France","FR",0.4123,0.07,"01355.01"
"A.05.04.008","Blueberries","Morocco","MA",0.1767,0.07,"01355.01"
"A.05.04.008","Blueberries","Netherlands (Kingdom of the)","NL",0.0275,0.07,"01355.01"
"A.05.04.008","Blueberries","Poland","PL",0.0155,0.07,"01355.01"
"A.05.04.008","Blueberries","Portugal","PT",0.0507,0.07,"01355.01"
"A.05.04.009","Cranberries","Spain","ES",0.3173,0.07,"01355.01"
"A.05.04.009","Cranberries","France","FR",0.4123,0.07,"01355.01"
"A.05.04.009","Cranberries","Morocco","MA",0.1767,0.07,"01355.01"
"A.05.04.009","Cranberries","Netherlands (Kingdom of the)","NL",0.0275,0.07,"01355.01"
"A.05.04.009","Cranberries","Poland","PL",0.0155,0.07,"01355.01"
"A.05.04.009","Cranberries","Portugal","PT",0.0507,0.07,"01355.01"
"A.05.04.010","Currants (black, red and white)","France","FR",0.9436,0.07,"01351.01"
"A.05.04.010","Currants (black, red and white)","Netherlands (Kingdom of the)","NL",0.0438,0.07,"01351.01"
"A.05.04.010","Currants (black, red and white)","Poland","PL",0.0125,0.07,"01351.01"
"A.05.04.011","Gooseberries (green, red and yellow)","RoW","RoW",1,0.07,"01351.02"
"A.05.04.012","Rose hips","China, mainland","CN",0.0216,0.07,"01699"
"A.05.04.012","Rose hips","Indonesia","ID",0.0193,0.07,"01699"
"A.05.04.012","Rose hips","India","IN",0.7321,0.07,"01699"
"A.05.04.012","Rose hips","Madagascar","MG",0.0205,0.07,"01699"
"A.05.04.012","Rose hips","Peru","PE",0.0298,0.07,"01699"
"A.05.04.012","Rose hips","Pakistan","PK",0.0484,0.07,"01699"
"A.05.04.012","Rose hips","Syrian Arab Republic","SY",0.0292,0.07,"01699"
"A.05.04.012","Rose hips","Türkiye","TR",0.0991,0.07,"01699"
"A.05.04.013","Mulberries (black and white)","Spain","ES",0.1171,0.07,"01315"
"A.05.04.013","Mulberries (black and white)","France","FR",0.1622,0.07,"01315"
"A.05.04.013","Mulberries (black and white)","Greece","GR",0.0112,0.07,"01315"
"A.05.04.013","Mulberries (black and white)","Italy","IT",0.0343,0.07,"01315"
"A.05.04.013","Mulberries (black and white)","Türkiye","TR",0.6752,0.07,"01315"
"A.05.04.014","Azarole (mediteranean medlar) (Crataegus azarolus)","Spain","ES",0.3173,0.07,"01355.01"
"A.05.04.014","Azarole (mediteranean medlar) (Crataegus azarolus)","France","FR",0.4123,0.07,"01355.01"
"A.05.04.014","Azarole (mediteranean medlar) (Crataegus azarolus)","Morocco","MA",0.1767,0.07,"01355.01"
"A.05.04.014","Azarole (mediteranean medlar) (Crataegus azarolus)","Netherlands (Kingdom of the)","NL",0.0275,0.07,"01355.01"
"A.05.04.014","Azarole (mediteranean medlar) (Crataegus azarolus)","Poland","PL",0.0155,0.07,"01355.01"
"A.05.04.014","Azarole (mediteranean medlar) (Crataegus azarolus)","Portugal","PT",0.0507,0.07,"01355.01"
"A.05.04.015","Elderberries","France","FR",0.9436,0.07,"01351.01"
"A.05.04.015","Elderberries","Netherlands (Kingdom of the)","NL",0.0438,0.07,"01351.01"
"A.05.04.015","Elderberries","Poland","PL",0.0125,0.07,"01351.01"
"A.05.04.016","Cloudberries","Spain","ES",0.3173,0.07,"01353.01"
"A.05.04.016","Cloudberries","France","FR",0.4123,0.07,"01353.01"
"A.05.04.016","Cloudberries","Morocco","MA",0.1767,0.07,"01353.01"
"A.05.04.016","Cloudberries","Netherlands (Kingdom of the)","NL",0.0275,0.07,"01353.01"
"A.05.04.016","Cloudberries","Poland","PL",0.0155,0.07,"01353.01"
"A.05.04.016","Cloudberries","Portugal","PT",0.0507,0.07,"01353.01"
"A.05.04.017","Loganberry (Rubus loganobaccus)","Spain","ES",0.3173,0.07,"01355.01"
"A.05.04.017","Loganberry (Rubus loganobaccus)","France","FR",0.4123,0.07,"01355.01"
"A.05.04.017","Loganberry (Rubus loganobaccus)","Morocco","MA",0.1767,0.07,"01355.01"
"A.05.04.017","Loganberry (Rubus loganobaccus)","Netherlands (Kingdom of the)","NL",0.0275,0.07,"01355.01"
"A.05.04.017","Loganberry (Rubus loganobaccus)","Poland","PL",0.0155,0.07,"01355.01"
"A.05.04.017","Loganberry (Rubus loganobaccus)","Portugal","PT",0.0507,0.07,"01355.01"
"A.05.04.022","Bilberries","Spain","ES",0.3173,0.07,"01355.01"
"A.05.04.022","Bilberries","France","FR",0.4123,0.07,"01355.01"
"A.05.04.022","Bilberries","Morocco","MA",0.1767,0.07,"01355.01"
"A.05.04.022","Bilberries","Netherlands (Kingdom of the)","NL",0.0275,0.07,"01355.01"
"A.05.04.022","Bilberries","Poland","PL",0.0155,0.07,"01355.01"
"A.05.04.022","Bilberries","Portugal","PT",0.0507,0.07,"01355.01"
"A.05.04.026","Lingonberry (Vaccinium vitis-idaea)","Spain","ES",0.3173,0.07,"01355.01"
"A.05.04.026","Lingonberry (Vaccinium vitis-idaea)","France","FR",0.4123,0.07,"01355.01"
"A.05.04.026","Lingonberry (Vaccinium vitis-idaea)","Morocco","MA",0.1767,0.07,"01355.01"
"A.05.04.026","Lingonberry (Vaccinium vitis-idaea)","Netherlands (Kingdom of the)","NL",0.0275,0.07,"01355.01"
"A.05.04.026","Lingonberry (Vaccinium vitis-idaea)","Poland","PL",0.0155,0.07,"01355.01"
"A.05.04.026","Lingonberry (Vaccinium vitis-idaea)","Portugal","PT",0.0507,0.07,"01355.01"
"A.05.04.029","Ground cherries (physalis etc.)","China, mainland","CN",0.0184,0.07,"01234"
"A.05.04.029","Ground cherries (physalis etc.)","Spain","ES",0.15,0.07,"01234"
"A.05.04.029","Ground cherries (physalis etc.)","France","FR",0.357,0.07,"01234"
"A.05.04.029","Ground cherries (physalis etc.)","Italy","IT",0.2019,0.07,"01234"
"A.05.04.029","Ground cherries (physalis etc.)","Morocco","MA",0.1973,0.07,"01234"
"A.05.04.029","Ground cherries (physalis etc.)","Netherlands (Kingdom of the)","NL",0.0118,0.07,"01234"
"A.05.04.029","Ground cherries (physalis etc.)","Portugal","PT",0.0317,0.07,"01234"
"A.05.04.029","Ground cherries (physalis etc.)","Tunisia","TN",0.0198,0.07,"01234"
"A.05.04.029","Ground cherries (physalis etc.)","Türkiye","TR",0.0122,0.07,"01234"
"A.05.04.030","Sea buckthorns","France","FR",0.9436,0.07,"01351.01"
"A.05.04.030","Sea buckthorns","Netherlands (Kingdom of the)","NL",0.0438,0.07,"01351.01"
"A.05.04.030","Sea buckthorns","Poland","PL",0.0125,0.07,"01351.01"
"A.05.05.001","Olives for oil production","Egypt","EG",0.0108,0.06,"01450"
"A.05.05.001","Olives for oil production","Spain","ES",0.5642,0.06,"01450"
"A.05.05.001","Olives for oil production","France","FR",0.0634,0.06,"01450"
"A.05.05.001","Olives for oil production","Greece","GR",0.0587,0.06,"01450"
"A.05.05.001","Olives for oil production","Italy","IT",0.0983,0.06,"01450"
"A.05.05.001","Olives for oil production","Morocco","MA",0.0958,0.06,"01450"
"A.05.05.001","Olives for oil production","Portugal","PT",0.0421,0.06,"01450"
"A.05.05.001","Olives for oil production","Tunisia","TN",0.0667,0.06,"01450"
"A.05.05.002","Palm nuts (palmoil kernels)","Austria","AT",0.0158,0.06,"01491.02"
"A.05.05.002","Palm nuts (palmoil kernels)","Bangladesh","BD",0.0294,0.06,"01491.02"
"A.05.05.002","Palm nuts (palmoil kernels)","Brazil","BR",0.0123,0.06,"01491.02"
"A.05.05.002","Palm nuts (palmoil kernels)","Canada","CA",0.0127,0.06,"01491.02"
"A.05.05.002","Palm nuts (palmoil kernels)","Côte d'Ivoire","CI",0.0469,0.06,"01491.02"
"A.05.05.002","Palm nuts (palmoil kernels)","China, mainland","CN",0.212,0.06,"01491.02"
"A.05.05.002","Palm nuts (palmoil kernels)","Spain","ES",0.0919,0.06,"01491.02"
"A.05.05.002","Palm nuts (palmoil kernels)","Ethiopia","ET",0.0499,0.06,"01491.02"
"A.05.05.002","Palm nuts (palmoil kernels)","France","FR",0.3044,0.06,"01491.02"
"A.05.05.002","Palm nuts (palmoil kernels)","Greece","GR",0.0172,0.06,"01491.02"
"A.05.05.002","Palm nuts (palmoil kernels)","Hungary","HU",0.0249,0.06,"01491.02"
"A.05.05.002","Palm nuts (palmoil kernels)","India","IN",0.014,0.06,"01491.02"
"A.05.05.002","Palm nuts (palmoil kernels)","Kenya","KE",0.0384,0.06,"01491.02"
"A.05.05.002","Palm nuts (palmoil kernels)","Malaysia","MY",0.0544,0.06,"01491.02"
"A.05.05.002","Palm nuts (palmoil kernels)","Niger","NE",0.0192,0.06,"01491.02"
"A.05.05.002","Palm nuts (palmoil kernels)","Peru","PE",0.0111,0.06,"01491.02"
"A.05.05.002","Palm nuts (palmoil kernels)","Poland","PL",0.0219,0.06,"01491.02"
"A.05.05.002","Palm nuts (palmoil kernels)","Ukraine","UA",0.0235,0.06,"01491.02"
"A.05.05.003","Palmfruit (Elaeis guineensis)","Austria","AT",0.0158,0.06,"01491.01"
"A.05.05.003","Palmfruit (Elaeis guineensis)","Bangladesh","BD",0.0294,0.06,"01491.01"
"A.05.05.003","Palmfruit (Elaeis guineensis)","Brazil","BR",0.0123,0.06,"01491.01"
"A.05.05.003","Palmfruit (Elaeis guineensis)","Canada","CA",0.0127,0.06,"01491.01"
"A.05.05.003","Palmfruit (Elaeis guineensis)","Côte d'Ivoire","CI",0.0469,0.06,"01491.01"
"A.05.05.003","Palmfruit (Elaeis guineensis)","China, mainland","CN",0.212,0.06,"01491.01"
"A.05.05.003","Palmfruit (Elaeis guineensis)","Colombia","CO",0.0281,0.06,"01491.01"
"A.05.05.003","Palmfruit (Elaeis guineensis)","Costa Rica","CR",0.0154,0.06,"01491.01"
"A.05.05.003","Palmfruit (Elaeis guineensis)","Spain","ES",0.0919,0.06,"01491.01"
"A.05.05.003","Palmfruit (Elaeis guineensis)","Ethiopia","ET",0.0499,0.06,"01491.01"
"A.05.05.003","Palmfruit (Elaeis guineensis)","France","FR",0.3044,0.06,"01491.01"
"A.05.05.003","Palmfruit (Elaeis guineensis)","Greece","GR",0.0172,0.06,"01491.01"
"A.05.05.003","Palmfruit (Elaeis guineensis)","Guatemala","GT",0.0612,0.06,"01491.01"
"A.05.05.003","Palmfruit (Elaeis guineensis)","Honduras","HN",0.0363,0.06,"01491.01"
"A.05.05.003","Palmfruit (Elaeis guineensis)","Hungary","HU",0.0249,0.06,"01491.01"
"A.05.05.003","Palmfruit (Elaeis guineensis)","Indonesia","ID",0.5703,0.06,"01491.01"
"A.05.05.003","Palmfruit (Elaeis guineensis)","India","IN",0.014,0.06,"01491.01"
"A.05.05.003","Palmfruit (Elaeis guineensis)","Kenya","KE",0.0384,0.06,"01491.01"
"A.05.05.003","Palmfruit (Elaeis guineensis)","Malaysia","MY",0.0544,0.06,"01491.01"
"A.05.05.003","Palmfruit (Elaeis guineensis)","Malaysia","MY",0.2424,0.06,"01491.01"
"A.05.05.003","Palmfruit (Elaeis guineensis)","Niger","NE",0.0192,0.06,"01491.01"
"A.05.05.003","Palmfruit (Elaeis guineensis)","Peru","PE",0.0111,0.06,"01491.01"
"A.05.05.003","Palmfruit (Elaeis guineensis)","Papua New Guinea","PG",0.0463,0.06,"01491.01"
"A.05.05.003","Palmfruit (Elaeis guineensis)","Poland","PL",0.0219,0.06,"01491.01"
"A.05.05.003","Palmfruit (Elaeis guineensis)","Ukraine","UA",0.0235,0.06,"01491.01"
"A.05.06.001","Dates","Algeria","DZ",0.4617,0.07,"01314"
"A.05.06.001","Dates","Israel","IL",0.0656,0.07,"01314"
"A.05.06.001","Dates","Iran (Islamic Republic of)","IR",0.013,0.07,"01314"
"A.05.06.001","Dates","Mexico","MX",0.0235,0.07,"01314"
"A.05.06.001","Dates","Palestine","PS",0.0168,0.07,"01314"
"A.05.06.001","Dates","Saudi Arabia","SA",0.0216,0.07,"01314"
"A.05.06.001","Dates","Tunisia","TN",0.3978,0.07,"01314"
"A.05.06.002","Figs","Spain","ES",0.1171,0.07,"01315"
"A.05.06.002","Figs","France","FR",0.1622,0.07,"01315"
"A.05.06.002","Figs","Greece","GR",0.0112,0.07,"01315"
"A.05.06.002","Figs","Italy","IT",0.0343,0.07,"01315"
"A.05.06.002","Figs","Türkiye","TR",0.6752,0.07,"01315"
"A.05.06.003","Table olives","Egypt","EG",0.0108,0.06,"01450"
"A.05.06.003","Table olives","Spain","ES",0.5642,0.06,"01450"
"A.05.06.003","Table olives","France","FR",0.0634,0.06,"01450"
"A.05.06.003","Table olives","Greece","GR",0.0587,0.06,"01450"
"A.05.06.003","Table olives","Italy","IT",0.0983,0.06,"01450"
"A.05.06.003","Table olives","Morocco","MA",0.0958,0.06,"01450"
"A.05.06.003","Table olives","Portugal","PT",0.0421,0.06,"01450"
"A.05.06.003","Table olives","Tunisia","TN",0.0667,0.06,"01450"
"A.05.06.004","Kumquats","Argentina","AR",0.0727,0.07,"01322"
"A.05.06.004","Kumquats","Brazil","BR",0.0584,0.07,"01322"
"A.05.06.004","Kumquats","Colombia","CO",0.0215,0.07,"01322"
"A.05.06.004","Kumquats","Spain","ES",0.6188,0.07,"01322"
"A.05.06.004","Kumquats","France","FR",0.0891,0.07,"01322"
"A.05.06.004","Kumquats","Italy","IT",0.0499,0.07,"01322"
"A.05.06.004","Kumquats","South Africa","ZA",0.0897,0.07,"01322"
"A.05.06.005","Carambolas","China, mainland","CN",0.0671,0.07,"01359.90"
"A.05.06.005","Carambolas","Colombia","CO",0.034,0.07,"01359.90"
"A.05.06.005","Carambolas","Costa Rica","CR",0.0853,0.07,"01359.90"
"A.05.06.005","Carambolas","Ecuador","EC",0.0757,0.07,"01359.90"
"A.05.06.005","Carambolas","Egypt","EG",0.1216,0.07,"01359.90"
"A.05.06.005","Carambolas","Guatemala","GT",0.0169,0.07,"01359.90"
"A.05.06.005","Carambolas","India","IN",0.0688,0.07,"01359.90"
"A.05.06.005","Carambolas","Morocco","MA",0.0869,0.07,"01359.90"
"A.05.06.005","Carambolas","Madagascar","MG",0.0213,0.07,"01359.90"
"A.05.06.005","Carambolas","Mexico","MX",0.0413,0.07,"01359.90"
"A.05.06.005","Carambolas","Peru","PE",0.0645,0.07,"01359.90"
"A.05.06.005","Carambolas","Philippines","PH",0.0166,0.07,"01359.90"
"A.05.06.005","Carambolas","Serbia","RS",0.0528,0.07,"01359.90"
"A.05.06.005","Carambolas","Thailand","TH",0.0394,0.07,"01359.90"
"A.05.06.005","Carambolas","Türkiye","TR",0.1343,0.07,"01359.90"
"A.05.06.005","Carambolas","Viet Nam","VN",0.0565,0.07,"01359.90"
"A.05.06.005","Carambolas","South Africa","ZA",0.0169,0.07,"01359.90"
"A.05.06.006","Kaki","Brazil","BR",0.6379,0.07,"01359.01"
"A.05.06.006","Kaki","Israel","IL",0.2951,0.07,"01359.01"
"A.05.06.006","Kaki","Türkiye","TR",0.067,0.07,"01359.01"
"A.05.06.008","Kiwi fruits (green, red, yellow)","Chile","CL",0.0284,0.07,"01352"
"A.05.06.008","Kiwi fruits (green, red, yellow)","France","FR",0.4327,0.07,"01352"
"A.05.06.008","Kiwi fruits (green, red, yellow)","Greece","GR",0.0828,0.07,"01352"
"A.05.06.008","Kiwi fruits (green, red, yellow)","Italy","IT",0.2473,0.07,"01352"
"A.05.06.008","Kiwi fruits (green, red, yellow)","New Zealand","NZ",0.1872,0.07,"01352"
"A.05.06.008","Kiwi fruits (green, red, yellow)","Portugal","PT",0.0215,0.07,"01352"
"A.05.06.009","Litchis","China, mainland","CN",0.0671,0.07,"01359.90"
"A.05.06.009","Litchis","Colombia","CO",0.034,0.07,"01359.90"
"A.05.06.009","Litchis","Costa Rica","CR",0.0853,0.07,"01359.90"
"A.05.06.009","Litchis","Ecuador","EC",0.0757,0.07,"01359.90"
"A.05.06.009","Litchis","Egypt","EG",0.1216,0.07,"01359.90"
"A.05.06.009","Litchis","Guatemala","GT",0.0169,0.07,"01359.90"
"A.05.06.009","Litchis","India","IN",0.0688,0.07,"01359.90"
"A.05.06.009","Litchis","Morocco","MA",0.0869,0.07,"01359.90"
"A.05.06.009","Litchis","Madagascar","MG",0.0213,0.07,"01359.90"
"A.05.06.009","Litchis","Mexico","MX",0.0413,0.07,"01359.90"
"A.05.06.009","Litchis","Peru","PE",0.0645,0.07,"01359.90"
"A.05.06.009","Litchis","Philippines","PH",0.0166,0.07,"01359.90"
"A.05.06.009","Litchis","Serbia","RS",0.0528,0.07,"01359.90"
"A.05.06.009","Litchis","Thailand","TH",0.0394,0.07,"01359.90"
"A.05.06.009","Litchis","Türkiye","TR",0.1343,0.07,"01359.90"
"A.05.06.009","Litchis","Viet Nam","VN",0.0565,0.07,"01359.90"
"A.05.06.009","Litchis","South Africa","ZA",0.0169,0.07,"01359.90"
"A.05.06.010","Passionfruits","China, mainland","CN",0.0671,0.07,"01359.90"
"A.05.06.010","Passionfruits","Colombia","CO",0.034,0.07,"01359.90"
"A.05.06.010","Passionfruits","Costa Rica","CR",0.0853,0.07,"01359.90"
"A.05.06.010","Passionfruits","Ecuador","EC",0.0757,0.07,"01359.90"
"A.05.06.010","Passionfruits","Egypt","EG",0.1216,0.07,"01359.90"
"A.05.06.010","Passionfruits","Guatemala","GT",0.0169,0.07,"01359.90"
"A.05.06.010","Passionfruits","India","IN",0.0688,0.07,"01359.90"
"A.05.06.010","Passionfruits","Morocco","MA",0.0869,0.07,"01359.90"
"A.05.06.010","Passionfruits","Madagascar","MG",0.0213,0.07,"01359.90"
"A.05.06.010","Passionfruits","Mexico","MX",0.0413,0.07,"01359.90"
"A.05.06.010","Passionfruits","Peru","PE",0.0645,0.07,"01359.90"
"A.05.06.010","Passionfruits","Philippines","PH",0.0166,0.07,"01359.90"
"A.05.06.010","Passionfruits","Serbia","RS",0.0528,0.07,"01359.90"
"A.05.06.010","Passionfruits","Thailand","TH",0.0394,0.07,"01359.90"
"A.05.06.010","Passionfruits","Türkiye","TR",0.1343,0.07,"01359.90"
"A.05.06.010","Passionfruits","Viet Nam","VN",0.0565,0.07,"01359.90"
"A.05.06.010","Passionfruits","South Africa","ZA",0.0169,0.07,"01359.90"
"A.05.06.011","Prickly pears","China, mainland","CN",0.0671,0.07,"01359.90"
"A.05.06.011","Prickly pears","Colombia","CO",0.034,0.07,"01359.90"
"A.05.06.011","Prickly pears","Costa Rica","CR",0.0853,0.07,"01359.90"
"A.05.06.011","Prickly pears","Ecuador","EC",0.0757,0.07,"01359.90"
"A.05.06.011","Prickly pears","Egypt","EG",0.1216,0.07,"01359.90"
"A.05.06.011","Prickly pears","Guatemala","GT",0.0169,0.07,"01359.90"
"A.05.06.011","Prickly pears","India","IN",0.0688,0.07,"01359.90"
"A.05.06.011","Prickly pears","Morocco","MA",0.0869,0.07,"01359.90"
"A.05.06.011","Prickly pears","Madagascar","MG",0.0213,0.07,"01359.90"
"A.05.06.011","Prickly pears","Mexico","MX",0.0413,0.07,"01359.90"
"A.05.06.011","Prickly pears","Peru","PE",0.0645,0.07,"01359.90"
"A.05.06.011","Prickly pears","Philippines","PH",0.0166,0.07,"01359.90"
"A.05.06.011","Prickly pears","Serbia","RS",0.0528,0.07,"01359.90"
"A.05.06.011","Prickly pears","Thailand","TH",0.0394,0.07,"01359.90"
"A.05.06.011","Prickly pears","Türkiye","TR",0.1343,0.07,"01359.90"
"A.05.06.011","Prickly pears","Viet Nam","VN",0.0565,0.07,"01359.90"
"A.05.06.011","Prickly pears","South Africa","ZA",0.0169,0.07,"01359.90"
"A.05.06.013","American persimmons","China, mainland","CN",0.0184,0.07,"01234"
"A.05.06.013","American persimmons","Spain","ES",0.15,0.07,"01234"
"A.05.06.013","American persimmons","France","FR",0.357,0.07,"01234"
"A.05.06.013","American persimmons","Italy","IT",0.2019,0.07,"01234"
"A.05.06.013","American persimmons","Morocco","MA",0.1973,0.07,"01234"
"A.05.06.013","American persimmons","Netherlands (Kingdom of the)","NL",0.0118,0.07,"01234"
"A.05.06.013","American persimmons","Portugal","PT",0.0317,0.07,"01234"
"A.05.06.013","American persimmons","Tunisia","TN",0.0198,0.07,"01234"
"A.05.06.013","American persimmons","Türkiye","TR",0.0122,0.07,"01234"
"A.05.06.014","Avocados","Brazil","BR",0.0152,0.07,"01311"
"A.05.06.014","Avocados","Chile","CL",0.0422,0.07,"01311"
"A.05.06.014","Avocados","Colombia","CO",0.079,0.07,"01311"
"A.05.06.014","Avocados","Dominican Republic","DO",0.0164,0.07,"01311"
"A.05.06.014","Avocados","Spain","ES",0.097,0.07,"01311"
"A.05.06.014","Avocados","Israel","IL",0.1392,0.07,"01311"
"A.05.06.014","Avocados","Kenya","KE",0.0997,0.07,"01311"
"A.05.06.014","Avocados","Morocco","MA",0.101,0.07,"01311"
"A.05.06.014","Avocados","Mexico","MX",0.0295,0.07,"01311"
"A.05.06.014","Avocados","Peru","PE",0.3242,0.07,"01311"
"A.05.06.014","Avocados","South Africa","ZA",0.0567,0.07,"01311"
"A.05.06.015","Bananas (Musa × paradisica)","Côte d'Ivoire","CI",0.2419,0.07,"01312"
"A.05.06.015","Bananas (Musa × paradisica)","Cameroon","CM",0.0533,0.07,"01312"
"A.05.06.015","Bananas (Musa × paradisica)","Colombia","CO",0.1679,0.07,"01312"
"A.05.06.015","Bananas (Musa × paradisica)","Costa Rica","CR",0.1,0.07,"01312"
"A.05.06.015","Bananas (Musa × paradisica)","Dominican Republic","DO",0.0177,0.07,"01312"
"A.05.06.015","Bananas (Musa × paradisica)","Ecuador","EC",0.0868,0.07,"01312"
"A.05.06.015","Bananas (Musa × paradisica)","Spain","ES",0.0259,0.07,"01312"
"A.05.06.015","Bananas (Musa × paradisica)","France","FR",0.2377,0.07,"01312"
"A.05.06.015","Bananas (Musa × paradisica)","Ghana","GH",0.0403,0.07,"01312"
"A.05.06.015","Bananas (Musa × paradisica)","Guatemala","GT",0.0155,0.07,"01312"
"A.05.06.015","Bananas (Musa × paradisica)","Panama","PA",0.0131,0.07,"01312"
"A.05.06.016","Mangoes","Burkina Faso","BF",0.0182,0.07,"01316"
"A.05.06.016","Mangoes","Brazil","BR",0.375,0.07,"01316"
"A.05.06.016","Mangoes","Côte d'Ivoire","CI",0.1055,0.07,"01316"
"A.05.06.016","Mangoes","Dominican Republic","DO",0.0427,0.07,"01316"
"A.05.06.016","Mangoes","Israel","IL",0.1001,0.07,"01316"
"A.05.06.016","Mangoes","Mali","ML",0.0174,0.07,"01316"
"A.05.06.016","Mangoes","Mexico","MX",0.0353,0.07,"01316"
"A.05.06.016","Mangoes","Peru","PE",0.2773,0.07,"01316"
"A.05.06.016","Mangoes","Senegal","SN",0.0285,0.07,"01316"
"A.05.06.017","Papayas","Brazil","BR",0.8879,0.07,"01317"
"A.05.06.017","Papayas","Dominican Republic","DO",0.0107,0.07,"01317"
"A.05.06.017","Papayas","Morocco","MA",0.0305,0.07,"01317"
"A.05.06.017","Papayas","Panama","PA",0.0393,0.07,"01317"
"A.05.06.017","Papayas","Thailand","TH",0.0315,0.07,"01317"
"A.05.06.018","Granate apples","China, mainland","CN",0.0671,0.07,"01359.90"
"A.05.06.018","Granate apples","Colombia","CO",0.034,0.07,"01359.90"
"A.05.06.018","Granate apples","Costa Rica","CR",0.0853,0.07,"01359.90"
"A.05.06.018","Granate apples","Ecuador","EC",0.0757,0.07,"01359.90"
"A.05.06.018","Granate apples","Egypt","EG",0.1216,0.07,"01359.90"
"A.05.06.018","Granate apples","Guatemala","GT",0.0169,0.07,"01359.90"
"A.05.06.018","Granate apples","India","IN",0.0688,0.07,"01359.90"
"A.05.06.018","Granate apples","Morocco","MA",0.0869,0.07,"01359.90"
"A.05.06.018","Granate apples","Madagascar","MG",0.0213,0.07,"01359.90"
"A.05.06.018","Granate apples","Mexico","MX",0.0413,0.07,"01359.90"
"A.05.06.018","Granate apples","Peru","PE",0.0645,0.07,"01359.90"
"A.05.06.018","Granate apples","Philippines","PH",0.0166,0.07,"01359.90"
"A.05.06.018","Granate apples","Serbia","RS",0.0528,0.07,"01359.90"
"A.05.06.018","Granate apples","Thailand","TH",0.0394,0.07,"01359.90"
"A.05.06.018","Granate apples","Türkiye","TR",0.1343,0.07,"01359.90"
"A.05.06.018","Granate apples","Viet Nam","VN",0.0565,0.07,"01359.90"
"A.05.06.018","Granate apples","South Africa","ZA",0.0169,0.07,"01359.90"
"A.05.06.019","Wild sweetsops","China, mainland","CN",0.0671,0.07,"01359.90"
"A.05.06.019","Wild sweetsops","Colombia","CO",0.034,0.07,"01359.90"
"A.05.06.019","Wild sweetsops","Costa Rica","CR",0.0853,0.07,"01359.90"
"A.05.06.019","Wild sweetsops","Ecuador","EC",0.0757,0.07,"01359.90"
"A.05.06.019","Wild sweetsops","Egypt","EG",0.1216,0.07,"01359.90"
"A.05.06.019","Wild sweetsops","Guatemala","GT",0.0169,0.07,"01359.90"
"A.05.06.019","Wild sweetsops","India","IN",0.0688,0.07,"01359.90"
"A.05.06.019","Wild sweetsops","Morocco","MA",0.0869,0.07,"01359.90"
"A.05.06.019","Wild sweetsops","Madagascar","MG",0.0213,0.07,"01359.90"
"A.05.06.019","Wild sweetsops","Mexico","MX",0.0413,0.07,"01359.90"
"A.05.06.019","Wild sweetsops","Peru","PE",0.0645,0.07,"01359.90"
"A.05.06.019","Wild sweetsops","Philippines","PH",0.0166,0.07,"01359.90"
"A.05.06.019","Wild sweetsops","Serbia","RS",0.0528,0.07,"01359.90"
"A.05.06.019","Wild sweetsops","Thailand","TH",0.0394,0.07,"01359.90"
"A.05.06.019","Wild sweetsops","Türkiye","TR",0.1343,0.07,"01359.90"
"A.05.06.019","Wild sweetsops","Viet Nam","VN",0.0565,0.07,"01359.90"
"A.05.06.019","Wild sweetsops","South Africa","ZA",0.0169,0.07,"01359.90"
"A.05.06.020","Guavas","Burkina Faso","BF",0.0182,0.07,"01316"
"A.05.06.020","Guavas","Brazil","BR",0.375,0.07,"01316"
"A.05.06.020","Guavas","Côte d'Ivoire","CI",0.1055,0.07,"01316"
"A.05.06.020","Guavas","Dominican Republic","DO",0.0427,0.07,"01316"
"A.05.06.020","Guavas","Israel","IL",0.1001,0.07,"01316"
"A.05.06.020","Guavas","Mali","ML",0.0174,0.07,"01316"
"A.05.06.020","Guavas","Mexico","MX",0.0353,0.07,"01316"
"A.05.06.020","Guavas","Peru","PE",0.2773,0.07,"01316"
"A.05.06.020","Guavas","Senegal","SN",0.0285,0.07,"01316"
"A.05.06.021","Pineapples","Benin","BJ",0.0128,0.07,"01318"
"A.05.06.021","Pineapples","Côte d'Ivoire","CI",0.0663,0.07,"01318"
"A.05.06.021","Pineapples","Costa Rica","CR",0.6929,0.07,"01318"
"A.05.06.021","Pineapples","Ecuador","EC",0.0375,0.07,"01318"
"A.05.06.021","Pineapples","Indonesia","ID",0.0693,0.07,"01318"
"A.05.06.021","Pineapples","Kenya","KE",0.0234,0.07,"01318"
"A.05.06.021","Pineapples","Philippines","PH",0.0358,0.07,"01318"
"A.05.06.021","Pineapples","Thailand","TH",0.0621,0.07,"01318"
"A.05.06.022","Bread fruit (jackfruit) (Artocarpus altilis)","China, mainland","CN",0.0671,0.07,"01359.90"
"A.05.06.022","Bread fruit (jackfruit) (Artocarpus altilis)","Colombia","CO",0.034,0.07,"01359.90"
"A.05.06.022","Bread fruit (jackfruit) (Artocarpus altilis)","Costa Rica","CR",0.0853,0.07,"01359.90"
"A.05.06.022","Bread fruit (jackfruit) (Artocarpus altilis)","Ecuador","EC",0.0757,0.07,"01359.90"
"A.05.06.022","Bread fruit (jackfruit) (Artocarpus altilis)","Egypt","EG",0.1216,0.07,"01359.90"
"A.05.06.022","Bread fruit (jackfruit) (Artocarpus altilis)","Guatemala","GT",0.0169,0.07,"01359.90"
"A.05.06.022","Bread fruit (jackfruit) (Artocarpus altilis)","India","IN",0.0688,0.07,"01359.90"
"A.05.06.022","Bread fruit (jackfruit) (Artocarpus altilis)","Morocco","MA",0.0869,0.07,"01359.90"
"A.05.06.022","Bread fruit (jackfruit) (Artocarpus altilis)","Madagascar","MG",0.0213,0.07,"01359.90"
"A.05.06.022","Bread fruit (jackfruit) (Artocarpus altilis)","Mexico","MX",0.0413,0.07,"01359.90"
"A.05.06.022","Bread fruit (jackfruit) (Artocarpus altilis)","Peru","PE",0.0645,0.07,"01359.90"
"A.05.06.022","Bread fruit (jackfruit) (Artocarpus altilis)","Philippines","PH",0.0166,0.07,"01359.90"
"A.05.06.022","Bread fruit (jackfruit) (Artocarpus altilis)","Serbia","RS",0.0528,0.07,"01359.90"
"A.05.06.022","Bread fruit (jackfruit) (Artocarpus altilis)","Thailand","TH",0.0394,0.07,"01359.90"
"A.05.06.022","Bread fruit (jackfruit) (Artocarpus altilis)","Türkiye","TR",0.1343,0.07,"01359.90"
"A.05.06.022","Bread fruit (jackfruit) (Artocarpus altilis)","Viet Nam","VN",0.0565,0.07,"01359.90"
"A.05.06.022","Bread fruit (jackfruit) (Artocarpus altilis)","South Africa","ZA",0.0169,0.07,"01359.90"
"A.05.06.029","Papayas","Brazil","BR",0.8879,0.07,"01317"
"A.05.06.029","Papayas","Dominican Republic","DO",0.0107,0.07,"01317"
"A.05.06.029","Papayas","Morocco","MA",0.0305,0.07,"01317"
"A.05.06.029","Papayas","Panama","PA",0.0393,0.07,"01317"
"A.05.06.029","Papayas","Thailand","TH",0.0315,0.07,"01317"
"A.05.06.030","Chayote (Sechium edule)","China, mainland","CN",0.0671,0.07,"01359.90"
"A.05.06.030","Chayote (Sechium edule)","Colombia","CO",0.034,0.07,"01359.90"
"A.05.06.030","Chayote (Sechium edule)","Costa Rica","CR",0.0853,0.07,"01359.90"
"A.05.06.030","Chayote (Sechium edule)","Ecuador","EC",0.0757,0.07,"01359.90"
"A.05.06.030","Chayote (Sechium edule)","Egypt","EG",0.1216,0.07,"01359.90"
"A.05.06.030","Chayote (Sechium edule)","Guatemala","GT",0.0169,0.07,"01359.90"
"A.05.06.030","Chayote (Sechium edule)","India","IN",0.0688,0.07,"01359.90"
"A.05.06.030","Chayote (Sechium edule)","Morocco","MA",0.0869,0.07,"01359.90"
"A.05.06.030","Chayote (Sechium edule)","Madagascar","MG",0.0213,0.07,"01359.90"
"A.05.06.030","Chayote (Sechium edule)","Mexico","MX",0.0413,0.07,"01359.90"
"A.05.06.030","Chayote (Sechium edule)","Peru","PE",0.0645,0.07,"01359.90"
"A.05.06.030","Chayote (Sechium edule)","Philippines","PH",0.0166,0.07,"01359.90"
"A.05.06.030","Chayote (Sechium edule)","Serbia","RS",0.0528,0.07,"01359.90"
"A.05.06.030","Chayote (Sechium edule)","Thailand","TH",0.0394,0.07,"01359.90"
"A.05.06.030","Chayote (Sechium edule)","Türkiye","TR",0.1343,0.07,"01359.90"
"A.05.06.030","Chayote (Sechium edule)","Viet Nam","VN",0.0565,0.07,"01359.90"
"A.05.06.030","Chayote (Sechium edule)","South Africa","ZA",0.0169,0.07,"01359.90"
"A.05.06.034","Longans","China, mainland","CN",0.0671,0.07,"01359.90"
"A.05.06.034","Longans","Colombia","CO",0.034,0.07,"01359.90"
"A.05.06.034","Longans","Costa Rica","CR",0.0853,0.07,"01359.90"
"A.05.06.034","Longans","Ecuador","EC",0.0757,0.07,"01359.90"
"A.05.06.034","Longans","Egypt","EG",0.1216,0.07,"01359.90"
"A.05.06.034","Longans","Guatemala","GT",0.0169,0.07,"01359.90"
"A.05.06.034","Longans","India","IN",0.0688,0.07,"01359.90"
"A.05.06.034","Longans","Morocco","MA",0.0869,0.07,"01359.90"
"A.05.06.034","Longans","Madagascar","MG",0.0213,0.07,"01359.90"
"A.05.06.034","Longans","Mexico","MX",0.0413,0.07,"01359.90"
"A.05.06.034","Longans","Peru","PE",0.0645,0.07,"01359.90"
"A.05.06.034","Longans","Philippines","PH",0.0166,0.07,"01359.90"
"A.05.06.034","Longans","Serbia","RS",0.0528,0.07,"01359.90"
"A.05.06.034","Longans","Thailand","TH",0.0394,0.07,"01359.90"
"A.05.06.034","Longans","Türkiye","TR",0.1343,0.07,"01359.90"
"A.05.06.034","Longans","Viet Nam","VN",0.0565,0.07,"01359.90"
"A.05.06.034","Longans","South Africa","ZA",0.0169,0.07,"01359.90"
"A.06.01.001","Bovine muscle","Belgium","BE",0.0143,0.057,"21111.02"
"A.06.01.001","Bovine muscle","Germany","DE",0.0206,0.057,"21111.02"
"A.06.01.001","Bovine muscle","Spain","ES",0.0112,0.057,"21111.02"
"A.06.01.001","Bovine muscle","France","FR",0.8368,0.057,"21111.02"
"A.06.01.001","Bovine muscle","United Kingdom of Great Britain and Northern Ireland","GB",0.0212,0.057,"21111.02"
"A.06.01.001","Bovine muscle","Ireland","IE",0.0379,0.057,"21111.02"
"A.06.01.001","Bovine muscle","Netherlands (Kingdom of the)","NL",0.0273,0.057,"21111.02"
"A.06.01.001","Bovine muscle","Poland","PL",0.0306,0.057,"21111.02"
"A.06.01.002","Calf fresh meat","Belgium","BE",0.0143,0.057,"21111.02"
"A.06.01.002","Calf fresh meat","Germany","DE",0.0206,0.057,"21111.02"
"A.06.01.002","Calf fresh meat","Spain","ES",0.0112,0.057,"21111.02"
"A.06.01.002","Calf fresh meat","France","FR",0.8368,0.057,"21111.02"
"A.06.01.002","Calf fresh meat","United Kingdom of Great Britain and Northern Ireland","GB",0.0212,0.057,"21111.02"
"A.06.01.002","Calf fresh meat","Ireland","IE",0.0379,0.057,"21111.02"
"A.06.01.002","Calf fresh meat","Netherlands (Kingdom of the)","NL",0.0273,0.057,"21111.02"
"A.06.01.002","Calf fresh meat","Poland","PL",0.0306,0.057,"21111.02"
"A.06.01.003","Pig muscle","Belgium","BE",0.0153,0.057,"21113.02"
"A.06.01.003","Pig muscle","Germany","DE",0.0374,0.057,"21113.02"
"A.06.01.003","Pig muscle","Denmark","DK",0.0111,0.057,"21113.02"
"A.06.01.003","Pig muscle","Spain","ES",0.0808,0.057,"21113.02"
"A.06.01.003","Pig muscle","France","FR",0.8451,0.057,"21113.02"
"A.06.01.003","Pig muscle","Italy","IT",0.0104,0.057,"21113.02"
"A.06.01.004","Sheep muscle","Australia","AU",0.0169,0.057,"21115"
"A.06.01.004","Sheep muscle","Spain","ES",0.0547,0.057,"21115"
"A.06.01.004","Sheep muscle","France","FR",0.4057,0.057,"21115"
"A.06.01.004","Sheep muscle","United Kingdom of Great Britain and Northern Ireland","GB",0.3299,0.057,"21115"
"A.06.01.004","Sheep muscle","Ireland","IE",0.097,0.057,"21115"
"A.06.01.004","Sheep muscle","Netherlands (Kingdom of the)","NL",0.0115,0.057,"21115"
"A.06.01.004","Sheep muscle","New Zealand","NZ",0.0843,0.057,"21115"
"A.06.01.005","Goat muscle","Spain","ES",0.1085,0.057,"21116"
"A.06.01.005","Goat muscle","France","FR",0.8493,0.057,"21116"
"A.06.01.005","Goat muscle","Greece","GR",0.0238,0.057,"21116"
"A.06.01.005","Goat muscle","Netherlands (Kingdom of the)","NL",0.0183,0.057,"21116"
"A.06.01.006","Equine muscle","Argentina","AR",0.4336,0.057,"21118.01"
"A.06.01.006","Equine muscle","Belgium","BE",0.0368,0.057,"21118.01"
"A.06.01.006","Equine muscle","Brazil","BR",0.0295,0.057,"21118.01"
"A.06.01.006","Equine muscle","Germany","DE",0.0179,0.057,"21118.01"
"A.06.01.006","Equine muscle","Spain","ES",0.1212,0.057,"21118.01"
"A.06.01.006","Equine muscle","United Kingdom of Great Britain and Northern Ireland","GB",0.0192,0.057,"21118.01"
"A.06.01.006","Equine muscle","Iceland","IS",0.0119,0.057,"21118.01"
"A.06.01.006","Equine muscle","Uruguay","UY",0.33,0.057,"21118.01"
"A.06.01.007","Rabbit fresh meat","China, mainland","CN",0.0273,0.057,"21114"
"A.06.01.007","Rabbit fresh meat","Spain","ES",0.0129,0.057,"21114"
"A.06.01.007","Rabbit fresh meat","France","FR",0.9598,0.057,"21114"
"A.06.02.001","Chicken meat (Gallus domesticus)","Belgium","BE",0.0646,0.057,"21121"
"A.06.02.001","Chicken meat (Gallus domesticus)","Germany","DE",0.0303,0.057,"21121"
"A.06.02.001","Chicken meat (Gallus domesticus)","Spain","ES",0.0109,0.057,"21121"
"A.06.02.001","Chicken meat (Gallus domesticus)","France","FR",0.7118,0.057,"21121"
"A.06.02.001","Chicken meat (Gallus domesticus)","United Kingdom of Great Britain and Northern Ireland","GB",0.0213,0.057,"21121"
"A.06.02.001","Chicken meat (Gallus domesticus)","Netherlands (Kingdom of the)","NL",0.0459,0.057,"21121"
"A.06.02.001","Chicken meat (Gallus domesticus)","Poland","PL",0.1151,0.057,"21121"
"A.06.02.002","Turkey fresh meat","Germany","DE",0.0271,0.057,"21124"
"A.06.02.002","Turkey fresh meat","Spain","ES",0.0183,0.057,"21124"
"A.06.02.002","Turkey fresh meat","France","FR",0.9083,0.057,"21124"
"A.06.02.002","Turkey fresh meat","Italy","IT",0.0178,0.057,"21124"
"A.06.02.002","Turkey fresh meat","Poland","PL",0.0285,0.057,"21124"
"A.06.02.003","Duck fresh meat","Bulgaria","BG",0.0288,0.057,"21122"
"A.06.02.003","Duck fresh meat","France","FR",0.9268,0.057,"21122"
"A.06.02.003","Duck fresh meat","Hungary","HU",0.0206,0.057,"21122"
"A.06.02.003","Duck fresh meat","Poland","PL",0.0238,0.057,"21122"
"A.06.02.004","Goose fresh meat","Austria","AT",0.028,0.057,"21123"
"A.06.02.004","Goose fresh meat","Germany","DE",0.8759,0.057,"21123"
"A.06.02.004","Goose fresh meat","United Kingdom of Great Britain and Northern Ireland","GB",0.0962,0.057,"21123"
"A.06.02.005","Pigeon fresh meat","Botswana","BW",0.0115,0.057,"21170.01"
"A.06.02.005","Pigeon fresh meat","China, mainland","CN",0.2105,0.057,"21170.01"
"A.06.02.005","Pigeon fresh meat","United Kingdom of Great Britain and Northern Ireland","GB",0.0165,0.057,"21170.01"
"A.06.02.005","Pigeon fresh meat","Iceland","IS",0.0497,0.057,"21170.01"
"A.06.02.005","Pigeon fresh meat","Japan","JP",0.0393,0.057,"21170.01"
"A.06.02.005","Pigeon fresh meat","Republic of Korea","KR",0.0343,0.057,"21170.01"
"A.06.02.005","Pigeon fresh meat","Norway","NO",0.0964,0.057,"21170.01"
"A.06.02.005","Pigeon fresh meat","New Zealand","NZ",0.4978,0.057,"21170.01"
"A.06.02.005","Pigeon fresh meat","Viet Nam","VN",0.044,0.057,"21170.01"
"A.06.02.006","Guinea-fowl fresh meat","Belgium","BE",0.0646,0.057,"21121"
"A.06.02.006","Guinea-fowl fresh meat","Germany","DE",0.0303,0.057,"21121"
"A.06.02.006","Guinea-fowl fresh meat","Spain","ES",0.0109,0.057,"21121"
"A.06.02.006","Guinea-fowl fresh meat","France","FR",0.7118,0.057,"21121"
"A.06.02.006","Guinea-fowl fresh meat","United Kingdom of Great Britain and Northern Ireland","GB",0.0213,0.057,"21121"
"A.06.02.006","Guinea-fowl fresh meat","Netherlands (Kingdom of the)","NL",0.0459,0.057,"21121"
"A.06.02.006","Guinea-fowl fresh meat","Poland","PL",0.1151,0.057,"21121"
"A.06.02.007","Ratites fresh meat","Argentina","AR",0.0735,0.057,"21170.02"
"A.06.02.007","Ratites fresh meat","United Kingdom of Great Britain and Northern Ireland","GB",0.4323,0.057,"21170.02"
"A.06.02.007","Ratites fresh meat","New Zealand","NZ",0.4941,0.057,"21170.02"
"A.06.03.001","Wild boar fresh meat","Argentina","AR",0.0735,0.057,"21170.02"
"A.06.03.001","Wild boar fresh meat","United Kingdom of Great Britain and Northern Ireland","GB",0.4323,0.057,"21170.02"
"A.06.03.001","Wild boar fresh meat","New Zealand","NZ",0.4941,0.057,"21170.02"
"A.06.03.002","Deer, red fresh meat","Argentina","AR",0.0735,0.057,"21170.02"
"A.06.03.002","Deer, red fresh meat","United Kingdom of Great Britain and Northern Ireland","GB",0.4323,0.057,"21170.02"
"A.06.03.002","Deer, red fresh meat","New Zealand","NZ",0.4941,0.057,"21170.02"
"A.06.03.003","European moose meat","Argentina","AR",0.0735,0.057,"21170.02"
"A.06.03.003","European moose meat","United Kingdom of Great Britain and Northern Ireland","GB",0.4323,0.057,"21170.02"
"A.06.03.003","European moose meat","New Zealand","NZ",0.4941,0.057,"21170.02"
"A.06.03.004","Reindeer meat","Argentina","AR",0.0735,0.057,"21170.02"
"A.06.03.004","Reindeer meat","United Kingdom of Great Britain and Northern Ireland","GB",0.4323,0.057,"21170.02"
"A.06.03.004","Reindeer meat","New Zealand","NZ",0.4941,0.057,"21170.02"
"A.06.03.006","Hare fresh meat","China, mainland","CN",0.0273,0.057,"21114"
"A.06.03.006","Hare fresh meat","Spain","ES",0.0129,0.057,"21114"
"A.06.03.006","Hare fresh meat","France","FR",0.9598,0.057,"21114"
"A.06.04.001","Pheasant fresh meat","Argentina","AR",0.0735,0.057,"21170.02"
"A.06.04.001","Pheasant fresh meat","United Kingdom of Great Britain and Northern Ireland","GB",0.4323,0.057,"21170.02"
"A.06.04.001","Pheasant fresh meat","New Zealand","NZ",0.4941,0.057,"21170.02"
"A.06.04.003","Mallard fresh meat","Argentina","AR",0.0735,0.057,"21170.02"
"A.06.04.003","Mallard fresh meat","United Kingdom of Great Britain and Northern Ireland","GB",0.4323,0.057,"21170.02"
"A.06.04.003","Mallard fresh meat","New Zealand","NZ",0.4941,0.057,"21170.02"
"A.06.04.004","Partridge fresh meat","Argentina","AR",0.0735,0.057,"21170.02"
"A.06.04.004","Partridge fresh meat","United Kingdom of Great Britain and Northern Ireland","GB",0.4323,0.057,"21170.02"
"A.06.04.004","Partridge fresh meat","New Zealand","NZ",0.4941,0.057,"21170.02"
"A.06.04.005","Quail fresh meat","Argentina","AR",0.0735,0.057,"21170.02"
"A.06.04.005","Quail fresh meat","United Kingdom of Great Britain and Northern Ireland","GB",0.4323,0.057,"21170.02"
"A.06.04.005","Quail fresh meat","New Zealand","NZ",0.4941,0.057,"21170.02"
"A.07.01.001","Herrings","Rest of World","RoW",1,0.02,"BF-01"
"A.07.01.002","Sprat","Rest of World","RoW",1,0.02,"BF-03"
"A.07.01.003","European sardine","Rest of World","RoW",1,0.02,"BF-04"
"A.07.01.004","Anchovies","Rest of World","RoW",1,0.02,"BF-05"
"A.07.01.007","Char","Rest of World","RoW",1,0.02,"BF-06"
"A.07.01.008","Smelt","Rest of World","RoW",1,0.02,"BF-07"
"A.07.01.009","Whitefishes or coregonus","Rest of World","RoW",1,0.02,"BF-08"
"A.07.01.010","Perch","Rest of World","RoW",1,0.02,"BF-09"
"A.07.01.011","Sea bass","Rest of World","RoW",1,0.02,"BF-10"
"A.07.01.013","Mackerel","Rest of World","RoW",1,0.02,"BF-11"
"A.07.01.014","Tuna and bonito (generic)","Rest of World","RoW",1,0.02,"BF-12"
"A.07.01.016","Mullets","Rest of World","RoW",1,0.02,"BF-13"
"A.07.01.018","Hakes","Rest of World","RoW",1,0.02,"BF-14"
"A.07.01.019","Flounders","Rest of World","RoW",1,0.02,"BF-15"
"A.07.01.020","Halibut","Rest of World","RoW",1,0.02,"BF-16"
"A.07.01.021","Plaice","Rest of World","RoW",1,0.02,"BF-17"
"A.07.01.022","Sole","Rest of World","RoW",1,0.02,"BF-18"
"A.07.01.024","Carps","Rest of World","RoW",1,0.02,"BF-19"
"A.07.01.026","Freshwater bream - Europe","Rest of World","RoW",1,0.02,"BF-20"
"A.07.01.027","River eels","Rest of World","RoW",1,0.02,"BF-21"
"A.07.01.029","Anglerfish and monkfish","Rest of World","RoW",1,0.02,"BF-22"
"A.07.01.030","Sharks","Rest of World","RoW",1,0.02,"BF-23"
"A.07.01.031","Rays","Rest of World","RoW",1,0.02,"BF-24"
"A.07.01.032","Sturgeon roe","Rest of World","RoW",1,0.02,"BF-25"
"A.07.01.033","Bonito","Rest of World","RoW",1,0.02,"BF-26"
"A.07.01.035","Sardines and sardine-type fishes","Rest of World","RoW",1,0.02,"BF-27"
"A.07.01.036","Swordfish","Rest of World","RoW",1,0.02,"BF-28"
"A.07.04.001","Freshwater crabs","Rest of World","RoW",1,0.02,"BF-29"
"A.07.04.002","Lobsters","Rest of World","RoW",1,0.02,"BF-30"
"A.07.04.003","Lobster, norway","Rest of World","RoW",1,0.02,"BF-31"
"A.07.04.004","Prawn, giant tiger","Rest of World","RoW",1,0.02,"BF-32"
"A.07.04.005","White shrimp","Rest of World","RoW",1,0.02,"BF-33"
"A.07.04.006","Spiny and rock lobsters","Rest of World","RoW",1,0.02,"BF-34"
"A.07.04.007","Freshwater crayfishes","Rest of World","RoW",1,0.02,"BF-35"
"A.07.05.001","Squids","Rest of World","RoW",1,0.02,"BF-36"
"A.07.05.002","Octopuses","Rest of World","RoW",1,0.02,"BF-37"
"A.07.05.003","Cuttlefishes","Rest of World","RoW",1,0.02,"BF-38"
"A.07.05.005","Clams","Rest of World","RoW",1,0.02,"BF-39"
"A.07.05.006","Cockles","Rest of World","RoW",1,0.02,"BF-40"
"A.07.05.007","Mussels","Rest of World","RoW",1,0.02,"BF-41"
"A.07.05.008","Oysters","Rest of World","RoW",1,0.02,"BF-42"
"A.07.05.010","Scallops, pectens","Rest of World","RoW",1,0.02,"BF-43"
"A.07.05.013","Whelk (Buccinum undatum, Fusus antiquus)","Rest of World","RoW",1,0.02,"BF-44"
"A.07.05.014","Winkle (Littorina littorea)","Rest of World","RoW",1,0.02,"BF-44"
"A.07.06.001","Frogs (legs)","Rest of World","RoW",1,0.02,"BF-45"
"A.07.06.004","Snails","Rest of World","RoW",1,0.02,"BF-46"
"A.08.01.001.001","Cow milk, > 4% fat (inc. Channel Island milk)","Belgium","BE",0.0162,0.017,"02211"
"A.08.01.001.001","Cow milk, > 4% fat (inc. Channel Island milk)","Germany","DE",0.0453,0.017,"02211"
"A.08.01.001.001","Cow milk, > 4% fat (inc. Channel Island milk)","France","FR",0.8499,0.017,"02211"
"A.08.01.001.001","Cow milk, > 4% fat (inc. Channel Island milk)","United Kingdom of Great Britain and Northern Ireland","GB",0.0155,0.017,"02211"
"A.08.01.001.001","Cow milk, > 4% fat (inc. Channel Island milk)","Ireland","IE",0.0124,0.017,"02211"
"A.08.01.001.001","Cow milk, > 4% fat (inc. Channel Island milk)","Italy","IT",0.0212,0.017,"02211"
"A.08.01.001.001","Cow milk, > 4% fat (inc. Channel Island milk)","Netherlands (Kingdom of the)","NL",0.0396,0.017,"02211"
"A.08.01.001.002","Cow milk","Belgium","BE",0.0162,0.017,"02211"
"A.08.01.001.002","Cow milk","Germany","DE",0.0453,0.017,"02211"
"A.08.01.001.002","Cow milk","France","FR",0.8499,0.017,"02211"
"A.08.01.001.002","Cow milk","United Kingdom of Great Britain and Northern Ireland","GB",0.0155,0.017,"02211"
"A.08.01.001.002","Cow milk","Ireland","IE",0.0124,0.017,"02211"
"A.08.01.001.002","Cow milk","Italy","IT",0.0212,0.017,"02211"
"A.08.01.001.002","Cow milk","Netherlands (Kingdom of the)","NL",0.0396,0.017,"02211"
"A.08.01.002","Sheep milk","France","FR",1,0.017,"02291"
"A.08.01.003","Water buffalo milk","Indonesia","ID",0.0208,0.07,"02212"
"A.08.01.003","Water buffalo milk","Madagascar","MG",0.8762,0.07,"02212"
"A.08.01.003","Water buffalo milk","Papua New Guinea","PG",0.0418,0.07,"02212"
"A.08.01.003","Water buffalo milk","Uganda","UG",0.0612,0.07,"02212"
"A.08.01.005","Goat milk","France","FR",1,0.017,"02292"
"A.08.01.007","Ass milk","Belgium","BE",0.0162,0.017,"02211"
"A.08.01.007","Ass milk","Germany","DE",0.0453,0.017,"02211"
"A.08.01.007","Ass milk","France","FR",0.8499,0.017,"02211"
"A.08.01.007","Ass milk","United Kingdom of Great Britain and Northern Ireland","GB",0.0155,0.017,"02211"
"A.08.01.007","Ass milk","Ireland","IE",0.0124,0.017,"02211"
"A.08.01.007","Ass milk","Italy","IT",0.0212,0.017,"02211"
"A.08.01.007","Ass milk","Netherlands (Kingdom of the)","NL",0.0396,0.017,"02211"
"A.08.01.009","Human milk","Rest of World","RoW",1,0,"MI-50"
"A.09.01.001","Hen eggs","Germany","DE",0.2265,0.017,"0231"
"A.09.01.001","Hen eggs","Denmark","DK",0.0306,0.017,"0231"
"A.09.01.001","Hen eggs","Spain","ES",0.45,0.017,"0231"
"A.09.01.001","Hen eggs","Finland","FI",0.0158,0.017,"0231"
"A.09.01.001","Hen eggs","United Kingdom of Great Britain and Northern Ireland","GB",0.0104,0.017,"0231"
"A.09.01.001","Hen eggs","Italy","IT",0.0594,0.017,"0231"
"A.09.01.001","Hen eggs","Portugal","PT",0.0397,0.017,"0231"
"A.09.01.001","Hen eggs","Sweden","SE",0.017,0.017,"0231"
"A.09.01.001","Hen eggs","Ukraine","UA",0.13,0.017,"0231"
"A.09.01.001","Hen eggs","United States of America","US",0.0206,0.017,"0231"
"A.09.01.005","Duck eggs","RoW","RoW",1,0.017,"0232"
"A.09.01.006","Goose eggs","RoW","RoW",1,0.017,"0232"
"A.09.01.007","Quail eggs","RoW","RoW",1,0.017,"0232"
"A.10.02.001","Nutritive sweeteners (e.g., sorbitol, manitol)","Rest of World","RoW",1,0,"MI-44"
"A.10.02.001.007","Hydrogenated starch hydrolysates","Rest of World","RoW",1,0,"MI-28"
"A.10.02.002.001","Saccharine","Rest of World","RoW",1,0,"MI-45"
"A.10.02.002.002","Aspartam","Rest of World","RoW",1,0,"MI-02"
"A.10.02.002.003","Acesulfame K","Rest of World","RoW",1,0,"MI-03"
"A.10.02.002.004","Sucralose","Rest of World","RoW",1,0,"MI-04"
"A.10.02.002.005","Cyclamate","Rest of World","RoW",1,0,"MI-46"
"A.10.07","Honey","Argentina","AR",0.0493,0.06,"02910"
"A.10.07","Honey","China, mainland","CN",0.1301,0.06,"02910"
"A.10.07","Honey","Cuba","CU",0.0168,0.06,"02910"
"A.10.07","Honey","Germany","DE",0.0379,0.06,"02910"
"A.10.07","Honey","Spain","ES",0.0635,0.06,"02910"
"A.10.07","Honey","France","FR",0.4177,0.06,"02910"
"A.10.07","Honey","Greece","GR",0.0148,0.06,"02910"
"A.10.07","Honey","Mexico","MX",0.0218,0.06,"02910"
"A.10.07","Honey","Poland","PL",0.0297,0.06,"02910"
"A.10.07","Honey","Romania","RO",0.0175,0.06,"02910"
"A.10.07","Honey","Türkiye","TR",0.0131,0.06,"02910"
"A.10.07","Honey","Ukraine","UA",0.174,0.06,"02910"
"A.10.07","Honey","Viet Nam","VN",0.0139,0.06,"02910"
"A.15","Drinking water","Rest of World","RoW",1,0,"MI-05"
"A.15.01","Tap water","Rest of World","RoW",1,0,"MI-06"
"A.15.02","Well water","Rest of World","RoW",1,0,"MI-07"
"A.15.03","Bottled water","Rest of World","RoW",1,0,"MI-08"
"A.15.03.001","Bottled water","Rest of World","RoW",1,0,"MI-09"
"A.15.03.002","Bottled water","Rest of World","RoW",1,0,"MI-10"
"A.15.04","Drinking water","Rest of World","RoW",1,0,"MI-11"
"A.16.01.001","Chervil","Bosnia and Herzegovina","BA",0.0116,0.07,"01654"
"A.16.01.001","Chervil","China, mainland","CN",0.026,0.07,"01654"
"A.16.01.001","Chervil","Egypt","EG",0.1126,0.07,"01654"
"A.16.01.001","Chervil","India","IN",0.4063,0.07,"01654"
"A.16.01.001","Chervil","Iran (Islamic Republic of)","IR",0.0228,0.07,"01654"
"A.16.01.001","Chervil","Morocco","MA",0.0448,0.07,"01654"
"A.16.01.001","Chervil","North Macedonia","MK",0.0385,0.07,"01654"
"A.16.01.001","Chervil","Serbia","RS",0.0121,0.07,"01654"
"A.16.01.001","Chervil","Russian Federation","RU",0.1167,0.07,"01654"
"A.16.01.001","Chervil","Syrian Arab Republic","SY",0.1041,0.07,"01654"
"A.16.01.001","Chervil","Türkiye","TR",0.0591,0.07,"01654"
"A.16.01.001","Chervil","Ukraine","UA",0.0226,0.07,"01654"
"A.16.01.001","Chervil","Viet Nam","VN",0.0228,0.07,"01654"
"A.16.01.002","Chives","China, mainland","CN",0.0216,0.07,"01699"
"A.16.01.002","Chives","Indonesia","ID",0.0193,0.07,"01699"
"A.16.01.002","Chives","India","IN",0.7321,0.07,"01699"
"A.16.01.002","Chives","Madagascar","MG",0.0205,0.07,"01699"
"A.16.01.002","Chives","Peru","PE",0.0298,0.07,"01699"
"A.16.01.002","Chives","Pakistan","PK",0.0484,0.07,"01699"
"A.16.01.002","Chives","Syrian Arab Republic","SY",0.0292,0.07,"01699"
"A.16.01.002","Chives","Türkiye","TR",0.0991,0.07,"01699"
"A.16.01.003","Dill leaves","China, mainland","CN",0.0216,0.07,"01699"
"A.16.01.003","Dill leaves","Indonesia","ID",0.0193,0.07,"01699"
"A.16.01.003","Dill leaves","India","IN",0.7321,0.07,"01699"
"A.16.01.003","Dill leaves","Madagascar","MG",0.0205,0.07,"01699"
"A.16.01.003","Dill leaves","Peru","PE",0.0298,0.07,"01699"
"A.16.01.003","Dill leaves","Pakistan","PK",0.0484,0.07,"01699"
"A.16.01.003","Dill leaves","Syrian Arab Republic","SY",0.0292,0.07,"01699"
"A.16.01.003","Dill leaves","Türkiye","TR",0.0991,0.07,"01699"
"A.16.01.004","Celery leaves","China, mainland","CN",0.0216,0.07,"01699"
"A.16.01.004","Celery leaves","Indonesia","ID",0.0193,0.07,"01699"
"A.16.01.004","Celery leaves","India","IN",0.7321,0.07,"01699"
"A.16.01.004","Celery leaves","Madagascar","MG",0.0205,0.07,"01699"
"A.16.01.004","Celery leaves","Peru","PE",0.0298,0.07,"01699"
"A.16.01.004","Celery leaves","Pakistan","PK",0.0484,0.07,"01699"
"A.16.01.004","Celery leaves","Syrian Arab Republic","SY",0.0292,0.07,"01699"
"A.16.01.004","Celery leaves","Türkiye","TR",0.0991,0.07,"01699"
"A.16.01.005","Parsley","China, mainland","CN",0.0216,0.07,"01699"
"A.16.01.005","Parsley","Indonesia","ID",0.0193,0.07,"01699"
"A.16.01.005","Parsley","India","IN",0.7321,0.07,"01699"
"A.16.01.005","Parsley","Madagascar","MG",0.0205,0.07,"01699"
"A.16.01.005","Parsley","Peru","PE",0.0298,0.07,"01699"
"A.16.01.005","Parsley","Pakistan","PK",0.0484,0.07,"01699"
"A.16.01.005","Parsley","Syrian Arab Republic","SY",0.0292,0.07,"01699"
"A.16.01.005","Parsley","Türkiye","TR",0.0991,0.07,"01699"
"A.16.01.006","Sage","China, mainland","CN",0.0216,0.07,"01699"
"A.16.01.006","Sage","Indonesia","ID",0.0193,0.07,"01699"
"A.16.01.006","Sage","India","IN",0.7321,0.07,"01699"
"A.16.01.006","Sage","Madagascar","MG",0.0205,0.07,"01699"
"A.16.01.006","Sage","Peru","PE",0.0298,0.07,"01699"
"A.16.01.006","Sage","Pakistan","PK",0.0484,0.07,"01699"
"A.16.01.006","Sage","Syrian Arab Republic","SY",0.0292,0.07,"01699"
"A.16.01.006","Sage","Türkiye","TR",0.0991,0.07,"01699"
"A.16.01.007","Rosemary","China, mainland","CN",0.0216,0.07,"01699"
"A.16.01.007","Rosemary","Indonesia","ID",0.0193,0.07,"01699"
"A.16.01.007","Rosemary","India","IN",0.7321,0.07,"01699"
"A.16.01.007","Rosemary","Madagascar","MG",0.0205,0.07,"01699"
"A.16.01.007","Rosemary","Peru","PE",0.0298,0.07,"01699"
"A.16.01.007","Rosemary","Pakistan","PK",0.0484,0.07,"01699"
"A.16.01.007","Rosemary","Syrian Arab Republic","SY",0.0292,0.07,"01699"
"A.16.01.007","Rosemary","Türkiye","TR",0.0991,0.07,"01699"
"A.16.01.008","Thyme","China, mainland","CN",0.0216,0.07,"01699"
"A.16.01.008","Thyme","Indonesia","ID",0.0193,0.07,"01699"
"A.16.01.008","Thyme","India","IN",0.7321,0.07,"01699"
"A.16.01.008","Thyme","Madagascar","MG",0.0205,0.07,"01699"
"A.16.01.008","Thyme","Peru","PE",0.0298,0.07,"01699"
"A.16.01.008","Thyme","Pakistan","PK",0.0484,0.07,"01699"
"A.16.01.008","Thyme","Syrian Arab Republic","SY",0.0292,0.07,"01699"
"A.16.01.008","Thyme","Türkiye","TR",0.0991,0.07,"01699"
"A.16.01.009","Basil","China, mainland","CN",0.0216,0.07,"01699"
"A.16.01.009","Basil","Indonesia","ID",0.0193,0.07,"01699"
"A.16.01.009","Basil","India","IN",0.7321,0.07,"01699"
"A.16.01.009","Basil","Madagascar","MG",0.0205,0.07,"01699"
"A.16.01.009","Basil","Peru","PE",0.0298,0.07,"01699"
"A.16.01.009","Basil","Pakistan","PK",0.0484,0.07,"01699"
"A.16.01.009","Basil","Syrian Arab Republic","SY",0.0292,0.07,"01699"
"A.16.01.009","Basil","Türkiye","TR",0.0991,0.07,"01699"
"A.16.01.010","Laurel","China, mainland","CN",0.0216,0.07,"01699"
"A.16.01.010","Laurel","Indonesia","ID",0.0193,0.07,"01699"
"A.16.01.010","Laurel","India","IN",0.7321,0.07,"01699"
"A.16.01.010","Laurel","Madagascar","MG",0.0205,0.07,"01699"
"A.16.01.010","Laurel","Peru","PE",0.0298,0.07,"01699"
"A.16.01.010","Laurel","Pakistan","PK",0.0484,0.07,"01699"
"A.16.01.010","Laurel","Syrian Arab Republic","SY",0.0292,0.07,"01699"
"A.16.01.010","Laurel","Türkiye","TR",0.0991,0.07,"01699"
"A.16.01.011","Tarragon","China, mainland","CN",0.0216,0.07,"01699"
"A.16.01.011","Tarragon","Indonesia","ID",0.0193,0.07,"01699"
"A.16.01.011","Tarragon","India","IN",0.7321,0.07,"01699"
"A.16.01.011","Tarragon","Madagascar","MG",0.0205,0.07,"01699"
"A.16.01.011","Tarragon","Peru","PE",0.0298,0.07,"01699"
"A.16.01.011","Tarragon","Pakistan","PK",0.0484,0.07,"01699"
"A.16.01.011","Tarragon","Syrian Arab Republic","SY",0.0292,0.07,"01699"
"A.16.01.011","Tarragon","Türkiye","TR",0.0991,0.07,"01699"
"A.16.02.004","Allspice fruit","China, mainland","CN",0.0216,0.07,"01699"
"A.16.02.004","Allspice fruit","Indonesia","ID",0.0193,0.07,"01699"
"A.16.02.004","Allspice fruit","India","IN",0.7321,0.07,"01699"
"A.16.02.004","Allspice fruit","Madagascar","MG",0.0205,0.07,"01699"
"A.16.02.004","Allspice fruit","Peru","PE",0.0298,0.07,"01699"
"A.16.02.004","Allspice fruit","Pakistan","PK",0.0484,0.07,"01699"
"A.16.02.004","Allspice fruit","Syrian Arab Republic","SY",0.0292,0.07,"01699"
"A.16.02.004","Allspice fruit","Türkiye","TR",0.0991,0.07,"01699"
"A.16.02.006","Anise seed","Bosnia and Herzegovina","BA",0.0116,0.07,"01654"
"A.16.02.006","Anise seed","China, mainland","CN",0.026,0.07,"01654"
"A.16.02.006","Anise seed","Egypt","EG",0.1126,0.07,"01654"
"A.16.02.006","Anise seed","India","IN",0.4063,0.07,"01654"
"A.16.02.006","Anise seed","Iran (Islamic Republic of)","IR",0.0228,0.07,"01654"
"A.16.02.006","Anise seed","Morocco","MA",0.0448,0.07,"01654"
"A.16.02.006","Anise seed","North Macedonia","MK",0.0385,0.07,"01654"
"A.16.02.006","Anise seed","Serbia","RS",0.0121,0.07,"01654"
"A.16.02.006","Anise seed","Russian Federation","RU",0.1167,0.07,"01654"
"A.16.02.006","Anise seed","Syrian Arab Republic","SY",0.1041,0.07,"01654"
"A.16.02.006","Anise seed","Türkiye","TR",0.0591,0.07,"01654"
"A.16.02.006","Anise seed","Ukraine","UA",0.0226,0.07,"01654"
"A.16.02.006","Anise seed","Viet Nam","VN",0.0228,0.07,"01654"
"A.16.02.008","Black caraway seed","Bosnia and Herzegovina","BA",0.0116,0.07,"01654"
"A.16.02.008","Black caraway seed","China, mainland","CN",0.026,0.07,"01654"
"A.16.02.008","Black caraway seed","Egypt","EG",0.1126,0.07,"01654"
"A.16.02.008","Black caraway seed","India","IN",0.4063,0.07,"01654"
"A.16.02.008","Black caraway seed","Iran (Islamic Republic of)","IR",0.0228,0.07,"01654"
"A.16.02.008","Black caraway seed","Morocco","MA",0.0448,0.07,"01654"
"A.16.02.008","Black caraway seed","North Macedonia","MK",0.0385,0.07,"01654"
"A.16.02.008","Black caraway seed","Serbia","RS",0.0121,0.07,"01654"
"A.16.02.008","Black caraway seed","Russian Federation","RU",0.1167,0.07,"01654"
"A.16.02.008","Black caraway seed","Syrian Arab Republic","SY",0.1041,0.07,"01654"
"A.16.02.008","Black caraway seed","Türkiye","TR",0.0591,0.07,"01654"
"A.16.02.008","Black caraway seed","Ukraine","UA",0.0226,0.07,"01654"
"A.16.02.008","Black caraway seed","Viet Nam","VN",0.0228,0.07,"01654"
"A.16.02.009","Capers buds","China, mainland","CN",0.0216,0.07,"01699"
"A.16.02.009","Capers buds","Indonesia","ID",0.0193,0.07,"01699"
"A.16.02.009","Capers buds","India","IN",0.7321,0.07,"01699"
"A.16.02.009","Capers buds","Madagascar","MG",0.0205,0.07,"01699"
"A.16.02.009","Capers buds","Peru","PE",0.0298,0.07,"01699"
"A.16.02.009","Capers buds","Pakistan","PK",0.0484,0.07,"01699"
"A.16.02.009","Capers buds","Syrian Arab Republic","SY",0.0292,0.07,"01699"
"A.16.02.009","Capers buds","Türkiye","TR",0.0991,0.07,"01699"
"A.16.02.010","Caraway fruit","Bosnia and Herzegovina","BA",0.0116,0.07,"01654"
"A.16.02.010","Caraway fruit","China, mainland","CN",0.026,0.07,"01654"
"A.16.02.010","Caraway fruit","Egypt","EG",0.1126,0.07,"01654"
"A.16.02.010","Caraway fruit","India","IN",0.4063,0.07,"01654"
"A.16.02.010","Caraway fruit","Iran (Islamic Republic of)","IR",0.0228,0.07,"01654"
"A.16.02.010","Caraway fruit","Morocco","MA",0.0448,0.07,"01654"
"A.16.02.010","Caraway fruit","North Macedonia","MK",0.0385,0.07,"01654"
"A.16.02.010","Caraway fruit","Serbia","RS",0.0121,0.07,"01654"
"A.16.02.010","Caraway fruit","Russian Federation","RU",0.1167,0.07,"01654"
"A.16.02.010","Caraway fruit","Syrian Arab Republic","SY",0.1041,0.07,"01654"
"A.16.02.010","Caraway fruit","Türkiye","TR",0.0591,0.07,"01654"
"A.16.02.010","Caraway fruit","Ukraine","UA",0.0226,0.07,"01654"
"A.16.02.010","Caraway fruit","Viet Nam","VN",0.0228,0.07,"01654"
"A.16.02.011","Cardamom fruit","China, mainland","CN",0.0216,0.07,"01699"
"A.16.02.011","Cardamom fruit","Indonesia","ID",0.0193,0.07,"01699"
"A.16.02.011","Cardamom fruit","India","IN",0.7321,0.07,"01699"
"A.16.02.011","Cardamom fruit","Madagascar","MG",0.0205,0.07,"01699"
"A.16.02.011","Cardamom fruit","Peru","PE",0.0298,0.07,"01699"
"A.16.02.011","Cardamom fruit","Pakistan","PK",0.0484,0.07,"01699"
"A.16.02.011","Cardamom fruit","Syrian Arab Republic","SY",0.0292,0.07,"01699"
"A.16.02.011","Cardamom fruit","Türkiye","TR",0.0991,0.07,"01699"
"A.16.02.014","Cinnamon bark","China, mainland","CN",0.0216,0.07,"01699"
"A.16.02.014","Cinnamon bark","Indonesia","ID",0.0193,0.07,"01699"
"A.16.02.014","Cinnamon bark","India","IN",0.7321,0.07,"01699"
"A.16.02.014","Cinnamon bark","Madagascar","MG",0.0205,0.07,"01699"
"A.16.02.014","Cinnamon bark","Peru","PE",0.0298,0.07,"01699"
"A.16.02.014","Cinnamon bark","Pakistan","PK",0.0484,0.07,"01699"
"A.16.02.014","Cinnamon bark","Syrian Arab Republic","SY",0.0292,0.07,"01699"
"A.16.02.014","Cinnamon bark","Türkiye","TR",0.0991,0.07,"01699"
"A.16.02.015","Cloves buds","China, mainland","CN",0.0216,0.07,"01699"
"A.16.02.015","Cloves buds","Indonesia","ID",0.0193,0.07,"01699"
"A.16.02.015","Cloves buds","India","IN",0.7321,0.07,"01699"
"A.16.02.015","Cloves buds","Madagascar","MG",0.0205,0.07,"01699"
"A.16.02.015","Cloves buds","Peru","PE",0.0298,0.07,"01699"
"A.16.02.015","Cloves buds","Pakistan","PK",0.0484,0.07,"01699"
"A.16.02.015","Cloves buds","Syrian Arab Republic","SY",0.0292,0.07,"01699"
"A.16.02.015","Cloves buds","Türkiye","TR",0.0991,0.07,"01699"
"A.16.02.016","Coriander seed","Bosnia and Herzegovina","BA",0.0116,0.07,"01654"
"A.16.02.016","Coriander seed","China, mainland","CN",0.026,0.07,"01654"
"A.16.02.016","Coriander seed","Egypt","EG",0.1126,0.07,"01654"
"A.16.02.016","Coriander seed","India","IN",0.4063,0.07,"01654"
"A.16.02.016","Coriander seed","Iran (Islamic Republic of)","IR",0.0228,0.07,"01654"
"A.16.02.016","Coriander seed","Morocco","MA",0.0448,0.07,"01654"
"A.16.02.016","Coriander seed","North Macedonia","MK",0.0385,0.07,"01654"
"A.16.02.016","Coriander seed","Serbia","RS",0.0121,0.07,"01654"
"A.16.02.016","Coriander seed","Russian Federation","RU",0.1167,0.07,"01654"
"A.16.02.016","Coriander seed","Syrian Arab Republic","SY",0.1041,0.07,"01654"
"A.16.02.016","Coriander seed","Türkiye","TR",0.0591,0.07,"01654"
"A.16.02.016","Coriander seed","Ukraine","UA",0.0226,0.07,"01654"
"A.16.02.016","Coriander seed","Viet Nam","VN",0.0228,0.07,"01654"
"A.16.02.017","Cumin seed","Bosnia and Herzegovina","BA",0.0116,0.07,"01654"
"A.16.02.017","Cumin seed","China, mainland","CN",0.026,0.07,"01654"
"A.16.02.017","Cumin seed","Egypt","EG",0.1126,0.07,"01654"
"A.16.02.017","Cumin seed","India","IN",0.4063,0.07,"01654"
"A.16.02.017","Cumin seed","Iran (Islamic Republic of)","IR",0.0228,0.07,"01654"
"A.16.02.017","Cumin seed","Morocco","MA",0.0448,0.07,"01654"
"A.16.02.017","Cumin seed","North Macedonia","MK",0.0385,0.07,"01654"
"A.16.02.017","Cumin seed","Serbia","RS",0.0121,0.07,"01654"
"A.16.02.017","Cumin seed","Russian Federation","RU",0.1167,0.07,"01654"
"A.16.02.017","Cumin seed","Syrian Arab Republic","SY",0.1041,0.07,"01654"
"A.16.02.017","Cumin seed","Türkiye","TR",0.0591,0.07,"01654"
"A.16.02.017","Cumin seed","Ukraine","UA",0.0226,0.07,"01654"
"A.16.02.017","Cumin seed","Viet Nam","VN",0.0228,0.07,"01654"
"A.16.02.018","Dill seed (Anethum graveolens)","Bosnia and Herzegovina","BA",0.0116,0.07,"01654"
"A.16.02.018","Dill seed (Anethum graveolens)","China, mainland","CN",0.026,0.07,"01654"
"A.16.02.018","Dill seed (Anethum graveolens)","Egypt","EG",0.1126,0.07,"01654"
"A.16.02.018","Dill seed (Anethum graveolens)","India","IN",0.4063,0.07,"01654"
"A.16.02.018","Dill seed (Anethum graveolens)","Iran (Islamic Republic of)","IR",0.0228,0.07,"01654"
"A.16.02.018","Dill seed (Anethum graveolens)","Morocco","MA",0.0448,0.07,"01654"
"A.16.02.018","Dill seed (Anethum graveolens)","North Macedonia","MK",0.0385,0.07,"01654"
"A.16.02.018","Dill seed (Anethum graveolens)","Serbia","RS",0.0121,0.07,"01654"
"A.16.02.018","Dill seed (Anethum graveolens)","Russian Federation","RU",0.1167,0.07,"01654"
"A.16.02.018","Dill seed (Anethum graveolens)","Syrian Arab Republic","SY",0.1041,0.07,"01654"
"A.16.02.018","Dill seed (Anethum graveolens)","Türkiye","TR",0.0591,0.07,"01654"
"A.16.02.018","Dill seed (Anethum graveolens)","Ukraine","UA",0.0226,0.07,"01654"
"A.16.02.018","Dill seed (Anethum graveolens)","Viet Nam","VN",0.0228,0.07,"01654"
"A.16.02.019","Fennel seed","Bosnia and Herzegovina","BA",0.0116,0.07,"01654"
"A.16.02.019","Fennel seed","China, mainland","CN",0.026,0.07,"01654"
"A.16.02.019","Fennel seed","Egypt","EG",0.1126,0.07,"01654"
"A.16.02.019","Fennel seed","India","IN",0.4063,0.07,"01654"
"A.16.02.019","Fennel seed","Iran (Islamic Republic of)","IR",0.0228,0.07,"01654"
"A.16.02.019","Fennel seed","Morocco","MA",0.0448,0.07,"01654"
"A.16.02.019","Fennel seed","North Macedonia","MK",0.0385,0.07,"01654"
"A.16.02.019","Fennel seed","Serbia","RS",0.0121,0.07,"01654"
"A.16.02.019","Fennel seed","Russian Federation","RU",0.1167,0.07,"01654"
"A.16.02.019","Fennel seed","Syrian Arab Republic","SY",0.1041,0.07,"01654"
"A.16.02.019","Fennel seed","Türkiye","TR",0.0591,0.07,"01654"
"A.16.02.019","Fennel seed","Ukraine","UA",0.0226,0.07,"01654"
"A.16.02.019","Fennel seed","Viet Nam","VN",0.0228,0.07,"01654"
"A.16.02.020","Fenugreek seed","China, mainland","CN",0.0216,0.07,"01699"
"A.16.02.020","Fenugreek seed","Indonesia","ID",0.0193,0.07,"01699"
"A.16.02.020","Fenugreek seed","India","IN",0.7321,0.07,"01699"
"A.16.02.020","Fenugreek seed","Madagascar","MG",0.0205,0.07,"01699"
"A.16.02.020","Fenugreek seed","Peru","PE",0.0298,0.07,"01699"
"A.16.02.020","Fenugreek seed","Pakistan","PK",0.0484,0.07,"01699"
"A.16.02.020","Fenugreek seed","Syrian Arab Republic","SY",0.0292,0.07,"01699"
"A.16.02.020","Fenugreek seed","Türkiye","TR",0.0991,0.07,"01699"
"A.16.02.022","Ginger roots","China, mainland","CN",0.0216,0.07,"01699"
"A.16.02.022","Ginger roots","Indonesia","ID",0.0193,0.07,"01699"
"A.16.02.022","Ginger roots","India","IN",0.7321,0.07,"01699"
"A.16.02.022","Ginger roots","Madagascar","MG",0.0205,0.07,"01699"
"A.16.02.022","Ginger roots","Peru","PE",0.0298,0.07,"01699"
"A.16.02.022","Ginger roots","Pakistan","PK",0.0484,0.07,"01699"
"A.16.02.022","Ginger roots","Syrian Arab Republic","SY",0.0292,0.07,"01699"
"A.16.02.022","Ginger roots","Türkiye","TR",0.0991,0.07,"01699"
"A.16.02.024","Juniper berry","China, mainland","CN",0.0216,0.07,"01699"
"A.16.02.024","Juniper berry","Indonesia","ID",0.0193,0.07,"01699"
"A.16.02.024","Juniper berry","India","IN",0.7321,0.07,"01699"
"A.16.02.024","Juniper berry","Madagascar","MG",0.0205,0.07,"01699"
"A.16.02.024","Juniper berry","Peru","PE",0.0298,0.07,"01699"
"A.16.02.024","Juniper berry","Pakistan","PK",0.0484,0.07,"01699"
"A.16.02.024","Juniper berry","Syrian Arab Republic","SY",0.0292,0.07,"01699"
"A.16.02.024","Juniper berry","Türkiye","TR",0.0991,0.07,"01699"
"A.16.02.025","Mace aril","China, mainland","CN",0.0216,0.07,"01699"
"A.16.02.025","Mace aril","Indonesia","ID",0.0193,0.07,"01699"
"A.16.02.025","Mace aril","India","IN",0.7321,0.07,"01699"
"A.16.02.025","Mace aril","Madagascar","MG",0.0205,0.07,"01699"
"A.16.02.025","Mace aril","Peru","PE",0.0298,0.07,"01699"
"A.16.02.025","Mace aril","Pakistan","PK",0.0484,0.07,"01699"
"A.16.02.025","Mace aril","Syrian Arab Republic","SY",0.0292,0.07,"01699"
"A.16.02.025","Mace aril","Türkiye","TR",0.0991,0.07,"01699"
"A.16.02.027","Nutmeg seed","China, mainland","CN",0.0216,0.07,"01699"
"A.16.02.027","Nutmeg seed","Indonesia","ID",0.0193,0.07,"01699"
"A.16.02.027","Nutmeg seed","India","IN",0.7321,0.07,"01699"
"A.16.02.027","Nutmeg seed","Madagascar","MG",0.0205,0.07,"01699"
"A.16.02.027","Nutmeg seed","Peru","PE",0.0298,0.07,"01699"
"A.16.02.027","Nutmeg seed","Pakistan","PK",0.0484,0.07,"01699"
"A.16.02.027","Nutmeg seed","Syrian Arab Republic","SY",0.0292,0.07,"01699"
"A.16.02.027","Nutmeg seed","Türkiye","TR",0.0991,0.07,"01699"
"A.16.02.028","Peppercorn (black, green and white)","China, mainland","CN",0.0216,0.07,"01699"
"A.16.02.028","Peppercorn (black, green and white)","Indonesia","ID",0.0193,0.07,"01699"
"A.16.02.028","Peppercorn (black, green and white)","India","IN",0.7321,0.07,"01699"
"A.16.02.028","Peppercorn (black, green and white)","Madagascar","MG",0.0205,0.07,"01699"
"A.16.02.028","Peppercorn (black, green and white)","Peru","PE",0.0298,0.07,"01699"
"A.16.02.028","Peppercorn (black, green and white)","Pakistan","PK",0.0484,0.07,"01699"
"A.16.02.028","Peppercorn (black, green and white)","Syrian Arab Republic","SY",0.0292,0.07,"01699"
"A.16.02.028","Peppercorn (black, green and white)","Türkiye","TR",0.0991,0.07,"01699"
"A.16.02.029","Saffron","China, mainland","CN",0.0216,0.07,"01699"
"A.16.02.029","Saffron","Indonesia","ID",0.0193,0.07,"01699"
"A.16.02.029","Saffron","India","IN",0.7321,0.07,"01699"
"A.16.02.029","Saffron","Madagascar","MG",0.0205,0.07,"01699"
"A.16.02.029","Saffron","Peru","PE",0.0298,0.07,"01699"
"A.16.02.029","Saffron","Pakistan","PK",0.0484,0.07,"01699"
"A.16.02.029","Saffron","Syrian Arab Republic","SY",0.0292,0.07,"01699"
"A.16.02.029","Saffron","Türkiye","TR",0.0991,0.07,"01699"
"A.16.02.030","Tamarind","China, mainland","CN",0.0216,0.07,"01699"
"A.16.02.030","Tamarind","Indonesia","ID",0.0193,0.07,"01699"
"A.16.02.030","Tamarind","India","IN",0.7321,0.07,"01699"
"A.16.02.030","Tamarind","Madagascar","MG",0.0205,0.07,"01699"
"A.16.02.030","Tamarind","Peru","PE",0.0298,0.07,"01699"
"A.16.02.030","Tamarind","Pakistan","PK",0.0484,0.07,"01699"
"A.16.02.030","Tamarind","Syrian Arab Republic","SY",0.0292,0.07,"01699"
"A.16.02.030","Tamarind","Türkiye","TR",0.0991,0.07,"01699"
"A.16.02.031","Turmeric roots","China, mainland","CN",0.0216,0.07,"01699"
"A.16.02.031","Turmeric roots","Indonesia","ID",0.0193,0.07,"01699"
"A.16.02.031","Turmeric roots","India","IN",0.7321,0.07,"01699"
"A.16.02.031","Turmeric roots","Madagascar","MG",0.0205,0.07,"01699"
"A.16.02.031","Turmeric roots","Peru","PE",0.0298,0.07,"01699"
"A.16.02.031","Turmeric roots","Pakistan","PK",0.0484,0.07,"01699"
"A.16.02.031","Turmeric roots","Syrian Arab Republic","SY",0.0292,0.07,"01699"
"A.16.02.031","Turmeric roots","Türkiye","TR",0.0991,0.07,"01699"
"A.16.04.001","Salt","Rest of World","RoW",1,0,"MI-12"
"A.16.04.015","Yeast extract","Rest of World","RoW",1,0,"MI-13"
"A.16.04.016","Monosodium glutamate","Rest of World","RoW",1,0,"MI-14"
"A.16.09.003","Vanilla","China, mainland","CN",0.0216,0.07,"01699"
"A.16.09.003","Vanilla","Indonesia","ID",0.0193,0.07,"01699"
"A.16.09.003","Vanilla","India","IN",0.7321,0.07,"01699"
"A.16.09.003","Vanilla","Madagascar","MG",0.0205,0.07,"01699"
"A.16.09.003","Vanilla","Peru","PE",0.0298,0.07,"01699"
"A.16.09.003","Vanilla","Pakistan","PK",0.0484,0.07,"01699"
"A.16.09.003","Vanilla","Syrian Arab Republic","SY",0.0292,0.07,"01699"
"A.16.09.003","Vanilla","Türkiye","TR",0.0991,0.07,"01699"
"A.16.09.006","Rum essence","Rest of World","RoW",1,0,"MI-29"
"A.16.09.008","Liquorice (Glycyrrhiza glabra)","Rest of World","RoW",1,0,"MI-15"
"A.16.10.001","Yeast","Rest of World","RoW",1,0,"MI-16"
"A.16.10.002","Sodium bicarbonate","Rest of World","RoW",1,0,"MI-17"
"A.16.10.006","Pectin","Rest of World","RoW",1,0,"MI-30"
"A.16.10.007","Gum","Rest of World","RoW",1,0,"MI-18"
"A.16.10.008","Gelatine","Rest of World","RoW",1,0,"MI-19"
"A.16.10.009","Cream of tartar","Rest of World","RoW",1,0,"MI-20"
"A.18.02","Dietary supplements","Rest of World","RoW",1,0,"MI-31"
"A.18.02.001","Vitamin supplements","Rest of World","RoW",1,0,"MI-32"
"A.18.02.002","Mineral supplements","Rest of World","RoW",1,0,"MI-33"
"A.18.02.003","Combination of vitamins and minerals supplements","Rest of World","RoW",1,0,"MI-34"
"A.18.02.004","Supplements containing special fatty acids (e.g. omega-3, essential fatty acids)","Rest of World","RoW",1,0,"MI-35"
"A.18.02.005","Protein and amino acids supplements","Rest of World","RoW",1,0,"MI-36"
"A.18.02.006","Fiber supplements","Rest of World","RoW",1,0,"MI-27"
"A.18.02.007","Plant extract formula","Rest of World","RoW",1,0,"MI-37"
"A.18.02.008","Coenzyme Q10 supplement","Rest of World","RoW",1,0,"MI-38"
"A.18.02.009","Enzyme-based supplement","Rest of World","RoW",1,0,"MI-39"
"A.18.02.010","Yeast based supplement","Rest of World","RoW",1,0,"MI-40"
"A.18.02.011","Algea","Rest of World","RoW",1,0.02,"BF-57"
"A.18.02.012","Pollen-based supplement","Rest of World","RoW",1,0,"MI-41"
"A.18.03.005","Carnitine-based supplement for sports people","Rest of World","RoW",1,0,"MI-42"
"A.18.05.001","Nutritionally complete formulas","Rest of World","RoW",1,0,"MI-47"
"A.18.05.002","Nutritionally incomplete formulas","Rest of World","RoW",1,0,"MI-48"
"A.18.05.004","Oral rehydration products","Rest of World","RoW",1,0,"MI-49"
"A.X1.01.01","Cultured Meat (Bos. Spp.)","Israel","IL",0.25,0.057,"NF-01"
"A.X1.01.01","Cultured Meat (Bos. Spp.)","Netherlands","NL",0.25,0.057,"NF-01"
"A.X1.01.01","Cultured Meat (Bos. Spp.)","Sweden","SE",0.25,0.057,"NF-01"
"A.X1.01.01","Cultured Meat (Bos. Spp.)","USA","US",0.25,0.057,"NF-01"
"A.X1.01.02","Microbial Protein (Solein)","Finland","FI",0.5,0.057,"NF-04"
"A.X1.01.02","Microbial Protein (Solein)","Sweden","SE",0.5,0.057,"NF-04"
"A.X1.01.03","Mycoprotein (Quorn)","UK","GB",0.5,0.057,"NF-05"
"A.X1.01.03","Mycoprotein (Quorn)","Sweden","SE",0.5,0.057,"NF-05"
"A.X1.02.01","Microbial Milk (T. reesei)","Switzerland","CH",0.2,0.017,"NF-02"
"A.X1.02.01","Microbial Milk (T. reesei)","Germany","DE",0.2,0.017,"NF-02"
"A.X1.02.01","Microbial Milk (T. reesei)","Denmark","DK",0.2,0.017,"NF-02"
"A.X1.02.01","Microbial Milk (T. reesei)","Sweden","SE",0.2,0.017,"NF-02"
"A.X1.02.01","Microbial Milk (T. reesei)","USA","US",0.2,0.017,"NF-02"
"A.X1.03.01","Microbial Ovalbumin (T. reesei)","Switzerland","CH",0.2,0.017,"NF-03"
"A.X1.03.01","Microbial Ovalbumin (T. reesei)","Germany","DE",0.2,0.017,"NF-03"
"A.X1.03.01","Microbial Ovalbumin (T. reesei)","Denmark","DK",0.2,0.017,"NF-03"
"A.X1.03.01","Microbial Ovalbumin (T. reesei)","Sweden","SE",0.2,0.017,"NF-03"
"A.X1.03.01","Microbial Ovalbumin (T. reesei)","USA","US",0.2,0.017,"NF-03"
"A.X1.04.01","Microbial Fat (yeast - M. pulcherrima)","Israel","IL",0.25,0.06,"NF-06"
"A.X1.04.01","Microbial Fat (yeast - M. pulcherrima)","Netherlands","NL",0.25,0.06,"NF-06"
"A.X1.04.01","Microbial Fat (yeast - M. pulcherrima)","Sweden","SE",0.25,0.06,"NF-06"
"A.X1.04.01","Microbial Fat (yeast - M. pulcherrima)","USA","US",0.25,0.06,"NF-06"
"A.X1.04.02","Algae Fat (Schizochytrium)","Switzerland","CH",0.2,0.06,"NF-07"
"A.X1.04.02","Algae Fat (Schizochytrium)","Germany","DE",0.2,0.06,"NF-07"
"A.X1.04.02","Algae Fat (Schizochytrium)","Denmark","DK",0.2,0.06,"NF-07"
"A.X1.04.02","Algae Fat (Schizochytrium)","Sweden","SE",0.2,0.06,"NF-07"
"A.X1.04.02","Algae Fat (Schizochytrium)","USA","US",0.2,0.06,"NF-07"
"I.01.02.010.006","Quinoa grain","Bolivia (Plurinational State of)","BO",0.4347,0.06,"01194"
"I.01.02.010.006","Quinoa grain","Peru","PE",0.5653,0.06,"01194"
"I.02.08.004","Agave tequilana","Rest of World","RoW",1,0,"MI-21"
"I.02.08.005","Maples (trunk sap)","Rest of World","RoW",1,0,"MI-22"
"I.07.01.006.001","Salmons","Rest of World","RoW",1,0.02,"BF-47"
"I.07.01.006.002","Trouts","Rest of World","RoW",1,0.02,"BF-48"
"I.07.01.015.001","Catfishes (freshwater)","Rest of World","RoW",1,0.02,"BF-49"
"I.07.01.015.002","Wolffish","Rest of World","RoW",1,0.02,"BF-50"
"I.07.01.017.001","Cod","Rest of World","RoW",1,0.02,"BF-51"
"I.07.01.017.002","Whiting","Rest of World","RoW",1,0.02,"BF-54"
"I.07.01.017.004","Haddock","Rest of World","RoW",1,0.02,"BF-55"
"I.07.03.001.001","Cod roe","Rest of World","RoW",1,0.02,"BF-53"
"I.07.03.001.002","Herring roe","Rest of World","RoW",1,0.02,"BF-02"
"I.07.03.001.003","Lumpfish roe","Rest of World","RoW",1,0.02,"BF-56"
"I.07.03.002.001","Cod liver","Rest of World","RoW",1,0.02,"BF-52"
"I.16.01.012","Marjoram","China, mainland","CN",0.0216,0.07,"01699"
"I.16.01.012","Marjoram","Indonesia","ID",0.0193,0.07,"01699"
"I.16.01.012","Marjoram","India","IN",0.7321,0.07,"01699"
"I.16.01.012","Marjoram","Madagascar","MG",0.0205,0.07,"01699"
"I.16.01.012","Marjoram","Peru","PE",0.0298,0.07,"01699"
"I.16.01.012","Marjoram","Pakistan","PK",0.0484,0.07,"01699"
"I.16.01.012","Marjoram","Syrian Arab Republic","SY",0.0292,0.07,"01699"
"I.16.01.012","Marjoram","Türkiye","TR",0.0991,0.07,"01699"
"I.16.01.013","Oregano","China, mainland","CN",0.0216,0.07,"01699"
"I.16.01.013","Oregano","Indonesia","ID",0.0193,0.07,"01699"
"I.16.01.013","Oregano","India","IN",0.7321,0.07,"01699"
"I.16.01.013","Oregano","Madagascar","MG",0.0205,0.07,"01699"
"I.16.01.013","Oregano","Peru","PE",0.0298,0.07,"01699"
"I.16.01.013","Oregano","Pakistan","PK",0.0484,0.07,"01699"
"I.16.01.013","Oregano","Syrian Arab Republic","SY",0.0292,0.07,"01699"
"I.16.01.013","Oregano","Türkiye","TR",0.0991,0.07,"01699"
"I.16.01.014","Mints","China, mainland","CN",0.0216,0.07,"01699"
"I.16.01.014","Mints","Indonesia","ID",0.0193,0.07,"01699"
"I.16.01.014","Mints","India","IN",0.7321,0.07,"01699"
"I.16.01.014","Mints","Madagascar","MG",0.0205,0.07,"01699"
"I.16.01.014","Mints","Peru","PE",0.0298,0.07,"01699"
"I.16.01.014","Mints","Pakistan","PK",0.0484,0.07,"01699"
"I.16.01.014","Mints","Syrian Arab Republic","SY",0.0292,0.07,"01699"
"I.16.01.014","Mints","Türkiye","TR",0.0991,0.07,"01699"
"I.16.01.015","Coriander leaves","China, mainland","CN",0.0216,0.07,"01699"
"I.16.01.015","Coriander leaves","Indonesia","ID",0.0193,0.07,"01699"
"I.16.01.015","Coriander leaves","India","IN",0.7321,0.07,"01699"
"I.16.01.015","Coriander leaves","Madagascar","MG",0.0205,0.07,"01699"
"I.16.01.015","Coriander leaves","Peru","PE",0.0298,0.07,"01699"
"I.16.01.015","Coriander leaves","Pakistan","PK",0.0484,0.07,"01699"
"I.16.01.015","Coriander leaves","Syrian Arab Republic","SY",0.0292,0.07,"01699"
"I.16.01.015","Coriander leaves","Türkiye","TR",0.0991,0.07,"01699"
"I.16.01.016","Lovage leaves","China, mainland","CN",0.0216,0.07,"01699"
"I.16.01.016","Lovage leaves","Indonesia","ID",0.0193,0.07,"01699"
"I.16.01.016","Lovage leaves","India","IN",0.7321,0.07,"01699"
"I.16.01.016","Lovage leaves","Madagascar","MG",0.0205,0.07,"01699"
"I.16.01.016","Lovage leaves","Peru","PE",0.0298,0.07,"01699"
"I.16.01.016","Lovage leaves","Pakistan","PK",0.0484,0.07,"01699"
"I.16.01.016","Lovage leaves","Syrian Arab Republic","SY",0.0292,0.07,"01699"
"I.16.01.016","Lovage leaves","Türkiye","TR",0.0991,0.07,"01699"
"I.16.01.017","Winter savory","China, mainland","CN",0.0216,0.07,"01699"
"I.16.01.017","Winter savory","Indonesia","ID",0.0193,0.07,"01699"
"I.16.01.017","Winter savory","India","IN",0.7321,0.07,"01699"
"I.16.01.017","Winter savory","Madagascar","MG",0.0205,0.07,"01699"
"I.16.01.017","Winter savory","Peru","PE",0.0298,0.07,"01699"
"I.16.01.017","Winter savory","Pakistan","PK",0.0484,0.07,"01699"
"I.16.01.017","Winter savory","Syrian Arab Republic","SY",0.0292,0.07,"01699"
"I.16.01.017","Winter savory","Türkiye","TR",0.0991,0.07,"01699"
"I.16.09.009","Citric acid","Rest of World","RoW",1,0,"MI-23"
"I.16.09.010","Quinine essence","Rest of World","RoW",1,0,"MI-43"
"I.16.09.011","Caffeine","Rest of World","RoW",1,0,"MI-24"
"I.16.09.012","Caramel color","Rest of World","RoW",1,0,"MI-25"
"I.16.09.013","Phosphoric acid","Rest of World","RoW",1,0,"MI-26"
