"RPC Code","RPC Name","Producer Country Name","Producer Country Code","Share","Waste","SUA Code"
"A.01.02.001","Common wheat grain","Austria","AT",0.0245,0.045,"0111"
"A.01.02.001","Common wheat grain","Bulgaria","BG",0.0147,0.045,"0111"
"A.01.02.001","Common wheat grain","Canada","CA",0.0648,0.045,"0111"
"A.01.02.001","Common wheat grain","Czechia","CZ",0.0105,0.045,"0111"
"A.01.02.001","Common wheat grain","Germany","DE",0.032,0.045,"0111"
"A.01.02.001","Common wheat grain","France","FR",0.0856,0.045,"0111"
"A.01.02.001","Common wheat grain","Greece","GR",0.0123,0.045,"0111"
"A.01.02.001","Common wheat grain","Croatia","HR",0.018,0.045,"0111"
"A.01.02.001","Common wheat grain","Hungary","HU",0.0947,0.045,"0111"
"A.01.02.001","Common wheat grain","Italy","IT",0.4691,0.045,"0111"
"A.01.02.001","Common wheat grain","Kazakhstan","KZ",0.0184,0.045,"0111"
"A.01.02.001","Common wheat grain","Romania","RO",0.0237,0.045,"0111"
"A.01.02.001","Common wheat grain","Serbia","RS",0.0292,0.045,"0111"
"A.01.02.001","Common wheat grain","Russian Federation","RU",0.0271,0.045,"0111"
"A.01.02.001","Common wheat grain","Slovakia","SK",0.018,0.045,"0111"
"A.01.02.001","Common wheat grain","Ukraine","UA",0.0383,0.045,"0111"
"A.01.02.001","Common wheat grain","United States of America","US",0.0191,0.045,"0111"
"A.01.02.001.002","Durum wheat grain","Austria","AT",0.0245,0.045,"0111"
"A.01.02.001.002","Durum wheat grain","Bulgaria","BG",0.0147,0.045,"0111"
"A.01.02.001.002","Durum wheat grain","Canada","CA",0.0648,0.045,"0111"
"A.01.02.001.002","Durum wheat grain","Czechia","CZ",0.0105,0.045,"0111"
"A.01.02.001.002","Durum wheat grain","Germany","DE",0.032,0.045,"0111"
"A.01.02.001.002","Durum wheat grain","France","FR",0.0856,0.045,"0111"
"A.01.02.001.002","Durum wheat grain","Greece","GR",0.0123,0.045,"0111"
"A.01.02.001.002","Durum wheat grain","Croatia","HR",0.018,0.045,"0111"
"A.01.02.001.002","Durum wheat grain","Hungary","HU",0.0947,0.045,"0111"
"A.01.02.001.002","Durum wheat grain","Italy","IT",0.4691,0.045,"0111"
"A.01.02.001.002","Durum wheat grain","Kazakhstan","KZ",0.0184,0.045,"0111"
"A.01.02.001.002","Durum wheat grain","Romania","RO",0.0237,0.045,"0111"
"A.01.02.001.002","Durum wheat grain","Serbia","RS",0.0292,0.045,"0111"
"A.01.02.001.002","Durum wheat grain","Russian Federation","RU",0.0271,0.045,"0111"
"A.01.02.001.002","Durum wheat grain","Slovakia","SK",0.018,0.045,"0111"
"A.01.02.001.002","Durum wheat grain","Ukraine","UA",0.0383,0.045,"0111"
"A.01.02.001.002","Durum wheat grain","United States of America","US",0.0191,0.045,"0111"
"A.01.02.001.003","Common wheat grain","Austria","AT",0.0245,0.045,"0111"
"A.01.02.001.003","Common wheat grain","Bulgaria","BG",0.0147,0.045,"0111"
"A.01.02.001.003","Common wheat grain","Canada","CA",0.0648,0.045,"0111"
"A.01.02.001.003","Common wheat grain","Czechia","CZ",0.0105,0.045,"0111"
"A.01.02.001.003","Common wheat grain","Germany","DE",0.032,0.045,"0111"
"A.01.02.001.003","Common wheat grain","France","FR",0.0856,0.045,"0111"
"A.01.02.001.003","Common wheat grain","Greece","GR",0.0123,0.045,"0111"
"A.01.02.001.003","Common wheat grain","Croatia","HR",0.018,0.045,"0111"
"A.01.02.001.003","Common wheat grain","Hungary","HU",0.0947,0.045,"0111"
"A.01.02.001.003","Common wheat grain","Italy","IT",0.4691,0.045,"0111"
"A.01.02.001.003","Common wheat grain","Kazakhstan","KZ",0.0184,0.045,"0111"
"A.01.02.001.003","Common wheat grain","Romania","RO",0.0237,0.045,"0111"
"A.01.02.001.003","Common wheat grain","Serbia","RS",0.0292,0.045,"0111"
"A.01.02.001.003","Common wheat grain","Russian Federation","RU",0.0271,0.045,"0111"
"A.01.02.001.003","Common wheat grain","Slovakia","SK",0.018,0.045,"0111"
"A.01.02.001.003","Common wheat grain","Ukraine","UA",0.0383,0.045,"0111"
"A.01.02.001.003","Common wheat grain","United States of America","US",0.0191,0.045,"0111"
"A.01.02.001.004","Durum wheat grain","Austria","AT",0.0245,0.045,"0111"
"A.01.02.001.004","Durum wheat grain","Bulgaria","BG",0.0147,0.045,"0111"
"A.01.02.001.004","Durum wheat grain","Canada","CA",0.0648,0.045,"0111"
"A.01.02.001.004","Durum wheat grain","Czechia","CZ",0.0105,0.045,"0111"
"A.01.02.001.004","Durum wheat grain","Germany","DE",0.032,0.045,"0111"
"A.01.02.001.004","Durum wheat grain","France","FR",0.0856,0.045,"0111"
"A.01.02.001.004","Durum wheat grain","Greece","GR",0.0123,0.045,"0111"
"A.01.02.001.004","Durum wheat grain","Croatia","HR",0.018,0.045,"0111"
"A.01.02.001.004","Durum wheat grain","Hungary","HU",0.0947,0.045,"0111"
"A.01.02.001.004","Durum wheat grain","Italy","IT",0.4691,0.045,"0111"
"A.01.02.001.004","Durum wheat grain","Kazakhstan","KZ",0.0184,0.045,"0111"
"A.01.02.001.004","Durum wheat grain","Romania","RO",0.0237,0.045,"0111"
"A.01.02.001.004","Durum wheat grain","Serbia","RS",0.0292,0.045,"0111"
"A.01.02.001.004","Durum wheat grain","Russian Federation","RU",0.0271,0.045,"0111"
"A.01.02.001.004","Durum wheat grain","Slovakia","SK",0.018,0.045,"0111"
"A.01.02.001.004","Durum wheat grain","Ukraine","UA",0.0383,0.045,"0111"
"A.01.02.001.004","Durum wheat grain","United States of America","US",0.0191,0.045,"0111"
"A.01.02.002.001","Barley grains","Austria","AT",0.0327,0.045,"0115"
"A.01.02.002.001","Barley grains","Czechia","CZ",0.012,0.045,"0115"
"A.01.02.002.001","Barley grains","Germany","DE",0.0772,0.045,"0115"
"A.01.02.002.001","Barley grains","France","FR",0.1023,0.045,"0115"
"A.01.02.002.001","Barley grains","Croatia","HR",0.0153,0.045,"0115"
"A.01.02.002.001","Barley grains","Hungary","HU",0.2045,0.045,"0115"
"A.01.02.002.001","Barley grains","Italy","IT",0.5384,0.045,"0115"
"A.01.02.002.001","Barley grains","Slovakia","SK",0.0176,0.045,"0115"
"A.01.02.003","Maize grain","Austria","AT",0.0311,0.045,"0112"
"A.01.02.003","Maize grain","Brazil","BR",0.0504,0.045,"0112"
"A.01.02.003","Maize grain","France","FR",0.0309,0.045,"0112"
"A.01.02.003","Maize grain","Croatia","HR",0.0555,0.045,"0112"
"A.01.02.003","Maize grain","Hungary","HU",0.0792,0.045,"0112"
"A.01.02.003","Maize grain","Italy","IT",0.4439,0.045,"0112"
"A.01.02.003","Maize grain","Romania","RO",0.0447,0.045,"0112"
"A.01.02.003","Maize grain","Serbia","RS",0.0203,0.045,"0112"
"A.01.02.003","Maize grain","Slovenia","SI",0.0207,0.045,"0112"
"A.01.02.003","Maize grain","Ukraine","UA",0.2064,0.045,"0112"
"A.01.02.003","Maize grain","South Africa","ZA",0.0171,0.045,"0112"
"A.01.02.004","Rye grain","Austria","AT",0.078,0.045,"0116"
"A.01.02.004","Rye grain","Germany","DE",0.3058,0.045,"0116"
"A.01.02.004","Rye grain","France","FR",0.0487,0.045,"0116"
"A.01.02.004","Rye grain","Hungary","HU",0.0605,0.045,"0116"
"A.01.02.004","Rye grain","Italy","IT",0.4126,0.045,"0116"
"A.01.02.004","Rye grain","Poland","PL",0.0566,0.045,"0116"
"A.01.02.004","Rye grain","Slovakia","SK",0.0378,0.045,"0116"
"A.01.02.005","Spelt grain","Austria","AT",0.0245,0.045,"0111"
"A.01.02.005","Spelt grain","Bulgaria","BG",0.0147,0.045,"0111"
"A.01.02.005","Spelt grain","Canada","CA",0.0648,0.045,"0111"
"A.01.02.005","Spelt grain","Czechia","CZ",0.0105,0.045,"0111"
"A.01.02.005","Spelt grain","Germany","DE",0.032,0.045,"0111"
"A.01.02.005","Spelt grain","France","FR",0.0856,0.045,"0111"
"A.01.02.005","Spelt grain","Greece","GR",0.0123,0.045,"0111"
"A.01.02.005","Spelt grain","Croatia","HR",0.018,0.045,"0111"
"A.01.02.005","Spelt grain","Hungary","HU",0.0947,0.045,"0111"
"A.01.02.005","Spelt grain","Italy","IT",0.4691,0.045,"0111"
"A.01.02.005","Spelt grain","Kazakhstan","KZ",0.0184,0.045,"0111"
"A.01.02.005","Spelt grain","Romania","RO",0.0237,0.045,"0111"
"A.01.02.005","Spelt grain","Serbia","RS",0.0292,0.045,"0111"
"A.01.02.005","Spelt grain","Russian Federation","RU",0.0271,0.045,"0111"
"A.01.02.005","Spelt grain","Slovakia","SK",0.018,0.045,"0111"
"A.01.02.005","Spelt grain","Ukraine","UA",0.0383,0.045,"0111"
"A.01.02.005","Spelt grain","United States of America","US",0.0191,0.045,"0111"
"A.01.02.006","Buckwheat","Belarus","BY",0.0132,0.06,"01192"
"A.01.02.006","Buckwheat","China, mainland","CN",0.013,0.06,"01192"
"A.01.02.006","Buckwheat","Kazakhstan","KZ",0.0372,0.06,"01192"
"A.01.02.006","Buckwheat","Russian Federation","RU",0.9151,0.06,"01192"
"A.01.02.006","Buckwheat","Ukraine","UA",0.0215,0.06,"01192"
"A.01.02.007","Common millet grain","Argentina","AR",0.0392,0.045,"0118"
"A.01.02.007","Common millet grain","China, mainland","CN",0.0527,0.045,"0118"
"A.01.02.007","Common millet grain","India","IN",0.1188,0.045,"0118"
"A.01.02.007","Common millet grain","Russian Federation","RU",0.0378,0.045,"0118"
"A.01.02.007","Common millet grain","Ukraine","UA",0.7253,0.045,"0118"
"A.01.02.007","Common millet grain","United States of America","US",0.0262,0.045,"0118"
"A.01.02.008","Oat grain","Austria","AT",0.0132,0.045,"0117"
"A.01.02.008","Oat grain","Czechia","CZ",0.0129,0.045,"0117"
"A.01.02.008","Oat grain","Germany","DE",0.0332,0.045,"0117"
"A.01.02.008","Oat grain","Spain","ES",0.0198,0.045,"0117"
"A.01.02.008","Oat grain","Finland","FI",0.021,0.045,"0117"
"A.01.02.008","Oat grain","France","FR",0.0482,0.045,"0117"
"A.01.02.008","Oat grain","United Kingdom of Great Britain and Northern Ireland","GB",0.0172,0.045,"0117"
"A.01.02.008","Oat grain","Italy","IT",0.8114,0.045,"0117"
"A.01.02.008","Oat grain","Poland","PL",0.0233,0.045,"0117"
"A.01.02.009","Rice grain","Austria","AT",0.042,0.045,"0113"
"A.01.02.009","Rice grain","Germany","DE",0.1609,0.045,"0113"
"A.01.02.009","Rice grain","Spain","ES",0.0135,0.045,"0113"
"A.01.02.009","Rice grain","France","FR",0.084,0.045,"0113"
"A.01.02.009","Rice grain","United Kingdom of Great Britain and Northern Ireland","GB",0.1103,0.045,"0113"
"A.01.02.009","Rice grain","Italy","IT",0.4833,0.045,"0113"
"A.01.02.009","Rice grain","Lithuania","LT",0.0165,0.045,"0113"
"A.01.02.009","Rice grain","Latvia","LV",0.0266,0.045,"0113"
"A.01.02.009","Rice grain","Poland","PL",0.063,0.045,"0113"
"A.01.02.009.007","Indian rice grain","Austria","AT",0.042,0.045,"0113"
"A.01.02.009.007","Indian rice grain","Germany","DE",0.1609,0.045,"0113"
"A.01.02.009.007","Indian rice grain","Spain","ES",0.0135,0.045,"0113"
"A.01.02.009.007","Indian rice grain","France","FR",0.084,0.045,"0113"
"A.01.02.009.007","Indian rice grain","United Kingdom of Great Britain and Northern Ireland","GB",0.1103,0.045,"0113"
"A.01.02.009.007","Indian rice grain","Italy","IT",0.4833,0.045,"0113"
"A.01.02.009.007","Indian rice grain","Lithuania","LT",0.0165,0.045,"0113"
"A.01.02.009.007","Indian rice grain","Latvia","LV",0.0266,0.045,"0113"
"A.01.02.009.007","Indian rice grain","Poland","PL",0.063,0.045,"0113"
"A.01.02.010.002","Sorghum grain","France","FR",0.0256,0.045,"0114"
"A.01.02.010.002","Sorghum grain","Hungary","HU",0.0541,0.045,"0114"
"A.01.02.010.002","Sorghum grain","Italy","IT",0.8557,0.045,"0114"
"A.01.02.010.002","Sorghum grain","Russian Federation","RU",0.0276,0.045,"0114"
"A.01.02.010.002","Sorghum grain","Ukraine","UA",0.0369,0.045,"0114"
"A.02.01.001","Arrowroots","Bolivia (Plurinational State of)","BO",0.0594,0.24,"01599.10"
"A.02.01.001","Arrowroots","Côte d'Ivoire","CI",0.0833,0.24,"01599.10"
"A.02.01.001","Arrowroots","Cameroon","CM",0.0119,0.24,"01599.10"
"A.02.01.001","Arrowroots","China, mainland","CN",0.1779,0.24,"01599.10"
"A.02.01.001","Arrowroots","Costa Rica","CR",0.0546,0.24,"01599.10"
"A.02.01.001","Arrowroots","Ecuador","EC",0.0105,0.24,"01599.10"
"A.02.01.001","Arrowroots","Ghana","GH",0.2183,0.24,"01599.10"
"A.02.01.001","Arrowroots","Honduras","HN",0.082,0.24,"01599.10"
"A.02.01.001","Arrowroots","Indonesia","ID",0.0423,0.24,"01599.10"
"A.02.01.001","Arrowroots","Peru","PE",0.1021,0.24,"01599.10"
"A.02.01.001","Arrowroots","Togo","TG",0.0363,0.24,"01599.10"
"A.02.01.001","Arrowroots","Thailand","TH",0.0506,0.24,"01599.10"
"A.02.01.001","Arrowroots","United Republic of Tanzania","TZ",0.071,0.24,"01599.10"
"A.02.01.002","Beetroots","Bolivia (Plurinational State of)","BO",0.0594,0.24,"01599.10"
"A.02.01.002","Beetroots","Côte d'Ivoire","CI",0.0833,0.24,"01599.10"
"A.02.01.002","Beetroots","Cameroon","CM",0.0119,0.24,"01599.10"
"A.02.01.002","Beetroots","China, mainland","CN",0.1779,0.24,"01599.10"
"A.02.01.002","Beetroots","Costa Rica","CR",0.0546,0.24,"01599.10"
"A.02.01.002","Beetroots","Ecuador","EC",0.0105,0.24,"01599.10"
"A.02.01.002","Beetroots","Ghana","GH",0.2183,0.24,"01599.10"
"A.02.01.002","Beetroots","Honduras","HN",0.082,0.24,"01599.10"
"A.02.01.002","Beetroots","Indonesia","ID",0.0423,0.24,"01599.10"
"A.02.01.002","Beetroots","Peru","PE",0.1021,0.24,"01599.10"
"A.02.01.002","Beetroots","Togo","TG",0.0363,0.24,"01599.10"
"A.02.01.002","Beetroots","Thailand","TH",0.0506,0.24,"01599.10"
"A.02.01.002","Beetroots","United Republic of Tanzania","TZ",0.071,0.24,"01599.10"
"A.02.01.003","Carrots","Italy","IT",1,0.07,"01251"
"A.02.01.004","Celeriacs","Bolivia (Plurinational State of)","BO",0.0594,0.24,"01599.10"
"A.02.01.004","Celeriacs","Côte d'Ivoire","CI",0.0833,0.24,"01599.10"
"A.02.01.004","Celeriacs","Cameroon","CM",0.0119,0.24,"01599.10"
"A.02.01.004","Celeriacs","China, mainland","CN",0.1779,0.24,"01599.10"
"A.02.01.004","Celeriacs","Costa Rica","CR",0.0546,0.24,"01599.10"
"A.02.01.004","Celeriacs","Ecuador","EC",0.0105,0.24,"01599.10"
"A.02.01.004","Celeriacs","Ghana","GH",0.2183,0.24,"01599.10"
"A.02.01.004","Celeriacs","Honduras","HN",0.082,0.24,"01599.10"
"A.02.01.004","Celeriacs","Indonesia","ID",0.0423,0.24,"01599.10"
"A.02.01.004","Celeriacs","Peru","PE",0.1021,0.24,"01599.10"
"A.02.01.004","Celeriacs","Togo","TG",0.0363,0.24,"01599.10"
"A.02.01.004","Celeriacs","Thailand","TH",0.0506,0.24,"01599.10"
"A.02.01.004","Celeriacs","United Republic of Tanzania","TZ",0.071,0.24,"01599.10"
"A.02.01.005","Horseradish roots","Bolivia (Plurinational State of)","BO",0.0594,0.24,"01599.10"
"A.02.01.005","Horseradish roots","Côte d'Ivoire","CI",0.0833,0.24,"01599.10"
"A.02.01.005","Horseradish roots","Cameroon","CM",0.0119,0.24,"01599.10"
"A.02.01.005","Horseradish roots","China, mainland","CN",0.1779,0.24,"01599.10"
"A.02.01.005","Horseradish roots","Costa Rica","CR",0.0546,0.24,"01599.10"
"A.02.01.005","Horseradish roots","Ecuador","EC",0.0105,0.24,"01599.10"
"A.02.01.005","Horseradish roots","Ghana","GH",0.2183,0.24,"01599.10"
"A.02.01.005","Horseradish roots","Honduras","HN",0.082,0.24,"01599.10"
"A.02.01.005","Horseradish roots","Indonesia","ID",0.0423,0.24,"01599.10"
"A.02.01.005","Horseradish roots","Peru","PE",0.1021,0.24,"01599.10"
"A.02.01.005","Horseradish roots","Togo","TG",0.0363,0.24,"01599.10"
"A.02.01.005","Horseradish roots","Thailand","TH",0.0506,0.24,"01599.10"
"A.02.01.005","Horseradish roots","United Republic of Tanzania","TZ",0.071,0.24,"01599.10"
"A.02.01.006","Parsley roots","Bolivia (Plurinational State of)","BO",0.0594,0.24,"01599.10"
"A.02.01.006","Parsley roots","Côte d'Ivoire","CI",0.0833,0.24,"01599.10"
"A.02.01.006","Parsley roots","Cameroon","CM",0.0119,0.24,"01599.10"
"A.02.01.006","Parsley roots","China, mainland","CN",0.1779,0.24,"01599.10"
"A.02.01.006","Parsley roots","Costa Rica","CR",0.0546,0.24,"01599.10"
"A.02.01.006","Parsley roots","Ecuador","EC",0.0105,0.24,"01599.10"
"A.02.01.006","Parsley roots","Ghana","GH",0.2183,0.24,"01599.10"
"A.02.01.006","Parsley roots","Honduras","HN",0.082,0.24,"01599.10"
"A.02.01.006","Parsley roots","Indonesia","ID",0.0423,0.24,"01599.10"
"A.02.01.006","Parsley roots","Peru","PE",0.1021,0.24,"01599.10"
"A.02.01.006","Parsley roots","Togo","TG",0.0363,0.24,"01599.10"
"A.02.01.006","Parsley roots","Thailand","TH",0.0506,0.24,"01599.10"
"A.02.01.006","Parsley roots","United Republic of Tanzania","TZ",0.071,0.24,"01599.10"
"A.02.01.007","Parsnip roots","Bolivia (Plurinational State of)","BO",0.0594,0.24,"01599.10"
"A.02.01.007","Parsnip roots","Côte d'Ivoire","CI",0.0833,0.24,"01599.10"
"A.02.01.007","Parsnip roots","Cameroon","CM",0.0119,0.24,"01599.10"
"A.02.01.007","Parsnip roots","China, mainland","CN",0.1779,0.24,"01599.10"
"A.02.01.007","Parsnip roots","Costa Rica","CR",0.0546,0.24,"01599.10"
"A.02.01.007","Parsnip roots","Ecuador","EC",0.0105,0.24,"01599.10"
"A.02.01.007","Parsnip roots","Ghana","GH",0.2183,0.24,"01599.10"
"A.02.01.007","Parsnip roots","Honduras","HN",0.082,0.24,"01599.10"
"A.02.01.007","Parsnip roots","Indonesia","ID",0.0423,0.24,"01599.10"
"A.02.01.007","Parsnip roots","Peru","PE",0.1021,0.24,"01599.10"
"A.02.01.007","Parsnip roots","Togo","TG",0.0363,0.24,"01599.10"
"A.02.01.007","Parsnip roots","Thailand","TH",0.0506,0.24,"01599.10"
"A.02.01.007","Parsnip roots","United Republic of Tanzania","TZ",0.071,0.24,"01599.10"
"A.02.01.008","Radishes","Italy","IT",0.9779,0.07,"01212"
"A.02.01.008","Radishes","Netherlands (Kingdom of the)","NL",0.0221,0.07,"01212"
"A.02.01.009","Salsifies","Argentina","AR",0.0206,0.06,"01445"
"A.02.01.009","Salsifies","Bulgaria","BG",0.0367,0.06,"01445"
"A.02.01.009","Salsifies","France","FR",0.0155,0.06,"01445"
"A.02.01.009","Salsifies","Croatia","HR",0.0185,0.06,"01445"
"A.02.01.009","Salsifies","Hungary","HU",0.1956,0.06,"01445"
"A.02.01.009","Salsifies","Italy","IT",0.1577,0.06,"01445"
"A.02.01.009","Salsifies","Republic of Moldova","MD",0.0573,0.06,"01445"
"A.02.01.009","Salsifies","Romania","RO",0.0584,0.06,"01445"
"A.02.01.009","Salsifies","Serbia","RS",0.0485,0.06,"01445"
"A.02.01.009","Salsifies","Russian Federation","RU",0.0481,0.06,"01445"
"A.02.01.009","Salsifies","Ukraine","UA",0.3431,0.06,"01445"
"A.02.01.010","Swedes","Italy","IT",0.9779,0.07,"01212"
"A.02.01.010","Swedes","Netherlands (Kingdom of the)","NL",0.0221,0.07,"01212"
"A.02.01.012","Turnips","Italy","IT",1,0.07,"01251"
"A.02.02.001","Garlic","China, mainland","CN",0.0806,0.07,"01252"
"A.02.02.001","Garlic","Egypt","EG",0.0351,0.07,"01252"
"A.02.02.001","Garlic","Spain","ES",0.3865,0.07,"01252"
"A.02.02.001","Garlic","Italy","IT",0.4978,0.07,"01252"
"A.02.02.002","Onions","Austria","AT",0.026,0.07,"01253.02"
"A.02.02.002","Onions","Germany","DE",0.0261,0.07,"01253.02"
"A.02.02.002","Onions","Egypt","EG",0.0295,0.07,"01253.02"
"A.02.02.002","Onions","Spain","ES",0.0104,0.07,"01253.02"
"A.02.02.002","Onions","France","FR",0.0164,0.07,"01253.02"
"A.02.02.002","Onions","Italy","IT",0.8491,0.07,"01253.02"
"A.02.02.002","Onions","Netherlands (Kingdom of the)","NL",0.0424,0.07,"01253.02"
"A.02.02.003","Shallots","Austria","AT",0.026,0.07,"01253.02"
"A.02.02.003","Shallots","Germany","DE",0.0261,0.07,"01253.02"
"A.02.02.003","Shallots","Egypt","EG",0.0295,0.07,"01253.02"
"A.02.02.003","Shallots","Spain","ES",0.0104,0.07,"01253.02"
"A.02.02.003","Shallots","France","FR",0.0164,0.07,"01253.02"
"A.02.02.003","Shallots","Italy","IT",0.8491,0.07,"01253.02"
"A.02.02.003","Shallots","Netherlands (Kingdom of the)","NL",0.0424,0.07,"01253.02"
"A.02.02.004","Spring onions","Austria","AT",0.026,0.07,"01253.02"
"A.02.02.004","Spring onions","Germany","DE",0.0261,0.07,"01253.02"
"A.02.02.004","Spring onions","Egypt","EG",0.0295,0.07,"01253.02"
"A.02.02.004","Spring onions","Spain","ES",0.0104,0.07,"01253.02"
"A.02.02.004","Spring onions","France","FR",0.0164,0.07,"01253.02"
"A.02.02.004","Spring onions","Italy","IT",0.8491,0.07,"01253.02"
"A.02.02.004","Spring onions","Netherlands (Kingdom of the)","NL",0.0424,0.07,"01253.02"
"A.02.02.005","Chives","Austria","AT",0.026,0.07,"01253.02"
"A.02.02.005","Chives","Germany","DE",0.0261,0.07,"01253.02"
"A.02.02.005","Chives","Egypt","EG",0.0295,0.07,"01253.02"
"A.02.02.005","Chives","Spain","ES",0.0104,0.07,"01253.02"
"A.02.02.005","Chives","France","FR",0.0164,0.07,"01253.02"
"A.02.02.005","Chives","Italy","IT",0.8491,0.07,"01253.02"
"A.02.02.005","Chives","Netherlands (Kingdom of the)","NL",0.0424,0.07,"01253.02"
"A.02.03.001","Tomatoes","China, mainland","CN",0.0246,0.07,"01234"
"A.02.03.001","Tomatoes","Italy","IT",0.9754,0.07,"01234"
"A.02.03.002","Sweet peppers","Spain","ES",0.2006,0.07,"01231"
"A.02.03.002","Sweet peppers","Italy","IT",0.7452,0.07,"01231"
"A.02.03.002","Sweet peppers","Morocco","MA",0.0173,0.07,"01231"
"A.02.03.002","Sweet peppers","Netherlands (Kingdom of the)","NL",0.037,0.07,"01231"
"A.02.03.003","Chili peppers","Spain","ES",0.2006,0.07,"01231"
"A.02.03.003","Chili peppers","Italy","IT",0.7452,0.07,"01231"
"A.02.03.003","Chili peppers","Morocco","MA",0.0173,0.07,"01231"
"A.02.03.003","Chili peppers","Netherlands (Kingdom of the)","NL",0.037,0.07,"01231"
"A.02.03.004","Aubergines","Spain","ES",0.0693,0.07,"01233"
"A.02.03.004","Aubergines","Italy","IT",0.9307,0.07,"01233"
"A.02.03.005","Okra","RoW","RoW",1,0.07,"01359.90"
"A.02.03.006","Cucumbers","Albania","AL",0.0195,0.07,"01232"
"A.02.03.006","Cucumbers","Germany","DE",0.0162,0.07,"01232"
"A.02.03.006","Cucumbers","Spain","ES",0.1269,0.07,"01232"
"A.02.03.006","Cucumbers","Italy","IT",0.8092,0.07,"01232"
"A.02.03.006","Cucumbers","Netherlands (Kingdom of the)","NL",0.0282,0.07,"01232"
"A.02.03.007","Gherkins","Albania","AL",0.0195,0.07,"01232"
"A.02.03.007","Gherkins","Germany","DE",0.0162,0.07,"01232"
"A.02.03.007","Gherkins","Spain","ES",0.1269,0.07,"01232"
"A.02.03.007","Gherkins","Italy","IT",0.8092,0.07,"01232"
"A.02.03.007","Gherkins","Netherlands (Kingdom of the)","NL",0.0282,0.07,"01232"
"A.02.03.008","Courgettes","Spain","ES",0.0345,0.07,"01235"
"A.02.03.008","Courgettes","Italy","IT",0.9655,0.07,"01235"
"A.02.03.009","Melons","Brazil","BR",0.0149,0.07,"01229"
"A.02.03.009","Melons","Spain","ES",0.0122,0.07,"01229"
"A.02.03.009","Melons","Italy","IT",0.9729,0.07,"01229"
"A.02.03.010","Pumpkins","Spain","ES",0.0345,0.07,"01235"
"A.02.03.010","Pumpkins","Italy","IT",0.9655,0.07,"01235"
"A.02.03.011","Watermelons","Spain","ES",0.0144,0.07,"01221"
"A.02.03.011","Watermelons","Greece","GR",0.0199,0.07,"01221"
"A.02.03.011","Watermelons","Italy","IT",0.9657,0.07,"01221"
"A.02.03.012","Sweet corn","China, mainland","CN",0.444,0.07,"01290.01"
"A.02.03.012","Sweet corn","Croatia","HR",0.02,0.07,"01290.01"
"A.02.03.012","Sweet corn","Republic of Moldova","MD",0.0602,0.07,"01290.01"
"A.02.03.012","Sweet corn","Peru","PE",0.0136,0.07,"01290.01"
"A.02.03.012","Sweet corn","Serbia","RS",0.3478,0.07,"01290.01"
"A.02.03.012","Sweet corn","Thailand","TH",0.0709,0.07,"01290.01"
"A.02.03.012","Sweet corn","Ukraine","UA",0.0221,0.07,"01290.01"
"A.02.03.012","Sweet corn","United States of America","US",0.0214,0.07,"01290.01"
"A.02.04.001","Broccoli","Brazil","BR",0.0149,0.07,"01213"
"A.02.04.001","Broccoli","Spain","ES",0.0122,0.07,"01213"
"A.02.04.001","Broccoli","Italy","IT",0.9729,0.07,"01213"
"A.02.04.002","Cauliflowers","Brazil","BR",0.0149,0.07,"01213"
"A.02.04.002","Cauliflowers","Spain","ES",0.0122,0.07,"01213"
"A.02.04.002","Cauliflowers","Italy","IT",0.9729,0.07,"01213"
"A.02.04.003","Brussels sprouts","Italy","IT",0.9779,0.07,"01212"
"A.02.04.003","Brussels sprouts","Netherlands (Kingdom of the)","NL",0.0221,0.07,"01212"
"A.02.04.004","Head cabbages","Italy","IT",0.9779,0.07,"01212"
"A.02.04.004","Head cabbages","Netherlands (Kingdom of the)","NL",0.0221,0.07,"01212"
"A.02.04.005","Chinese cabbages","Italy","IT",0.9779,0.07,"01212"
"A.02.04.005","Chinese cabbages","Netherlands (Kingdom of the)","NL",0.0221,0.07,"01212"
"A.02.04.006","Kales and similar-","Italy","IT",0.9779,0.07,"01212"
"A.02.04.006","Kales and similar-","Netherlands (Kingdom of the)","NL",0.0221,0.07,"01212"
"A.02.04.007","Kohlrabies","Italy","IT",0.9779,0.07,"01212"
"A.02.04.007","Kohlrabies","Netherlands (Kingdom of the)","NL",0.0221,0.07,"01212"
"A.02.05.001","Lamb's lettuces","Spain","ES",0.095,0.07,"01214"
"A.02.05.001","Lamb's lettuces","France","FR",0.0112,0.07,"01214"
"A.02.05.001","Lamb's lettuces","Italy","IT",0.8611,0.07,"01214"
"A.02.05.001","Lamb's lettuces","Netherlands (Kingdom of the)","NL",0.0328,0.07,"01214"
"A.02.05.002","Head lettuces","Spain","ES",0.095,0.07,"01214"
"A.02.05.002","Head lettuces","France","FR",0.0112,0.07,"01214"
"A.02.05.002","Head lettuces","Italy","IT",0.8611,0.07,"01214"
"A.02.05.002","Head lettuces","Netherlands (Kingdom of the)","NL",0.0328,0.07,"01214"
"A.02.05.003","Crisp lettuces","Spain","ES",0.095,0.07,"01214"
"A.02.05.003","Crisp lettuces","France","FR",0.0112,0.07,"01214"
"A.02.05.003","Crisp lettuces","Italy","IT",0.8611,0.07,"01214"
"A.02.05.003","Crisp lettuces","Netherlands (Kingdom of the)","NL",0.0328,0.07,"01214"
"A.02.05.004","Escaroles","Spain","ES",0.095,0.07,"01214"
"A.02.05.004","Escaroles","France","FR",0.0112,0.07,"01214"
"A.02.05.004","Escaroles","Italy","IT",0.8611,0.07,"01214"
"A.02.05.004","Escaroles","Netherlands (Kingdom of the)","NL",0.0328,0.07,"01214"
"A.02.05.005","Cresses","Italy","IT",0.9779,0.07,"01212"
"A.02.05.005","Cresses","Netherlands (Kingdom of the)","NL",0.0221,0.07,"01212"
"A.02.05.006","Land cresses","Italy","IT",0.9779,0.07,"01212"
"A.02.05.006","Land cresses","Netherlands (Kingdom of the)","NL",0.0221,0.07,"01212"
"A.02.05.007","Roman rocket","Italy","IT",0.9779,0.07,"01212"
"A.02.05.007","Roman rocket","Netherlands (Kingdom of the)","NL",0.0221,0.07,"01212"
"A.02.05.010","Spinaches","Italy","IT",1,0.07,"01215"
"A.02.05.012","Purslanes","Italy","IT",1,0.07,"01215"
"A.02.05.013","Chards","Austria","AT",0.0249,0.045,"01801"
"A.02.05.013","Chards","Belgium","BE",0.0137,0.045,"01801"
"A.02.05.013","Chards","Czechia","CZ",0.0179,0.045,"01801"
"A.02.05.013","Chards","Germany","DE",0.3168,0.045,"01801"
"A.02.05.013","Chards","Egypt","EG",0.0133,0.045,"01801"
"A.02.05.013","Chards","France","FR",0.2669,0.045,"01801"
"A.02.05.013","Chards","Croatia","HR",0.0139,0.045,"01801"
"A.02.05.013","Chards","Italy","IT",0.1458,0.045,"01801"
"A.02.05.013","Chards","Netherlands (Kingdom of the)","NL",0.0673,0.045,"01801"
"A.02.05.013","Chards","Poland","PL",0.027,0.045,"01801"
"A.02.05.013","Chards","Serbia","RS",0.0402,0.045,"01801"
"A.02.05.013","Chards","Russian Federation","RU",0.0259,0.045,"01801"
"A.02.05.013","Chards","Ukraine","UA",0.0264,0.045,"01801"
"A.02.05.014","Grape leaves","RoW","RoW",1,0.07,"01359.90"
"A.02.05.015","Watercresses","Italy","IT",0.9779,0.07,"01212"
"A.02.05.015","Watercresses","Netherlands (Kingdom of the)","NL",0.0221,0.07,"01212"
"A.02.05.016","Witloofs","Spain","ES",0.095,0.07,"01214"
"A.02.05.016","Witloofs","France","FR",0.0112,0.07,"01214"
"A.02.05.016","Witloofs","Italy","IT",0.8611,0.07,"01214"
"A.02.05.016","Witloofs","Netherlands (Kingdom of the)","NL",0.0328,0.07,"01214"
"A.02.05.017","Oraches leaves","RoW","RoW",1,0.07,"01359.90"
"A.02.05.019","Dandelions","Argentina","AR",0.0206,0.06,"01445"
"A.02.05.019","Dandelions","Bulgaria","BG",0.0367,0.06,"01445"
"A.02.05.019","Dandelions","France","FR",0.0155,0.06,"01445"
"A.02.05.019","Dandelions","Croatia","HR",0.0185,0.06,"01445"
"A.02.05.019","Dandelions","Hungary","HU",0.1956,0.06,"01445"
"A.02.05.019","Dandelions","Italy","IT",0.1577,0.06,"01445"
"A.02.05.019","Dandelions","Republic of Moldova","MD",0.0573,0.06,"01445"
"A.02.05.019","Dandelions","Romania","RO",0.0584,0.06,"01445"
"A.02.05.019","Dandelions","Serbia","RS",0.0485,0.06,"01445"
"A.02.05.019","Dandelions","Russian Federation","RU",0.0481,0.06,"01445"
"A.02.05.019","Dandelions","Ukraine","UA",0.3431,0.06,"01445"
"A.02.05.020","Common nettle","Italy","IT",1,0.07,"01215"
"A.02.05.021","Garden sorrel","Italy","IT",1,0.07,"01215"
"A.02.05.022","Alfalfa sprouts","Argentina","AR",0.3188,0.06,"01709.90"
"A.02.05.022","Alfalfa sprouts","Canada","CA",0.1697,0.06,"01709.90"
"A.02.05.022","Alfalfa sprouts","China, mainland","CN",0.048,0.06,"01709.90"
"A.02.05.022","Alfalfa sprouts","Egypt","EG",0.0172,0.06,"01709.90"
"A.02.05.022","Alfalfa sprouts","Ethiopia","ET",0.0681,0.06,"01709.90"
"A.02.05.022","Alfalfa sprouts","India","IN",0.0145,0.06,"01709.90"
"A.02.05.022","Alfalfa sprouts","Myanmar","MM",0.0281,0.06,"01709.90"
"A.02.05.022","Alfalfa sprouts","Ukraine","UA",0.0345,0.06,"01709.90"
"A.02.05.022","Alfalfa sprouts","United States of America","US",0.3013,0.06,"01709.90"
"A.02.06.001","Beans (with pods) and similar-","Argentina","AR",0.3188,0.06,"01701"
"A.02.06.001","Beans (with pods) and similar-","Canada","CA",0.1697,0.06,"01701"
"A.02.06.001","Beans (with pods) and similar-","China, mainland","CN",0.048,0.06,"01701"
"A.02.06.001","Beans (with pods) and similar-","Egypt","EG",0.0172,0.06,"01701"
"A.02.06.001","Beans (with pods) and similar-","Ethiopia","ET",0.0681,0.06,"01701"
"A.02.06.001","Beans (with pods) and similar-","India","IN",0.0145,0.06,"01701"
"A.02.06.001","Beans (with pods) and similar-","Myanmar","MM",0.0281,0.06,"01701"
"A.02.06.001","Beans (with pods) and similar-","Ukraine","UA",0.0345,0.06,"01701"
"A.02.06.001","Beans (with pods) and similar-","United States of America","US",0.3013,0.06,"01701"
"A.02.06.002","Peas (with pods) and similar-","Canada","CA",0.0363,0.06,"01705"
"A.02.06.002","Peas (with pods) and similar-","Czechia","CZ",0.0146,0.06,"01705"
"A.02.06.002","Peas (with pods) and similar-","France","FR",0.0349,0.06,"01705"
"A.02.06.002","Peas (with pods) and similar-","Italy","IT",0.1875,0.06,"01705"
"A.02.06.002","Peas (with pods) and similar-","Romania","RO",0.0205,0.06,"01705"
"A.02.06.002","Peas (with pods) and similar-","Russian Federation","RU",0.6155,0.06,"01705"
"A.02.06.002","Peas (with pods) and similar-","Ukraine","UA",0.0907,0.06,"01705"
"A.02.07.001","Asparagus","Spain","ES",0.0276,0.07,"01211"
"A.02.07.001","Asparagus","Italy","IT",0.9724,0.07,"01211"
"A.02.07.002","Cardoons","Argentina","AR",0.0206,0.06,"01445"
"A.02.07.002","Cardoons","Bulgaria","BG",0.0367,0.06,"01445"
"A.02.07.002","Cardoons","France","FR",0.0155,0.06,"01445"
"A.02.07.002","Cardoons","Croatia","HR",0.0185,0.06,"01445"
"A.02.07.002","Cardoons","Hungary","HU",0.1956,0.06,"01445"
"A.02.07.002","Cardoons","Italy","IT",0.1577,0.06,"01445"
"A.02.07.002","Cardoons","Republic of Moldova","MD",0.0573,0.06,"01445"
"A.02.07.002","Cardoons","Romania","RO",0.0584,0.06,"01445"
"A.02.07.002","Cardoons","Serbia","RS",0.0485,0.06,"01445"
"A.02.07.002","Cardoons","Russian Federation","RU",0.0481,0.06,"01445"
"A.02.07.002","Cardoons","Ukraine","UA",0.3431,0.06,"01445"
"A.02.07.003","Celeries","Italy","IT",1,0.07,"01251"
"A.02.07.004","Florence fennels","Italy","IT",1,0.07,"01251"
"A.02.07.005","Globe artichokes","Egypt","EG",0.0124,0.07,"01216"
"A.02.07.005","Globe artichokes","Italy","IT",0.9709,0.07,"01216"
"A.02.07.005","Globe artichokes","Tunisia","TN",0.0166,0.07,"01216"
"A.02.07.006","Leeks","Belgium","BE",0.0866,0.07,"01254"
"A.02.07.006","Leeks","Germany","DE",0.0268,0.07,"01254"
"A.02.07.006","Leeks","Spain","ES",0.0399,0.07,"01254"
"A.02.07.006","Leeks","France","FR",0.0302,0.07,"01254"
"A.02.07.006","Leeks","Italy","IT",0.6249,0.07,"01254"
"A.02.07.006","Leeks","Netherlands (Kingdom of the)","NL",0.1706,0.07,"01254"
"A.02.07.006","Leeks","Poland","PL",0.021,0.07,"01254"
"A.02.07.007","Rhubarbs","Austria","AT",0.0249,0.045,"01801"
"A.02.07.007","Rhubarbs","Belgium","BE",0.0137,0.045,"01801"
"A.02.07.007","Rhubarbs","Czechia","CZ",0.0179,0.045,"01801"
"A.02.07.007","Rhubarbs","Germany","DE",0.3168,0.045,"01801"
"A.02.07.007","Rhubarbs","Egypt","EG",0.0133,0.045,"01801"
"A.02.07.007","Rhubarbs","France","FR",0.2669,0.045,"01801"
"A.02.07.007","Rhubarbs","Croatia","HR",0.0139,0.045,"01801"
"A.02.07.007","Rhubarbs","Italy","IT",0.1458,0.045,"01801"
"A.02.07.007","Rhubarbs","Netherlands (Kingdom of the)","NL",0.0673,0.045,"01801"
"A.02.07.007","Rhubarbs","Poland","PL",0.027,0.045,"01801"
"A.02.07.007","Rhubarbs","Serbia","RS",0.0402,0.045,"01801"
"A.02.07.007","Rhubarbs","Russian Federation","RU",0.0259,0.045,"01801"
"A.02.07.007","Rhubarbs","Ukraine","UA",0.0264,0.045,"01801"
"A.02.07.008","Bamboo shoots","RoW","RoW",1,0.07,"01359.90"
"A.02.07.009","Palm hearts","RoW","RoW",1,0.07,"01359.90"
"A.02.08.001","Sugar beet (root) (Beta vulgaris)","Austria","AT",0.0249,0.045,"01801"
"A.02.08.001","Sugar beet (root) (Beta vulgaris)","Belgium","BE",0.0137,0.045,"01801"
"A.02.08.001","Sugar beet (root) (Beta vulgaris)","Czechia","CZ",0.0179,0.045,"01801"
"A.02.08.001","Sugar beet (root) (Beta vulgaris)","Germany","DE",0.3168,0.045,"01801"
"A.02.08.001","Sugar beet (root) (Beta vulgaris)","Egypt","EG",0.0133,0.045,"01801"
"A.02.08.001","Sugar beet (root) (Beta vulgaris)","France","FR",0.2669,0.045,"01801"
"A.02.08.001","Sugar beet (root) (Beta vulgaris)","Croatia","HR",0.0139,0.045,"01801"
"A.02.08.001","Sugar beet (root) (Beta vulgaris)","Italy","IT",0.1458,0.045,"01801"
"A.02.08.001","Sugar beet (root) (Beta vulgaris)","Netherlands (Kingdom of the)","NL",0.0673,0.045,"01801"
"A.02.08.001","Sugar beet (root) (Beta vulgaris)","Poland","PL",0.027,0.045,"01801"
"A.02.08.001","Sugar beet (root) (Beta vulgaris)","Serbia","RS",0.0402,0.045,"01801"
"A.02.08.001","Sugar beet (root) (Beta vulgaris)","Russian Federation","RU",0.0259,0.045,"01801"
"A.02.08.001","Sugar beet (root) (Beta vulgaris)","Ukraine","UA",0.0264,0.045,"01801"
"A.02.08.002","Sugar cane (Saccharum officinarum)","Brazil","BR",0.2758,0.045,"01802"
"A.02.08.002","Sugar cane (Saccharum officinarum)","Belize","BZ",0.0366,0.045,"01802"
"A.02.08.002","Sugar cane (Saccharum officinarum)","Colombia","CO",0.0311,0.045,"01802"
"A.02.08.002","Sugar cane (Saccharum officinarum)","Egypt","EG",0.0495,0.045,"01802"
"A.02.08.002","Sugar cane (Saccharum officinarum)","Fiji","FJ",0.1041,0.045,"01802"
"A.02.08.002","Sugar cane (Saccharum officinarum)","Guatemala","GT",0.0532,0.045,"01802"
"A.02.08.002","Sugar cane (Saccharum officinarum)","India","IN",0.1698,0.045,"01802"
"A.02.08.002","Sugar cane (Saccharum officinarum)","Mauritius","MU",0.0646,0.045,"01802"
"A.02.08.002","Sugar cane (Saccharum officinarum)","Mozambique","MZ",0.0144,0.045,"01802"
"A.02.08.002","Sugar cane (Saccharum officinarum)","Nicaragua","NI",0.0157,0.045,"01802"
"A.02.08.002","Sugar cane (Saccharum officinarum)","Pakistan","PK",0.0518,0.045,"01802"
"A.02.08.002","Sugar cane (Saccharum officinarum)","El Salvador","SV",0.0202,0.045,"01802"
"A.02.08.002","Sugar cane (Saccharum officinarum)","Eswatini","SZ",0.059,0.045,"01802"
"A.02.08.002","Sugar cane (Saccharum officinarum)","Thailand","TH",0.0159,0.045,"01802"
"A.02.08.002","Sugar cane (Saccharum officinarum)","South Africa","ZA",0.0117,0.045,"01802"
"A.02.08.002","Sugar cane (Saccharum officinarum)","Zimbabwe","ZW",0.0263,0.045,"01802"
"A.02.08.003","Chicory roots","Bolivia (Plurinational State of)","BO",0.0594,0.24,"01599.10"
"A.02.08.003","Chicory roots","Côte d'Ivoire","CI",0.0833,0.24,"01599.10"
"A.02.08.003","Chicory roots","Cameroon","CM",0.0119,0.24,"01599.10"
"A.02.08.003","Chicory roots","China, mainland","CN",0.1779,0.24,"01599.10"
"A.02.08.003","Chicory roots","Costa Rica","CR",0.0546,0.24,"01599.10"
"A.02.08.003","Chicory roots","Ecuador","EC",0.0105,0.24,"01599.10"
"A.02.08.003","Chicory roots","Ghana","GH",0.2183,0.24,"01599.10"
"A.02.08.003","Chicory roots","Honduras","HN",0.082,0.24,"01599.10"
"A.02.08.003","Chicory roots","Indonesia","ID",0.0423,0.24,"01599.10"
"A.02.08.003","Chicory roots","Peru","PE",0.1021,0.24,"01599.10"
"A.02.08.003","Chicory roots","Togo","TG",0.0363,0.24,"01599.10"
"A.02.08.003","Chicory roots","Thailand","TH",0.0506,0.24,"01599.10"
"A.02.08.003","Chicory roots","United Republic of Tanzania","TZ",0.071,0.24,"01599.10"
"A.02.09.001","Carrageen mosses","Bangladesh","BD",0.0224,0.07,"01699"
"A.02.09.001","Carrageen mosses","China, mainland","CN",0.0221,0.07,"01699"
"A.02.09.001","Carrageen mosses","Indonesia","ID",0.033,0.07,"01699"
"A.02.09.001","Carrageen mosses","India","IN",0.7349,0.07,"01699"
"A.02.09.001","Carrageen mosses","Peru","PE",0.0283,0.07,"01699"
"A.02.09.001","Carrageen mosses","Pakistan","PK",0.0358,0.07,"01699"
"A.02.09.001","Carrageen mosses","Syrian Arab Republic","SY",0.0264,0.07,"01699"
"A.02.09.001","Carrageen mosses","Thailand","TH",0.0137,0.07,"01699"
"A.02.09.001","Carrageen mosses","Türkiye","TR",0.0835,0.07,"01699"
"A.02.09.001.001","Kombu","Bangladesh","BD",0.0224,0.07,"01699"
"A.02.09.001.001","Kombu","China, mainland","CN",0.0221,0.07,"01699"
"A.02.09.001.001","Kombu","Indonesia","ID",0.033,0.07,"01699"
"A.02.09.001.001","Kombu","India","IN",0.7349,0.07,"01699"
"A.02.09.001.001","Kombu","Peru","PE",0.0283,0.07,"01699"
"A.02.09.001.001","Kombu","Pakistan","PK",0.0358,0.07,"01699"
"A.02.09.001.001","Kombu","Syrian Arab Republic","SY",0.0264,0.07,"01699"
"A.02.09.001.001","Kombu","Thailand","TH",0.0137,0.07,"01699"
"A.02.09.001.001","Kombu","Türkiye","TR",0.0835,0.07,"01699"
"A.02.09.001.002","Laver","Bangladesh","BD",0.0224,0.07,"01699"
"A.02.09.001.002","Laver","China, mainland","CN",0.0221,0.07,"01699"
"A.02.09.001.002","Laver","Indonesia","ID",0.033,0.07,"01699"
"A.02.09.001.002","Laver","India","IN",0.7349,0.07,"01699"
"A.02.09.001.002","Laver","Peru","PE",0.0283,0.07,"01699"
"A.02.09.001.002","Laver","Pakistan","PK",0.0358,0.07,"01699"
"A.02.09.001.002","Laver","Syrian Arab Republic","SY",0.0264,0.07,"01699"
"A.02.09.001.002","Laver","Thailand","TH",0.0137,0.07,"01699"
"A.02.09.001.002","Laver","Türkiye","TR",0.0835,0.07,"01699"
"A.02.09.001.003","Wakame","Bangladesh","BD",0.0224,0.07,"01699"
"A.02.09.001.003","Wakame","China, mainland","CN",0.0221,0.07,"01699"
"A.02.09.001.003","Wakame","Indonesia","ID",0.033,0.07,"01699"
"A.02.09.001.003","Wakame","India","IN",0.7349,0.07,"01699"
"A.02.09.001.003","Wakame","Peru","PE",0.0283,0.07,"01699"
"A.02.09.001.003","Wakame","Pakistan","PK",0.0358,0.07,"01699"
"A.02.09.001.003","Wakame","Syrian Arab Republic","SY",0.0264,0.07,"01699"
"A.02.09.001.003","Wakame","Thailand","TH",0.0137,0.07,"01699"
"A.02.09.001.003","Wakame","Türkiye","TR",0.0835,0.07,"01699"
"A.02.10.001","Teas  and similar-","Bangladesh","BD",0.0224,0.07,"01699"
"A.02.10.001","Teas  and similar-","China, mainland","CN",0.0221,0.07,"01699"
"A.02.10.001","Teas  and similar-","Indonesia","ID",0.033,0.07,"01699"
"A.02.10.001","Teas  and similar-","India","IN",0.7349,0.07,"01699"
"A.02.10.001","Teas  and similar-","Peru","PE",0.0283,0.07,"01699"
"A.02.10.001","Teas  and similar-","Pakistan","PK",0.0358,0.07,"01699"
"A.02.10.001","Teas  and similar-","Syrian Arab Republic","SY",0.0264,0.07,"01699"
"A.02.10.001","Teas  and similar-","Thailand","TH",0.0137,0.07,"01699"
"A.02.10.001","Teas  and similar-","Türkiye","TR",0.0835,0.07,"01699"
"A.02.10.002","Tea (dried leaves and stalks, fermented or otherwise of Camellia sinensis), decaffeinated","Argentina","AR",0.0318,0.07,"01620"
"A.02.10.002","Tea (dried leaves and stalks, fermented or otherwise of Camellia sinensis), decaffeinated","China, mainland","CN",0.2295,0.07,"01620"
"A.02.10.002","Tea (dried leaves and stalks, fermented or otherwise of Camellia sinensis), decaffeinated","Indonesia","ID",0.0213,0.07,"01620"
"A.02.10.002","Tea (dried leaves and stalks, fermented or otherwise of Camellia sinensis), decaffeinated","India","IN",0.3449,0.07,"01620"
"A.02.10.002","Tea (dried leaves and stalks, fermented or otherwise of Camellia sinensis), decaffeinated","Kenya","KE",0.106,0.07,"01620"
"A.02.10.002","Tea (dried leaves and stalks, fermented or otherwise of Camellia sinensis), decaffeinated","Sri Lanka","LK",0.224,0.07,"01620"
"A.02.10.002","Tea (dried leaves and stalks, fermented or otherwise of Camellia sinensis), decaffeinated","Malawi","MW",0.0237,0.07,"01620"
"A.02.10.002","Tea (dried leaves and stalks, fermented or otherwise of Camellia sinensis), decaffeinated","Türkiye","TR",0.0188,0.07,"01620"
"A.02.10.004","Mints","Bangladesh","BD",0.0224,0.07,"01699"
"A.02.10.004","Mints","China, mainland","CN",0.0221,0.07,"01699"
"A.02.10.004","Mints","Indonesia","ID",0.033,0.07,"01699"
"A.02.10.004","Mints","India","IN",0.7349,0.07,"01699"
"A.02.10.004","Mints","Peru","PE",0.0283,0.07,"01699"
"A.02.10.004","Mints","Pakistan","PK",0.0358,0.07,"01699"
"A.02.10.004","Mints","Syrian Arab Republic","SY",0.0264,0.07,"01699"
"A.02.10.004","Mints","Thailand","TH",0.0137,0.07,"01699"
"A.02.10.004","Mints","Türkiye","TR",0.0835,0.07,"01699"
"A.02.10.009","Strawberry infusion leaves","Bangladesh","BD",0.0224,0.07,"01699"
"A.02.10.009","Strawberry infusion leaves","China, mainland","CN",0.0221,0.07,"01699"
"A.02.10.009","Strawberry infusion leaves","Indonesia","ID",0.033,0.07,"01699"
"A.02.10.009","Strawberry infusion leaves","India","IN",0.7349,0.07,"01699"
"A.02.10.009","Strawberry infusion leaves","Peru","PE",0.0283,0.07,"01699"
"A.02.10.009","Strawberry infusion leaves","Pakistan","PK",0.0358,0.07,"01699"
"A.02.10.009","Strawberry infusion leaves","Syrian Arab Republic","SY",0.0264,0.07,"01699"
"A.02.10.009","Strawberry infusion leaves","Thailand","TH",0.0137,0.07,"01699"
"A.02.10.009","Strawberry infusion leaves","Türkiye","TR",0.0835,0.07,"01699"
"A.02.10.011","Maté (Ilex paraguariensis)","Argentina","AR",0.6651,0.07,"01630"
"A.02.10.011","Maté (Ilex paraguariensis)","Brazil","BR",0.2809,0.07,"01630"
"A.02.10.011","Maté (Ilex paraguariensis)","Paraguay","PY",0.054,0.07,"01630"
"A.02.10.013","Ginseng infusion roots","Bangladesh","BD",0.0224,0.07,"01699"
"A.02.10.013","Ginseng infusion roots","China, mainland","CN",0.0221,0.07,"01699"
"A.02.10.013","Ginseng infusion roots","Indonesia","ID",0.033,0.07,"01699"
"A.02.10.013","Ginseng infusion roots","India","IN",0.7349,0.07,"01699"
"A.02.10.013","Ginseng infusion roots","Peru","PE",0.0283,0.07,"01699"
"A.02.10.013","Ginseng infusion roots","Pakistan","PK",0.0358,0.07,"01699"
"A.02.10.013","Ginseng infusion roots","Syrian Arab Republic","SY",0.0264,0.07,"01699"
"A.02.10.013","Ginseng infusion roots","Thailand","TH",0.0137,0.07,"01699"
"A.02.10.013","Ginseng infusion roots","Türkiye","TR",0.0835,0.07,"01699"
"A.02.11.001","Cocoa beans (fermented beans) (Theobroma cacao)","Côte d'Ivoire","CI",0.5065,0.07,"01640"
"A.02.11.001","Cocoa beans (fermented beans) (Theobroma cacao)","Cameroon","CM",0.0779,0.07,"01640"
"A.02.11.001","Cocoa beans (fermented beans) (Theobroma cacao)","Dominican Republic","DO",0.0208,0.07,"01640"
"A.02.11.001","Cocoa beans (fermented beans) (Theobroma cacao)","Ecuador","EC",0.0924,0.07,"01640"
"A.02.11.001","Cocoa beans (fermented beans) (Theobroma cacao)","Ghana","GH",0.1844,0.07,"01640"
"A.02.11.001","Cocoa beans (fermented beans) (Theobroma cacao)","Nigeria","NG",0.0798,0.07,"01640"
"A.02.11.001","Cocoa beans (fermented beans) (Theobroma cacao)","Peru","PE",0.025,0.07,"01640"
"A.02.11.001","Cocoa beans (fermented beans) (Theobroma cacao)","Uganda","UG",0.0133,0.07,"01640"
"A.02.12.001","Coffee beans, green","Brazil","BR",0.333,0.07,"01610"
"A.02.12.001","Coffee beans, green","Colombia","CO",0.0215,0.07,"01610"
"A.02.12.001","Coffee beans, green","Ethiopia","ET",0.0158,0.07,"01610"
"A.02.12.001","Coffee beans, green","Guatemala","GT",0.014,0.07,"01610"
"A.02.12.001","Coffee beans, green","Honduras","HN",0.0311,0.07,"01610"
"A.02.12.001","Coffee beans, green","Indonesia","ID",0.0432,0.07,"01610"
"A.02.12.001","Coffee beans, green","India","IN",0.0725,0.07,"01610"
"A.02.12.001","Coffee beans, green","Nicaragua","NI",0.0127,0.07,"01610"
"A.02.12.001","Coffee beans, green","Peru","PE",0.0181,0.07,"01610"
"A.02.12.001","Coffee beans, green","United Republic of Tanzania","TZ",0.0242,0.07,"01610"
"A.02.12.001","Coffee beans, green","Uganda","UG",0.163,0.07,"01610"
"A.02.12.001","Coffee beans, green","Viet Nam","VN",0.2509,0.07,"01610"
"A.02.14.012","Hops (dried), including hop pellets and unconcentrated powder (Humulus lupulus)","Rest of World","RoW",1,0,"MI-01"
"A.02.15.001","Cultivated mushroom (syn. Button mushroom) (Agaricus bisporus)","Rest of World","RoW",1,0,"MI-51"
"A.02.15.002","Oyster mushroom (Pleurotus ostreatus)","China, mainland","CN",0.0116,0.07,"01270"
"A.02.15.002","Oyster mushroom (Pleurotus ostreatus)","Spain","ES",0.068,0.07,"01270"
"A.02.15.002","Oyster mushroom (Pleurotus ostreatus)","Italy","IT",0.5859,0.07,"01270"
"A.02.15.002","Oyster mushroom (Pleurotus ostreatus)","Netherlands (Kingdom of the)","NL",0.1015,0.07,"01270"
"A.02.15.002","Oyster mushroom (Pleurotus ostreatus)","Poland","PL",0.2184,0.07,"01270"
"A.02.15.002","Oyster mushroom (Pleurotus ostreatus)","Romania","RO",0.0147,0.07,"01270"
"A.02.15.003","Shiitake","China, mainland","CN",0.0116,0.07,"01270"
"A.02.15.003","Shiitake","Spain","ES",0.068,0.07,"01270"
"A.02.15.003","Shiitake","Italy","IT",0.5859,0.07,"01270"
"A.02.15.003","Shiitake","Netherlands (Kingdom of the)","NL",0.1015,0.07,"01270"
"A.02.15.003","Shiitake","Poland","PL",0.2184,0.07,"01270"
"A.02.15.003","Shiitake","Romania","RO",0.0147,0.07,"01270"
"A.02.16.002","Honey mushroom (Armillaria mellea)","Rest of World","RoW",1,0,"MI-52"
"A.02.16.003","Boletus (Boletus (and other) spp.)","Rest of World","RoW",1,0,"MI-53"
"A.02.16.004","Truffle (Tuber spp.)","Rest of World","RoW",1,0,"MI-54"
"A.02.16.005","Morel (Morchella esculanta)","Rest of World","RoW",1,0,"MI-55"
"A.02.16.006","Cantharelle (Cantharellus cibarius)","Rest of World","RoW",1,0,"MI-56"
"A.02.16.007","Orange agaric (Lactarius deliciosus)","Rest of World","RoW",1,0,"MI-57"
"A.03.01.001","New potatoes","Belgium","BE",0.0467,0.24,"01510"
"A.03.01.001","New potatoes","Germany","DE",0.151,0.24,"01510"
"A.03.01.001","New potatoes","Denmark","DK",0.0153,0.24,"01510"
"A.03.01.001","New potatoes","Egypt","EG",0.0209,0.24,"01510"
"A.03.01.001","New potatoes","France","FR",0.1655,0.24,"01510"
"A.03.01.001","New potatoes","Italy","IT",0.4948,0.24,"01510"
"A.03.01.001","New potatoes","Netherlands (Kingdom of the)","NL",0.1057,0.24,"01510"
"A.03.01.002","Main-crop potatoes","Belgium","BE",0.0467,0.24,"01510"
"A.03.01.002","Main-crop potatoes","Germany","DE",0.151,0.24,"01510"
"A.03.01.002","Main-crop potatoes","Denmark","DK",0.0153,0.24,"01510"
"A.03.01.002","Main-crop potatoes","Egypt","EG",0.0209,0.24,"01510"
"A.03.01.002","Main-crop potatoes","France","FR",0.1655,0.24,"01510"
"A.03.01.002","Main-crop potatoes","Italy","IT",0.4948,0.24,"01510"
"A.03.01.002","Main-crop potatoes","Netherlands (Kingdom of the)","NL",0.1057,0.24,"01510"
"A.03.02.001","Sweet potatoes","China, mainland","CN",0.0735,0.24,"01530"
"A.03.02.001","Sweet potatoes","Egypt","EG",0.519,0.24,"01530"
"A.03.02.001","Sweet potatoes","Honduras","HN",0.014,0.24,"01530"
"A.03.02.001","Sweet potatoes","Morocco","MA",0.0588,0.24,"01530"
"A.03.02.001","Sweet potatoes","United States of America","US",0.3154,0.24,"01530"
"A.03.02.001","Sweet potatoes","South Africa","ZA",0.0192,0.24,"01530"
"A.03.02.002","Cassava roots","Bolivia (Plurinational State of)","BO",0.0594,0.24,"01599.10"
"A.03.02.002","Cassava roots","Côte d'Ivoire","CI",0.0833,0.24,"01599.10"
"A.03.02.002","Cassava roots","Cameroon","CM",0.0119,0.24,"01599.10"
"A.03.02.002","Cassava roots","China, mainland","CN",0.1779,0.24,"01599.10"
"A.03.02.002","Cassava roots","Costa Rica","CR",0.0546,0.24,"01599.10"
"A.03.02.002","Cassava roots","Ecuador","EC",0.0105,0.24,"01599.10"
"A.03.02.002","Cassava roots","Ghana","GH",0.2183,0.24,"01599.10"
"A.03.02.002","Cassava roots","Honduras","HN",0.082,0.24,"01599.10"
"A.03.02.002","Cassava roots","Indonesia","ID",0.0423,0.24,"01599.10"
"A.03.02.002","Cassava roots","Peru","PE",0.1021,0.24,"01599.10"
"A.03.02.002","Cassava roots","Togo","TG",0.0363,0.24,"01599.10"
"A.03.02.002","Cassava roots","Thailand","TH",0.0506,0.24,"01599.10"
"A.03.02.002","Cassava roots","United Republic of Tanzania","TZ",0.071,0.24,"01599.10"
"A.03.02.004","Yams","Bolivia (Plurinational State of)","BO",0.0594,0.24,"01599.10"
"A.03.02.004","Yams","Côte d'Ivoire","CI",0.0833,0.24,"01599.10"
"A.03.02.004","Yams","Cameroon","CM",0.0119,0.24,"01599.10"
"A.03.02.004","Yams","China, mainland","CN",0.1779,0.24,"01599.10"
"A.03.02.004","Yams","Costa Rica","CR",0.0546,0.24,"01599.10"
"A.03.02.004","Yams","Ecuador","EC",0.0105,0.24,"01599.10"
"A.03.02.004","Yams","Ghana","GH",0.2183,0.24,"01599.10"
"A.03.02.004","Yams","Honduras","HN",0.082,0.24,"01599.10"
"A.03.02.004","Yams","Indonesia","ID",0.0423,0.24,"01599.10"
"A.03.02.004","Yams","Peru","PE",0.1021,0.24,"01599.10"
"A.03.02.004","Yams","Togo","TG",0.0363,0.24,"01599.10"
"A.03.02.004","Yams","Thailand","TH",0.0506,0.24,"01599.10"
"A.03.02.004","Yams","United Republic of Tanzania","TZ",0.071,0.24,"01599.10"
"A.03.02.005","Jerusalem artichokes","Bolivia (Plurinational State of)","BO",0.0594,0.24,"01599.10"
"A.03.02.005","Jerusalem artichokes","Côte d'Ivoire","CI",0.0833,0.24,"01599.10"
"A.03.02.005","Jerusalem artichokes","Cameroon","CM",0.0119,0.24,"01599.10"
"A.03.02.005","Jerusalem artichokes","China, mainland","CN",0.1779,0.24,"01599.10"
"A.03.02.005","Jerusalem artichokes","Costa Rica","CR",0.0546,0.24,"01599.10"
"A.03.02.005","Jerusalem artichokes","Ecuador","EC",0.0105,0.24,"01599.10"
"A.03.02.005","Jerusalem artichokes","Ghana","GH",0.2183,0.24,"01599.10"
"A.03.02.005","Jerusalem artichokes","Honduras","HN",0.082,0.24,"01599.10"
"A.03.02.005","Jerusalem artichokes","Indonesia","ID",0.0423,0.24,"01599.10"
"A.03.02.005","Jerusalem artichokes","Peru","PE",0.1021,0.24,"01599.10"
"A.03.02.005","Jerusalem artichokes","Togo","TG",0.0363,0.24,"01599.10"
"A.03.02.005","Jerusalem artichokes","Thailand","TH",0.0506,0.24,"01599.10"
"A.03.02.005","Jerusalem artichokes","United Republic of Tanzania","TZ",0.071,0.24,"01599.10"
"A.04.01.001","Beans (fresh seeds without pods) and similar-","Argentina","AR",0.3188,0.06,"01701"
"A.04.01.001","Beans (fresh seeds without pods) and similar-","Canada","CA",0.1697,0.06,"01701"
"A.04.01.001","Beans (fresh seeds without pods) and similar-","China, mainland","CN",0.048,0.06,"01701"
"A.04.01.001","Beans (fresh seeds without pods) and similar-","Egypt","EG",0.0172,0.06,"01701"
"A.04.01.001","Beans (fresh seeds without pods) and similar-","Ethiopia","ET",0.0681,0.06,"01701"
"A.04.01.001","Beans (fresh seeds without pods) and similar-","India","IN",0.0145,0.06,"01701"
"A.04.01.001","Beans (fresh seeds without pods) and similar-","Myanmar","MM",0.0281,0.06,"01701"
"A.04.01.001","Beans (fresh seeds without pods) and similar-","Ukraine","UA",0.0345,0.06,"01701"
"A.04.01.001","Beans (fresh seeds without pods) and similar-","United States of America","US",0.3013,0.06,"01701"
"A.04.01.002","Peas (without pods) and similar-","Czechia","CZ",0.0142,0.07,"01242"
"A.04.01.002","Peas (without pods) and similar-","Italy","IT",0.9706,0.07,"01242"
"A.04.01.002","Peas (without pods) and similar-","Slovakia","SK",0.0152,0.07,"01242"
"A.04.02.001","Beans (dry) and similar-","Argentina","AR",0.3188,0.06,"01701"
"A.04.02.001","Beans (dry) and similar-","Canada","CA",0.1697,0.06,"01701"
"A.04.02.001","Beans (dry) and similar-","China, mainland","CN",0.048,0.06,"01701"
"A.04.02.001","Beans (dry) and similar-","Egypt","EG",0.0172,0.06,"01701"
"A.04.02.001","Beans (dry) and similar-","Ethiopia","ET",0.0681,0.06,"01701"
"A.04.02.001","Beans (dry) and similar-","India","IN",0.0145,0.06,"01701"
"A.04.02.001","Beans (dry) and similar-","Myanmar","MM",0.0281,0.06,"01701"
"A.04.02.001","Beans (dry) and similar-","Ukraine","UA",0.0345,0.06,"01701"
"A.04.02.001","Beans (dry) and similar-","United States of America","US",0.3013,0.06,"01701"
"A.04.02.002","Lentils (dry) and similar-","Australia","AU",0.0116,0.06,"01704"
"A.04.02.002","Lentils (dry) and similar-","Canada","CA",0.7427,0.06,"01704"
"A.04.02.002","Lentils (dry) and similar-","China, mainland","CN",0.012,0.06,"01704"
"A.04.02.002","Lentils (dry) and similar-","Kazakhstan","KZ",0.0211,0.06,"01704"
"A.04.02.002","Lentils (dry) and similar-","Russian Federation","RU",0.0184,0.06,"01704"
"A.04.02.002","Lentils (dry) and similar-","Türkiye","TR",0.0654,0.06,"01704"
"A.04.02.002","Lentils (dry) and similar-","United States of America","US",0.1289,0.06,"01704"
"A.04.02.003","Peas (dry) and similar-","Canada","CA",0.0363,0.06,"01705"
"A.04.02.003","Peas (dry) and similar-","Czechia","CZ",0.0146,0.06,"01705"
"A.04.02.003","Peas (dry) and similar-","France","FR",0.0349,0.06,"01705"
"A.04.02.003","Peas (dry) and similar-","Italy","IT",0.1875,0.06,"01705"
"A.04.02.003","Peas (dry) and similar-","Romania","RO",0.0205,0.06,"01705"
"A.04.02.003","Peas (dry) and similar-","Russian Federation","RU",0.6155,0.06,"01705"
"A.04.02.003","Peas (dry) and similar-","Ukraine","UA",0.0907,0.06,"01705"
"A.04.02.004","Lupins (Lupinus spp.)","Germany","DE",0.0438,0.06,"01709.02"
"A.04.02.004","Lupins (Lupinus spp.)","France","FR",0.0301,0.06,"01709.02"
"A.04.02.004","Lupins (Lupinus spp.)","United Kingdom of Great Britain and Northern Ireland","GB",0.1324,0.06,"01709.02"
"A.04.02.004","Lupins (Lupinus spp.)","Italy","IT",0.7936,0.06,"01709.02"
"A.04.02.005","Chickpeas (dry)","Argentina","AR",0.092,0.06,"01703"
"A.04.02.005","Chickpeas (dry)","Australia","AU",0.0649,0.06,"01703"
"A.04.02.005","Chickpeas (dry)","Canada","CA",0.22,0.06,"01703"
"A.04.02.005","Chickpeas (dry)","India","IN",0.0279,0.06,"01703"
"A.04.02.005","Chickpeas (dry)","Mexico","MX",0.1187,0.06,"01703"
"A.04.02.005","Chickpeas (dry)","Russian Federation","RU",0.1996,0.06,"01703"
"A.04.02.005","Chickpeas (dry)","Türkiye","TR",0.1904,0.06,"01703"
"A.04.02.005","Chickpeas (dry)","United States of America","US",0.0865,0.06,"01703"
"A.04.02.007","Broad beans (dry)","Germany","DE",0.0438,0.06,"01702"
"A.04.02.007","Broad beans (dry)","France","FR",0.0301,0.06,"01702"
"A.04.02.007","Broad beans (dry)","United Kingdom of Great Britain and Northern Ireland","GB",0.1324,0.06,"01702"
"A.04.02.007","Broad beans (dry)","Italy","IT",0.7936,0.06,"01702"
"A.04.02.008","Lima beans (dry)","Argentina","AR",0.3188,0.06,"01701"
"A.04.02.008","Lima beans (dry)","Canada","CA",0.1697,0.06,"01701"
"A.04.02.008","Lima beans (dry)","China, mainland","CN",0.048,0.06,"01701"
"A.04.02.008","Lima beans (dry)","Egypt","EG",0.0172,0.06,"01701"
"A.04.02.008","Lima beans (dry)","Ethiopia","ET",0.0681,0.06,"01701"
"A.04.02.008","Lima beans (dry)","India","IN",0.0145,0.06,"01701"
"A.04.02.008","Lima beans (dry)","Myanmar","MM",0.0281,0.06,"01701"
"A.04.02.008","Lima beans (dry)","Ukraine","UA",0.0345,0.06,"01701"
"A.04.02.008","Lima beans (dry)","United States of America","US",0.3013,0.06,"01701"
"A.04.02.009","Mung beans (dry)","Argentina","AR",0.3188,0.06,"01701"
"A.04.02.009","Mung beans (dry)","Canada","CA",0.1697,0.06,"01701"
"A.04.02.009","Mung beans (dry)","China, mainland","CN",0.048,0.06,"01701"
"A.04.02.009","Mung beans (dry)","Egypt","EG",0.0172,0.06,"01701"
"A.04.02.009","Mung beans (dry)","Ethiopia","ET",0.0681,0.06,"01701"
"A.04.02.009","Mung beans (dry)","India","IN",0.0145,0.06,"01701"
"A.04.02.009","Mung beans (dry)","Myanmar","MM",0.0281,0.06,"01701"
"A.04.02.009","Mung beans (dry)","Ukraine","UA",0.0345,0.06,"01701"
"A.04.02.009","Mung beans (dry)","United States of America","US",0.3013,0.06,"01701"
"A.04.02.011","Black eyed peas (dry)","Canada","CA",0.0363,0.06,"01705"
"A.04.02.011","Black eyed peas (dry)","Czechia","CZ",0.0146,0.06,"01705"
"A.04.02.011","Black eyed peas (dry)","France","FR",0.0349,0.06,"01705"
"A.04.02.011","Black eyed peas (dry)","Italy","IT",0.1875,0.06,"01705"
"A.04.02.011","Black eyed peas (dry)","Romania","RO",0.0205,0.06,"01705"
"A.04.02.011","Black eyed peas (dry)","Russian Federation","RU",0.6155,0.06,"01705"
"A.04.02.011","Black eyed peas (dry)","Ukraine","UA",0.0907,0.06,"01705"
"A.04.02.012","Soyabeans for oil","Argentina","AR",0.1894,0.06,"0141"
"A.04.02.012","Soyabeans for oil","Brazil","BR",0.368,0.06,"0141"
"A.04.02.012","Soyabeans for oil","Canada","CA",0.0497,0.06,"0141"
"A.04.02.012","Soyabeans for oil","Italy","IT",0.2235,0.06,"0141"
"A.04.02.012","Soyabeans for oil","Paraguay","PY",0.0323,0.06,"0141"
"A.04.02.012","Soyabeans for oil","Ukraine","UA",0.0329,0.06,"0141"
"A.04.02.012","Soyabeans for oil","United States of America","US",0.0934,0.06,"0141"
"A.04.02.012","Soyabeans for oil","Uruguay","UY",0.0107,0.06,"0141"
"A.04.02.014","Carobs","Argentina","AR",0.3188,0.06,"01709.90"
"A.04.02.014","Carobs","Canada","CA",0.1697,0.06,"01709.90"
"A.04.02.014","Carobs","China, mainland","CN",0.048,0.06,"01709.90"
"A.04.02.014","Carobs","Egypt","EG",0.0172,0.06,"01709.90"
"A.04.02.014","Carobs","Ethiopia","ET",0.0681,0.06,"01709.90"
"A.04.02.014","Carobs","India","IN",0.0145,0.06,"01709.90"
"A.04.02.014","Carobs","Myanmar","MM",0.0281,0.06,"01709.90"
"A.04.02.014","Carobs","Ukraine","UA",0.0345,0.06,"01709.90"
"A.04.02.014","Carobs","United States of America","US",0.3013,0.06,"01709.90"
"A.04.02.020","Yams","Bolivia (Plurinational State of)","BO",0.0594,0.24,"01599.10"
"A.04.02.020","Yams","Côte d'Ivoire","CI",0.0833,0.24,"01599.10"
"A.04.02.020","Yams","Cameroon","CM",0.0119,0.24,"01599.10"
"A.04.02.020","Yams","China, mainland","CN",0.1779,0.24,"01599.10"
"A.04.02.020","Yams","Costa Rica","CR",0.0546,0.24,"01599.10"
"A.04.02.020","Yams","Ecuador","EC",0.0105,0.24,"01599.10"
"A.04.02.020","Yams","Ghana","GH",0.2183,0.24,"01599.10"
"A.04.02.020","Yams","Honduras","HN",0.082,0.24,"01599.10"
"A.04.02.020","Yams","Indonesia","ID",0.0423,0.24,"01599.10"
"A.04.02.020","Yams","Peru","PE",0.1021,0.24,"01599.10"
"A.04.02.020","Yams","Togo","TG",0.0363,0.24,"01599.10"
"A.04.02.020","Yams","Thailand","TH",0.0506,0.24,"01599.10"
"A.04.02.020","Yams","United Republic of Tanzania","TZ",0.071,0.24,"01599.10"
"A.04.02.021","Peanuts","Spain","ES",0.1069,0.06,"0142"
"A.04.02.021","Peanuts","Italy","IT",0.5502,0.06,"0142"
"A.04.02.021","Peanuts","Portugal","PT",0.0126,0.06,"0142"
"A.04.02.021","Peanuts","United States of America","US",0.3302,0.06,"0142"
"A.04.03.001","Almonds sweet","Spain","ES",0.1069,0.06,"01371"
"A.04.03.001","Almonds sweet","Italy","IT",0.5502,0.06,"01371"
"A.04.03.001","Almonds sweet","Portugal","PT",0.0126,0.06,"01371"
"A.04.03.001","Almonds sweet","United States of America","US",0.3302,0.06,"01371"
"A.04.03.002","Bitter almonds","Spain","ES",0.1069,0.06,"01371"
"A.04.03.002","Bitter almonds","Italy","IT",0.5502,0.06,"01371"
"A.04.03.002","Bitter almonds","Portugal","PT",0.0126,0.06,"01371"
"A.04.03.002","Bitter almonds","United States of America","US",0.3302,0.06,"01371"
"A.04.03.003","Brazil nuts","Spain","ES",0.1069,0.06,"01377"
"A.04.03.003","Brazil nuts","Italy","IT",0.5502,0.06,"01377"
"A.04.03.003","Brazil nuts","Portugal","PT",0.0126,0.06,"01377"
"A.04.03.003","Brazil nuts","United States of America","US",0.3302,0.06,"01377"
"A.04.03.004","Cashew nuts","Burkina Faso","BF",0.016,0.06,"01372"
"A.04.03.004","Cashew nuts","Benin","BJ",0.0357,0.06,"01372"
"A.04.03.004","Cashew nuts","Brazil","BR",0.0431,0.06,"01372"
"A.04.03.004","Cashew nuts","Côte d'Ivoire","CI",0.5684,0.06,"01372"
"A.04.03.004","Cashew nuts","Ghana","GH",0.039,0.06,"01372"
"A.04.03.004","Cashew nuts","Indonesia","ID",0.0165,0.06,"01372"
"A.04.03.004","Cashew nuts","Mozambique","MZ",0.0198,0.06,"01372"
"A.04.03.004","Cashew nuts","Nigeria","NG",0.0143,0.06,"01372"
"A.04.03.004","Cashew nuts","United Republic of Tanzania","TZ",0.0586,0.06,"01372"
"A.04.03.004","Cashew nuts","Viet Nam","VN",0.1885,0.06,"01372"
"A.04.03.005","Chestnuts","Chile","CL",0.022,0.06,"01373"
"A.04.03.005","Chestnuts","Spain","ES",0.0364,0.06,"01373"
"A.04.03.005","Chestnuts","Greece","GR",0.0381,0.06,"01373"
"A.04.03.005","Chestnuts","Italy","IT",0.7998,0.06,"01373"
"A.04.03.005","Chestnuts","Portugal","PT",0.0317,0.06,"01373"
"A.04.03.005","Chestnuts","Türkiye","TR",0.0719,0.06,"01373"
"A.04.03.006","Coconuts","Côte d'Ivoire","CI",0.0174,0.06,"01460"
"A.04.03.006","Coconuts","Indonesia","ID",0.0868,0.06,"01460"
"A.04.03.006","Coconuts","Sri Lanka","LK",0.0157,0.06,"01460"
"A.04.03.006","Coconuts","Malaysia","MY",0.0115,0.06,"01460"
"A.04.03.006","Coconuts","Philippines","PH",0.8686,0.06,"01460"
"A.04.03.007","Hazelnuts","Azerbaijan","AZ",0.0282,0.06,"01374"
"A.04.03.007","Hazelnuts","Chile","CL",0.066,0.06,"01374"
"A.04.03.007","Hazelnuts","Georgia","GE",0.0367,0.06,"01374"
"A.04.03.007","Hazelnuts","Italy","IT",0.6235,0.06,"01374"
"A.04.03.007","Hazelnuts","Türkiye","TR",0.2345,0.06,"01374"
"A.04.03.007","Hazelnuts","United States of America","US",0.011,0.06,"01374"
"A.04.03.008","Macadamias","Spain","ES",0.1069,0.06,"01371"
"A.04.03.008","Macadamias","Italy","IT",0.5502,0.06,"01371"
"A.04.03.008","Macadamias","Portugal","PT",0.0126,0.06,"01371"
"A.04.03.008","Macadamias","United States of America","US",0.3302,0.06,"01371"
"A.04.03.009","Pecans","Spain","ES",0.1069,0.06,"01371"
"A.04.03.009","Pecans","Italy","IT",0.5502,0.06,"01371"
"A.04.03.009","Pecans","Portugal","PT",0.0126,0.06,"01371"
"A.04.03.009","Pecans","United States of America","US",0.3302,0.06,"01371"
"A.04.03.010","Pine nut kernels","Spain","ES",0.1069,0.06,"01371"
"A.04.03.010","Pine nut kernels","Italy","IT",0.5502,0.06,"01371"
"A.04.03.010","Pine nut kernels","Portugal","PT",0.0126,0.06,"01371"
"A.04.03.010","Pine nut kernels","United States of America","US",0.3302,0.06,"01371"
"A.04.03.011","Pistachios","Iran (Islamic Republic of)","IR",0.085,0.06,"01375"
"A.04.03.011","Pistachios","Türkiye","TR",0.0947,0.06,"01375"
"A.04.03.011","Pistachios","United States of America","US",0.8203,0.06,"01375"
"A.04.03.012","Walnuts","Argentina","AR",0.0415,0.06,"01376"
"A.04.03.012","Walnuts","Chile","CL",0.2048,0.06,"01376"
"A.04.03.012","Walnuts","France","FR",0.108,0.06,"01376"
"A.04.03.012","Walnuts","Italy","IT",0.3138,0.06,"01376"
"A.04.03.012","Walnuts","Ukraine","UA",0.0146,0.06,"01376"
"A.04.03.012","Walnuts","United States of America","US",0.3173,0.06,"01376"
"A.04.03.013","Kola nut (Cola spp.)","Côte d'Ivoire","CI",0.5274,0.06,"01379.02"
"A.04.03.013","Kola nut (Cola spp.)","Cameroon","CM",0.1077,0.06,"01379.02"
"A.04.03.013","Kola nut (Cola spp.)","Ghana","GH",0.0339,0.06,"01379.02"
"A.04.03.013","Kola nut (Cola spp.)","Nigeria","NG",0.331,0.06,"01379.02"
"A.04.04.001","Linseeds","France","FR",0.0119,0.06,"01441"
"A.04.04.001","Linseeds","Kazakhstan","KZ",0.2863,0.06,"01441"
"A.04.04.001","Linseeds","Russian Federation","RU",0.6336,0.06,"01441"
"A.04.04.001","Linseeds","Ukraine","UA",0.0683,0.06,"01441"
"A.04.04.003","Poppy seeds","Serbia","RS",0.2638,0.06,"01448"
"A.04.04.003","Poppy seeds","Türkiye","TR",0.7362,0.06,"01448"
"A.04.04.004","Sesame seeds","Italy","IT",1,0.06,"01449.90"
"A.04.04.005","Sunflower seeds","Argentina","AR",0.0206,0.06,"01445"
"A.04.04.005","Sunflower seeds","Bulgaria","BG",0.0367,0.06,"01445"
"A.04.04.005","Sunflower seeds","France","FR",0.0155,0.06,"01445"
"A.04.04.005","Sunflower seeds","Croatia","HR",0.0185,0.06,"01445"
"A.04.04.005","Sunflower seeds","Hungary","HU",0.1956,0.06,"01445"
"A.04.04.005","Sunflower seeds","Italy","IT",0.1577,0.06,"01445"
"A.04.04.005","Sunflower seeds","Republic of Moldova","MD",0.0573,0.06,"01445"
"A.04.04.005","Sunflower seeds","Romania","RO",0.0584,0.06,"01445"
"A.04.04.005","Sunflower seeds","Serbia","RS",0.0485,0.06,"01445"
"A.04.04.005","Sunflower seeds","Russian Federation","RU",0.0481,0.06,"01445"
"A.04.04.005","Sunflower seeds","Ukraine","UA",0.3431,0.06,"01445"
"A.04.04.006","Rape seed (Brassica napus)","Austria","AT",0.0146,0.06,"01443"
"A.04.04.006","Rape seed (Brassica napus)","Australia","AU",0.0286,0.06,"01443"
"A.04.04.006","Rape seed (Brassica napus)","Bosnia and Herzegovina","BA",0.0125,0.06,"01443"
"A.04.04.006","Rape seed (Brassica napus)","Bulgaria","BG",0.0235,0.06,"01443"
"A.04.04.006","Rape seed (Brassica napus)","Czechia","CZ",0.0252,0.06,"01443"
"A.04.04.006","Rape seed (Brassica napus)","Germany","DE",0.0409,0.06,"01443"
"A.04.04.006","Rape seed (Brassica napus)","France","FR",0.0308,0.06,"01443"
"A.04.04.006","Rape seed (Brassica napus)","Croatia","HR",0.0158,0.06,"01443"
"A.04.04.006","Rape seed (Brassica napus)","Hungary","HU",0.073,0.06,"01443"
"A.04.04.006","Rape seed (Brassica napus)","Italy","IT",0.3751,0.06,"01443"
"A.04.04.006","Rape seed (Brassica napus)","Poland","PL",0.0218,0.06,"01443"
"A.04.04.006","Rape seed (Brassica napus)","Romania","RO",0.059,0.06,"01443"
"A.04.04.006","Rape seed (Brassica napus)","Serbia","RS",0.056,0.06,"01443"
"A.04.04.006","Rape seed (Brassica napus)","Russian Federation","RU",0.0651,0.06,"01443"
"A.04.04.006","Rape seed (Brassica napus)","Slovakia","SK",0.0788,0.06,"01443"
"A.04.04.006","Rape seed (Brassica napus)","Ukraine","UA",0.0793,0.06,"01443"
"A.04.04.007","Mustard seeds","Italy","IT",1,0.06,"01449.90"
"A.04.04.009","Pumpkin seeds","Italy","IT",1,0.06,"01449.90"
"A.04.04.010","Safflower (Carthamus tinctorius)","Bangladesh","BD",0.0224,0.07,"01699"
"A.04.04.010","Safflower (Carthamus tinctorius)","China, mainland","CN",0.0221,0.07,"01699"
"A.04.04.010","Safflower (Carthamus tinctorius)","Indonesia","ID",0.033,0.07,"01699"
"A.04.04.010","Safflower (Carthamus tinctorius)","India","IN",0.7349,0.07,"01699"
"A.04.04.010","Safflower (Carthamus tinctorius)","Peru","PE",0.0283,0.07,"01699"
"A.04.04.010","Safflower (Carthamus tinctorius)","Pakistan","PK",0.0358,0.07,"01699"
"A.04.04.010","Safflower (Carthamus tinctorius)","Syrian Arab Republic","SY",0.0264,0.07,"01699"
"A.04.04.010","Safflower (Carthamus tinctorius)","Thailand","TH",0.0137,0.07,"01699"
"A.04.04.010","Safflower (Carthamus tinctorius)","Türkiye","TR",0.0835,0.07,"01699"
"A.04.04.011","Borage (Borago officinalis)","Bangladesh","BD",0.0224,0.07,"01699"
"A.04.04.011","Borage (Borago officinalis)","China, mainland","CN",0.0221,0.07,"01699"
"A.04.04.011","Borage (Borago officinalis)","Indonesia","ID",0.033,0.07,"01699"
"A.04.04.011","Borage (Borago officinalis)","India","IN",0.7349,0.07,"01699"
"A.04.04.011","Borage (Borago officinalis)","Peru","PE",0.0283,0.07,"01699"
"A.04.04.011","Borage (Borago officinalis)","Pakistan","PK",0.0358,0.07,"01699"
"A.04.04.011","Borage (Borago officinalis)","Syrian Arab Republic","SY",0.0264,0.07,"01699"
"A.04.04.011","Borage (Borago officinalis)","Thailand","TH",0.0137,0.07,"01699"
"A.04.04.011","Borage (Borago officinalis)","Türkiye","TR",0.0835,0.07,"01699"
"A.04.04.013","Hemp seeds","Italy","IT",1,0.06,"01449.90"
"A.04.05","Other oilseeds (including elsewhere non-listed seeds)","Italy","IT",1,0.06,"01449.90"
"A.05.01.001","Grapefruits","China, mainland","CN",0.0782,0.07,"01321"
"A.05.01.001","Grapefruits","Cyprus","CY",0.1122,0.07,"01321"
"A.05.01.001","Grapefruits","Spain","ES",0.1443,0.07,"01321"
"A.05.01.001","Grapefruits","Israel","IL",0.109,0.07,"01321"
"A.05.01.001","Grapefruits","Italy","IT",0.1963,0.07,"01321"
"A.05.01.001","Grapefruits","Türkiye","TR",0.0811,0.07,"01321"
"A.05.01.001","Grapefruits","South Africa","ZA",0.2789,0.07,"01321"
"A.05.01.002","Oranges","Brazil","BR",0.0181,0.07,"01323"
"A.05.01.002","Oranges","Egypt","EG",0.0171,0.07,"01323"
"A.05.01.002","Oranges","Spain","ES",0.0535,0.07,"01323"
"A.05.01.002","Oranges","Italy","IT",0.8893,0.07,"01323"
"A.05.01.002","Oranges","South Africa","ZA",0.0219,0.07,"01323"
"A.05.01.003","Lemons","Argentina","AR",0.0414,0.07,"01322"
"A.05.01.003","Lemons","Brazil","BR",0.0108,0.07,"01322"
"A.05.01.003","Lemons","Spain","ES",0.0668,0.07,"01322"
"A.05.01.003","Lemons","Italy","IT",0.8186,0.07,"01322"
"A.05.01.003","Lemons","South Africa","ZA",0.0623,0.07,"01322"
"A.05.01.004","Limes","Argentina","AR",0.0414,0.07,"01322"
"A.05.01.004","Limes","Brazil","BR",0.0108,0.07,"01322"
"A.05.01.004","Limes","Spain","ES",0.0668,0.07,"01322"
"A.05.01.004","Limes","Italy","IT",0.8186,0.07,"01322"
"A.05.01.004","Limes","South Africa","ZA",0.0623,0.07,"01322"
"A.05.01.005","Mandarins and similar-","Spain","ES",0.0623,0.07,"01324"
"A.05.01.005","Mandarins and similar-","Italy","IT",0.9377,0.07,"01324"
"A.05.01.006","Pomelo (Citrus grandis)","China, mainland","CN",0.0782,0.07,"01321"
"A.05.01.006","Pomelo (Citrus grandis)","Cyprus","CY",0.1122,0.07,"01321"
"A.05.01.006","Pomelo (Citrus grandis)","Spain","ES",0.1443,0.07,"01321"
"A.05.01.006","Pomelo (Citrus grandis)","Israel","IL",0.109,0.07,"01321"
"A.05.01.006","Pomelo (Citrus grandis)","Italy","IT",0.1963,0.07,"01321"
"A.05.01.006","Pomelo (Citrus grandis)","Türkiye","TR",0.0811,0.07,"01321"
"A.05.01.006","Pomelo (Citrus grandis)","South Africa","ZA",0.2789,0.07,"01321"
"A.05.02.001","Apples","Spain","ES",0.0105,0.07,"01341"
"A.05.02.001","Apples","Italy","IT",0.9895,0.07,"01341"
"A.05.02.002","Pears","Argentina","AR",0.029,0.07,"01342.01"
"A.05.02.002","Pears","Belgium","BE",0.0321,0.07,"01342.01"
"A.05.02.002","Pears","Chile","CL",0.0272,0.07,"01342.01"
"A.05.02.002","Pears","Spain","ES",0.0493,0.07,"01342.01"
"A.05.02.002","Pears","Italy","IT",0.7935,0.07,"01342.01"
"A.05.02.002","Pears","Netherlands (Kingdom of the)","NL",0.0503,0.07,"01342.01"
"A.05.02.002","Pears","South Africa","ZA",0.0186,0.07,"01342.01"
"A.05.02.003","Quinces","Chile","CL",0.0104,0.06,"01342.02"
"A.05.02.003","Quinces","Serbia","RS",0.0323,0.06,"01342.02"
"A.05.02.003","Quinces","Türkiye","TR",0.9573,0.06,"01342.02"
"A.05.02.004","Medlars","RoW","RoW",1,0.07,"01359.90"
"A.05.02.005","Loquats","RoW","RoW",1,0.07,"01359.90"
"A.05.02.007","Sorb fruits","Spain","ES",0.0105,0.07,"01341"
"A.05.02.007","Sorb fruits","Italy","IT",0.9895,0.07,"01341"
"A.05.02.009","Nashi pears","Argentina","AR",0.029,0.07,"01342.01"
"A.05.02.009","Nashi pears","Belgium","BE",0.0321,0.07,"01342.01"
"A.05.02.009","Nashi pears","Chile","CL",0.0272,0.07,"01342.01"
"A.05.02.009","Nashi pears","Spain","ES",0.0493,0.07,"01342.01"
"A.05.02.009","Nashi pears","Italy","IT",0.7935,0.07,"01342.01"
"A.05.02.009","Nashi pears","Netherlands (Kingdom of the)","NL",0.0503,0.07,"01342.01"
"A.05.02.009","Nashi pears","South Africa","ZA",0.0186,0.07,"01342.01"
"A.05.03.001","Apricots","Spain","ES",0.0385,0.07,"01343"
"A.05.03.001","Apricots","France","FR",0.0134,0.07,"01343"
"A.05.03.001","Apricots","Italy","IT",0.9101,0.07,"01343"
"A.05.03.001","Apricots","Türkiye","TR",0.038,0.07,"01343"
"A.05.03.002","Plums","Bulgaria","BG",0.0119,0.07,"01346"
"A.05.03.002","Plums","Chile","CL",0.0765,0.07,"01346"
"A.05.03.002","Plums","Spain","ES",0.0199,0.07,"01346"
"A.05.03.002","Plums","France","FR",0.0141,0.07,"01346"
"A.05.03.002","Plums","Italy","IT",0.8166,0.07,"01346"
"A.05.03.002","Plums","Republic of Moldova","MD",0.0107,0.07,"01346"
"A.05.03.002","Plums","United States of America","US",0.0371,0.07,"01346"
"A.05.03.002","Plums","South Africa","ZA",0.0133,0.07,"01346"
"A.05.03.003","Damsons","Bulgaria","BG",0.0119,0.07,"01346"
"A.05.03.003","Damsons","Chile","CL",0.0765,0.07,"01346"
"A.05.03.003","Damsons","Spain","ES",0.0199,0.07,"01346"
"A.05.03.003","Damsons","France","FR",0.0141,0.07,"01346"
"A.05.03.003","Damsons","Italy","IT",0.8166,0.07,"01346"
"A.05.03.003","Damsons","Republic of Moldova","MD",0.0107,0.07,"01346"
"A.05.03.003","Damsons","United States of America","US",0.0371,0.07,"01346"
"A.05.03.003","Damsons","South Africa","ZA",0.0133,0.07,"01346"
"A.05.03.004","Mirabelles","Bulgaria","BG",0.0119,0.07,"01346"
"A.05.03.004","Mirabelles","Chile","CL",0.0765,0.07,"01346"
"A.05.03.004","Mirabelles","Spain","ES",0.0199,0.07,"01346"
"A.05.03.004","Mirabelles","France","FR",0.0141,0.07,"01346"
"A.05.03.004","Mirabelles","Italy","IT",0.8166,0.07,"01346"
"A.05.03.004","Mirabelles","Republic of Moldova","MD",0.0107,0.07,"01346"
"A.05.03.004","Mirabelles","United States of America","US",0.0371,0.07,"01346"
"A.05.03.004","Mirabelles","South Africa","ZA",0.0133,0.07,"01346"
"A.05.03.005","Gages","Bulgaria","BG",0.0119,0.07,"01346"
"A.05.03.005","Gages","Chile","CL",0.0765,0.07,"01346"
"A.05.03.005","Gages","Spain","ES",0.0199,0.07,"01346"
"A.05.03.005","Gages","France","FR",0.0141,0.07,"01346"
"A.05.03.005","Gages","Italy","IT",0.8166,0.07,"01346"
"A.05.03.005","Gages","Republic of Moldova","MD",0.0107,0.07,"01346"
"A.05.03.005","Gages","United States of America","US",0.0371,0.07,"01346"
"A.05.03.005","Gages","South Africa","ZA",0.0133,0.07,"01346"
"A.05.03.006","Cherries (sweet)","Spain","ES",0.04,0.07,"01344.02"
"A.05.03.006","Cherries (sweet)","Greece","GR",0.0388,0.07,"01344.02"
"A.05.03.006","Cherries (sweet)","Italy","IT",0.9065,0.07,"01344.02"
"A.05.03.006","Cherries (sweet)","Türkiye","TR",0.0147,0.07,"01344.02"
"A.05.03.007","Sour cherries","Bulgaria","BG",0.0167,0.07,"01344.01"
"A.05.03.007","Sour cherries","Czechia","CZ",0.0122,0.07,"01344.01"
"A.05.03.007","Sour cherries","Germany","DE",0.0168,0.07,"01344.01"
"A.05.03.007","Sour cherries","Spain","ES",0.079,0.07,"01344.01"
"A.05.03.007","Sour cherries","Greece","GR",0.1109,0.07,"01344.01"
"A.05.03.007","Sour cherries","Croatia","HR",0.0719,0.07,"01344.01"
"A.05.03.007","Sour cherries","Hungary","HU",0.0366,0.07,"01344.01"
"A.05.03.007","Sour cherries","Italy","IT",0.3443,0.07,"01344.01"
"A.05.03.007","Sour cherries","Poland","PL",0.0181,0.07,"01344.01"
"A.05.03.007","Sour cherries","Romania","RO",0.0206,0.07,"01344.01"
"A.05.03.007","Sour cherries","Serbia","RS",0.2729,0.07,"01344.01"
"A.05.03.011","Peaches and similar-","Spain","ES",0.0649,0.07,"01345"
"A.05.03.011","Peaches and similar-","Italy","IT",0.9351,0.07,"01345"
"A.05.04.001","Table grapes","Spain","ES",0.0157,0.07,"01330"
"A.05.04.001","Table grapes","Italy","IT",0.9843,0.07,"01330"
"A.05.04.002","Wine grapes","Spain","ES",0.0157,0.07,"01330"
"A.05.04.002","Wine grapes","Italy","IT",0.9843,0.07,"01330"
"A.05.04.003","Strawberries","Spain","ES",0.1703,0.07,"01354"
"A.05.04.003","Strawberries","Italy","IT",0.8297,0.07,"01354"
"A.05.04.004","Blackberries","Chile","CL",0.0144,0.07,"01353.01"
"A.05.04.004","Blackberries","Germany","DE",0.0214,0.07,"01353.01"
"A.05.04.004","Blackberries","Spain","ES",0.2845,0.07,"01353.01"
"A.05.04.004","Blackberries","France","FR",0.025,0.07,"01353.01"
"A.05.04.004","Blackberries","Italy","IT",0.5038,0.07,"01353.01"
"A.05.04.004","Blackberries","Morocco","MA",0.0222,0.07,"01353.01"
"A.05.04.004","Blackberries","Netherlands (Kingdom of the)","NL",0.0447,0.07,"01353.01"
"A.05.04.004","Blackberries","Peru","PE",0.0122,0.07,"01353.01"
"A.05.04.004","Blackberries","Poland","PL",0.0559,0.07,"01353.01"
"A.05.04.004","Blackberries","Portugal","PT",0.016,0.07,"01353.01"
"A.05.04.006","Raspberries (red and yellow)","Chile","CL",0.0144,0.07,"01353.01"
"A.05.04.006","Raspberries (red and yellow)","Germany","DE",0.0214,0.07,"01353.01"
"A.05.04.006","Raspberries (red and yellow)","Spain","ES",0.2845,0.07,"01353.01"
"A.05.04.006","Raspberries (red and yellow)","France","FR",0.025,0.07,"01353.01"
"A.05.04.006","Raspberries (red and yellow)","Italy","IT",0.5038,0.07,"01353.01"
"A.05.04.006","Raspberries (red and yellow)","Morocco","MA",0.0222,0.07,"01353.01"
"A.05.04.006","Raspberries (red and yellow)","Netherlands (Kingdom of the)","NL",0.0447,0.07,"01353.01"
"A.05.04.006","Raspberries (red and yellow)","Peru","PE",0.0122,0.07,"01353.01"
"A.05.04.006","Raspberries (red and yellow)","Poland","PL",0.0559,0.07,"01353.01"
"A.05.04.006","Raspberries (red and yellow)","Portugal","PT",0.016,0.07,"01353.01"
"A.05.04.008","Blueberries","Chile","CL",0.0144,0.07,"01355.01"
"A.05.04.008","Blueberries","Germany","DE",0.0214,0.07,"01355.01"
"A.05.04.008","Blueberries","Spain","ES",0.2845,0.07,"01355.01"
"A.05.04.008","Blueberries","France","FR",0.025,0.07,"01355.01"
"A.05.04.008","Blueberries","Italy","IT",0.5038,0.07,"01355.01"
"A.05.04.008","Blueberries","Morocco","MA",0.0222,0.07,"01355.01"
"A.05.04.008","Blueberries","Netherlands (Kingdom of the)","NL",0.0447,0.07,"01355.01"
"A.05.04.008","Blueberries","Peru","PE",0.0122,0.07,"01355.01"
"A.05.04.008","Blueberries","Poland","PL",0.0559,0.07,"01355.01"
"A.05.04.008","Blueberries","Portugal","PT",0.016,0.07,"01355.01"
"A.05.04.009","Cranberries","Chile","CL",0.0144,0.07,"01355.01"
"A.05.04.009","Cranberries","Germany","DE",0.0214,0.07,"01355.01"
"A.05.04.009","Cranberries","Spain","ES",0.2845,0.07,"01355.01"
"A.05.04.009","Cranberries","France","FR",0.025,0.07,"01355.01"
"A.05.04.009","Cranberries","Italy","IT",0.5038,0.07,"01355.01"
"A.05.04.009","Cranberries","Morocco","MA",0.0222,0.07,"01355.01"
"A.05.04.009","Cranberries","Netherlands (Kingdom of the)","NL",0.0447,0.07,"01355.01"
"A.05.04.009","Cranberries","Peru","PE",0.0122,0.07,"01355.01"
"A.05.04.009","Cranberries","Poland","PL",0.0559,0.07,"01355.01"
"A.05.04.009","Cranberries","Portugal","PT",0.016,0.07,"01355.01"
"A.05.04.010","Currants (black, red and white)","Austria","AT",0.0252,0.07,"01351.01"
"A.05.04.010","Currants (black, red and white)","Czechia","CZ",0.038,0.07,"01351.01"
"A.05.04.010","Currants (black, red and white)","Germany","DE",0.1009,0.07,"01351.01"
"A.05.04.010","Currants (black, red and white)","France","FR",0.0552,0.07,"01351.01"
"A.05.04.010","Currants (black, red and white)","Hungary","HU",0.0132,0.07,"01351.01"
"A.05.04.010","Currants (black, red and white)","Italy","IT",0.3609,0.07,"01351.01"
"A.05.04.010","Currants (black, red and white)","Netherlands (Kingdom of the)","NL",0.1933,0.07,"01351.01"
"A.05.04.010","Currants (black, red and white)","Poland","PL",0.2133,0.07,"01351.01"
"A.05.04.011","Gooseberries (green, red and yellow)","RoW","RoW",1,0.07,"01351.02"
"A.05.04.012","Rose hips","Bangladesh","BD",0.0224,0.07,"01699"
"A.05.04.012","Rose hips","China, mainland","CN",0.0221,0.07,"01699"
"A.05.04.012","Rose hips","Indonesia","ID",0.033,0.07,"01699"
"A.05.04.012","Rose hips","India","IN",0.7349,0.07,"01699"
"A.05.04.012","Rose hips","Peru","PE",0.0283,0.07,"01699"
"A.05.04.012","Rose hips","Pakistan","PK",0.0358,0.07,"01699"
"A.05.04.012","Rose hips","Syrian Arab Republic","SY",0.0264,0.07,"01699"
"A.05.04.012","Rose hips","Thailand","TH",0.0137,0.07,"01699"
"A.05.04.012","Rose hips","Türkiye","TR",0.0835,0.07,"01699"
"A.05.04.013","Mulberries (black and white)","Spain","ES",0.0386,0.07,"01315"
"A.05.04.013","Mulberries (black and white)","Greece","GR",0.0914,0.07,"01315"
"A.05.04.013","Mulberries (black and white)","Italy","IT",0.4885,0.07,"01315"
"A.05.04.013","Mulberries (black and white)","Türkiye","TR",0.3815,0.07,"01315"
"A.05.04.014","Azarole (mediteranean medlar) (Crataegus azarolus)","Chile","CL",0.0144,0.07,"01355.01"
"A.05.04.014","Azarole (mediteranean medlar) (Crataegus azarolus)","Germany","DE",0.0214,0.07,"01355.01"
"A.05.04.014","Azarole (mediteranean medlar) (Crataegus azarolus)","Spain","ES",0.2845,0.07,"01355.01"
"A.05.04.014","Azarole (mediteranean medlar) (Crataegus azarolus)","France","FR",0.025,0.07,"01355.01"
"A.05.04.014","Azarole (mediteranean medlar) (Crataegus azarolus)","Italy","IT",0.5038,0.07,"01355.01"
"A.05.04.014","Azarole (mediteranean medlar) (Crataegus azarolus)","Morocco","MA",0.0222,0.07,"01355.01"
"A.05.04.014","Azarole (mediteranean medlar) (Crataegus azarolus)","Netherlands (Kingdom of the)","NL",0.0447,0.07,"01355.01"
"A.05.04.014","Azarole (mediteranean medlar) (Crataegus azarolus)","Peru","PE",0.0122,0.07,"01355.01"
"A.05.04.014","Azarole (mediteranean medlar) (Crataegus azarolus)","Poland","PL",0.0559,0.07,"01355.01"
"A.05.04.014","Azarole (mediteranean medlar) (Crataegus azarolus)","Portugal","PT",0.016,0.07,"01355.01"
"A.05.04.015","Elderberries","Austria","AT",0.0252,0.07,"01351.01"
"A.05.04.015","Elderberries","Czechia","CZ",0.038,0.07,"01351.01"
"A.05.04.015","Elderberries","Germany","DE",0.1009,0.07,"01351.01"
"A.05.04.015","Elderberries","France","FR",0.0552,0.07,"01351.01"
"A.05.04.015","Elderberries","Hungary","HU",0.0132,0.07,"01351.01"
"A.05.04.015","Elderberries","Italy","IT",0.3609,0.07,"01351.01"
"A.05.04.015","Elderberries","Netherlands (Kingdom of the)","NL",0.1933,0.07,"01351.01"
"A.05.04.015","Elderberries","Poland","PL",0.2133,0.07,"01351.01"
"A.05.04.016","Cloudberries","Chile","CL",0.0144,0.07,"01353.01"
"A.05.04.016","Cloudberries","Germany","DE",0.0214,0.07,"01353.01"
"A.05.04.016","Cloudberries","Spain","ES",0.2845,0.07,"01353.01"
"A.05.04.016","Cloudberries","France","FR",0.025,0.07,"01353.01"
"A.05.04.016","Cloudberries","Italy","IT",0.5038,0.07,"01353.01"
"A.05.04.016","Cloudberries","Morocco","MA",0.0222,0.07,"01353.01"
"A.05.04.016","Cloudberries","Netherlands (Kingdom of the)","NL",0.0447,0.07,"01353.01"
"A.05.04.016","Cloudberries","Peru","PE",0.0122,0.07,"01353.01"
"A.05.04.016","Cloudberries","Poland","PL",0.0559,0.07,"01353.01"
"A.05.04.016","Cloudberries","Portugal","PT",0.016,0.07,"01353.01"
"A.05.04.017","Loganberry (Rubus loganobaccus)","Chile","CL",0.0144,0.07,"01355.01"
"A.05.04.017","Loganberry (Rubus loganobaccus)","Germany","DE",0.0214,0.07,"01355.01"
"A.05.04.017","Loganberry (Rubus loganobaccus)","Spain","ES",0.2845,0.07,"01355.01"
"A.05.04.017","Loganberry (Rubus loganobaccus)","France","FR",0.025,0.07,"01355.01"
"A.05.04.017","Loganberry (Rubus loganobaccus)","Italy","IT",0.5038,0.07,"01355.01"
"A.05.04.017","Loganberry (Rubus loganobaccus)","Morocco","MA",0.0222,0.07,"01355.01"
"A.05.04.017","Loganberry (Rubus loganobaccus)","Netherlands (Kingdom of the)","NL",0.0447,0.07,"01355.01"
"A.05.04.017","Loganberry (Rubus loganobaccus)","Peru","PE",0.0122,0.07,"01355.01"
"A.05.04.017","Loganberry (Rubus loganobaccus)","Poland","PL",0.0559,0.07,"01355.01"
"A.05.04.017","Loganberry (Rubus loganobaccus)","Portugal","PT",0.016,0.07,"01355.01"
"A.05.04.022","Bilberries","Chile","CL",0.0144,0.07,"01355.01"
"A.05.04.022","Bilberries","Germany","DE",0.0214,0.07,"01355.01"
"A.05.04.022","Bilberries","Spain","ES",0.2845,0.07,"01355.01"
"A.05.04.022","Bilberries","France","FR",0.025,0.07,"01355.01"
"A.05.04.022","Bilberries","Italy","IT",0.5038,0.07,"01355.01"
"A.05.04.022","Bilberries","Morocco","MA",0.0222,0.07,"01355.01"
"A.05.04.022","Bilberries","Netherlands (Kingdom of the)","NL",0.0447,0.07,"01355.01"
"A.05.04.022","Bilberries","Peru","PE",0.0122,0.07,"01355.01"
"A.05.04.022","Bilberries","Poland","PL",0.0559,0.07,"01355.01"
"A.05.04.022","Bilberries","Portugal","PT",0.016,0.07,"01355.01"
"A.05.04.026","Lingonberry (Vaccinium vitis-idaea)","Chile","CL",0.0144,0.07,"01355.01"
"A.05.04.026","Lingonberry (Vaccinium vitis-idaea)","Germany","DE",0.0214,0.07,"01355.01"
"A.05.04.026","Lingonberry (Vaccinium vitis-idaea)","Spain","ES",0.2845,0.07,"01355.01"
"A.05.04.026","Lingonberry (Vaccinium vitis-idaea)","France","FR",0.025,0.07,"01355.01"
"A.05.04.026","Lingonberry (Vaccinium vitis-idaea)","Italy","IT",0.5038,0.07,"01355.01"
"A.05.04.026","Lingonberry (Vaccinium vitis-idaea)","Morocco","MA",0.0222,0.07,"01355.01"
"A.05.04.026","Lingonberry (Vaccinium vitis-idaea)","Netherlands (Kingdom of the)","NL",0.0447,0.07,"01355.01"
"A.05.04.026","Lingonberry (Vaccinium vitis-idaea)","Peru","PE",0.0122,0.07,"01355.01"
"A.05.04.026","Lingonberry (Vaccinium vitis-idaea)","Poland","PL",0.0559,0.07,"01355.01"
"A.05.04.026","Lingonberry (Vaccinium vitis-idaea)","Portugal","PT",0.016,0.07,"01355.01"
"A.05.04.029","Ground cherries (physalis etc.)","China, mainland","CN",0.0246,0.07,"01234"
"A.05.04.029","Ground cherries (physalis etc.)","Italy","IT",0.9754,0.07,"01234"
"A.05.04.030","Sea buckthorns","Austria","AT",0.0252,0.07,"01351.01"
"A.05.04.030","Sea buckthorns","Czechia","CZ",0.038,0.07,"01351.01"
"A.05.04.030","Sea buckthorns","Germany","DE",0.1009,0.07,"01351.01"
"A.05.04.030","Sea buckthorns","France","FR",0.0552,0.07,"01351.01"
"A.05.04.030","Sea buckthorns","Hungary","HU",0.0132,0.07,"01351.01"
"A.05.04.030","Sea buckthorns","Italy","IT",0.3609,0.07,"01351.01"
"A.05.04.030","Sea buckthorns","Netherlands (Kingdom of the)","NL",0.1933,0.07,"01351.01"
"A.05.04.030","Sea buckthorns","Poland","PL",0.2133,0.07,"01351.01"
"A.05.05.001","Olives for oil production","Spain","ES",0.176,0.06,"01450"
"A.05.05.001","Olives for oil production","Greece","GR",0.109,0.06,"01450"
"A.05.05.001","Olives for oil production","Italy","IT",0.6547,0.06,"01450"
"A.05.05.001","Olives for oil production","Portugal","PT",0.0229,0.06,"01450"
"A.05.05.001","Olives for oil production","Tunisia","TN",0.0376,0.06,"01450"
"A.05.05.002","Palm nuts (palmoil kernels)","Italy","IT",1,0.06,"01491.02"
"A.05.05.003","Palmfruit (Elaeis guineensis)","Colombia","CO",0.0248,0.06,"01491.01"
"A.05.05.003","Palmfruit (Elaeis guineensis)","Guatemala","GT",0.0393,0.06,"01491.01"
"A.05.05.003","Palmfruit (Elaeis guineensis)","Honduras","HN",0.0484,0.06,"01491.01"
"A.05.05.003","Palmfruit (Elaeis guineensis)","Indonesia","ID",0.6384,0.06,"01491.01"
"A.05.05.003","Palmfruit (Elaeis guineensis)","Italy","IT",1,0.06,"01491.01"
"A.05.05.003","Palmfruit (Elaeis guineensis)","Malaysia","MY",0.2492,0.06,"01491.01"
"A.05.06.001","Dates","United Arab Emirates","AE",0.0108,0.07,"01314"
"A.05.06.001","Dates","Algeria","DZ",0.0466,0.07,"01314"
"A.05.06.001","Dates","Egypt","EG",0.0105,0.07,"01314"
"A.05.06.001","Dates","Israel","IL",0.1077,0.07,"01314"
"A.05.06.001","Dates","Iran (Islamic Republic of)","IR",0.0117,0.07,"01314"
"A.05.06.001","Dates","Tunisia","TN",0.8127,0.07,"01314"
"A.05.06.002","Figs","Spain","ES",0.0386,0.07,"01315"
"A.05.06.002","Figs","Greece","GR",0.0914,0.07,"01315"
"A.05.06.002","Figs","Italy","IT",0.4885,0.07,"01315"
"A.05.06.002","Figs","Türkiye","TR",0.3815,0.07,"01315"
"A.05.06.003","Table olives","Spain","ES",0.176,0.06,"01450"
"A.05.06.003","Table olives","Greece","GR",0.109,0.06,"01450"
"A.05.06.003","Table olives","Italy","IT",0.6547,0.06,"01450"
"A.05.06.003","Table olives","Portugal","PT",0.0229,0.06,"01450"
"A.05.06.003","Table olives","Tunisia","TN",0.0376,0.06,"01450"
"A.05.06.004","Kumquats","Argentina","AR",0.0414,0.07,"01322"
"A.05.06.004","Kumquats","Brazil","BR",0.0108,0.07,"01322"
"A.05.06.004","Kumquats","Spain","ES",0.0668,0.07,"01322"
"A.05.06.004","Kumquats","Italy","IT",0.8186,0.07,"01322"
"A.05.06.004","Kumquats","South Africa","ZA",0.0623,0.07,"01322"
"A.05.06.005","Carambolas","RoW","RoW",1,0.07,"01359.90"
"A.05.06.006","Kaki","Azerbaijan","AZ",0.0111,0.07,"01359.01"
"A.05.06.006","Kaki","Brazil","BR",0.8405,0.07,"01359.01"
"A.05.06.006","Kaki","Israel","IL",0.0432,0.07,"01359.01"
"A.05.06.006","Kaki","Iran (Islamic Republic of)","IR",0.0111,0.07,"01359.01"
"A.05.06.006","Kaki","Türkiye","TR",0.0941,0.07,"01359.01"
"A.05.06.008","Kiwi fruits (green, red, yellow)","Chile","CL",0.0126,0.07,"01352"
"A.05.06.008","Kiwi fruits (green, red, yellow)","Greece","GR",0.0496,0.07,"01352"
"A.05.06.008","Kiwi fruits (green, red, yellow)","Italy","IT",0.908,0.07,"01352"
"A.05.06.008","Kiwi fruits (green, red, yellow)","New Zealand","NZ",0.0298,0.07,"01352"
"A.05.06.009","Litchis","RoW","RoW",1,0.07,"01359.90"
"A.05.06.010","Passionfruits","RoW","RoW",1,0.07,"01359.90"
"A.05.06.011","Prickly pears","RoW","RoW",1,0.07,"01359.90"
"A.05.06.013","American persimmons","China, mainland","CN",0.0246,0.07,"01234"
"A.05.06.013","American persimmons","Italy","IT",0.9754,0.07,"01234"
"A.05.06.014","Avocados","Brazil","BR",0.0105,0.07,"01311"
"A.05.06.014","Avocados","Chile","CL",0.0754,0.07,"01311"
"A.05.06.014","Avocados","Colombia","CO",0.097,0.07,"01311"
"A.05.06.014","Avocados","Dominican Republic","DO",0.0138,0.07,"01311"
"A.05.06.014","Avocados","Spain","ES",0.0654,0.07,"01311"
"A.05.06.014","Avocados","Israel","IL",0.0997,0.07,"01311"
"A.05.06.014","Avocados","Kenya","KE",0.0812,0.07,"01311"
"A.05.06.014","Avocados","Morocco","MA",0.042,0.07,"01311"
"A.05.06.014","Avocados","Mexico","MX",0.0246,0.07,"01311"
"A.05.06.014","Avocados","Peru","PE",0.4261,0.07,"01311"
"A.05.06.014","Avocados","South Africa","ZA",0.0643,0.07,"01311"
"A.05.06.015","Bananas (Musa × paradisica)","Côte d'Ivoire","CI",0.0182,0.07,"01312"
"A.05.06.015","Bananas (Musa × paradisica)","Colombia","CO",0.35,0.07,"01312"
"A.05.06.015","Bananas (Musa × paradisica)","Costa Rica","CR",0.2663,0.07,"01312"
"A.05.06.015","Bananas (Musa × paradisica)","Dominican Republic","DO",0.0102,0.07,"01312"
"A.05.06.015","Bananas (Musa × paradisica)","Ecuador","EC",0.3055,0.07,"01312"
"A.05.06.015","Bananas (Musa × paradisica)","Guatemala","GT",0.0316,0.07,"01312"
"A.05.06.015","Bananas (Musa × paradisica)","Peru","PE",0.0183,0.07,"01312"
"A.05.06.016","Mangoes","Bangladesh","BD",0.0104,0.07,"01316"
"A.05.06.016","Mangoes","Burkina Faso","BF",0.0182,0.07,"01316"
"A.05.06.016","Mangoes","Brazil","BR",0.4415,0.07,"01316"
"A.05.06.016","Mangoes","Côte d'Ivoire","CI",0.0514,0.07,"01316"
"A.05.06.016","Mangoes","Dominican Republic","DO",0.0435,0.07,"01316"
"A.05.06.016","Mangoes","Egypt","EG",0.0261,0.07,"01316"
"A.05.06.016","Mangoes","Israel","IL",0.0215,0.07,"01316"
"A.05.06.016","Mangoes","India","IN",0.0318,0.07,"01316"
"A.05.06.016","Mangoes","Mali","ML",0.0128,0.07,"01316"
"A.05.06.016","Mangoes","Mexico","MX",0.022,0.07,"01316"
"A.05.06.016","Mangoes","Peru","PE",0.2847,0.07,"01316"
"A.05.06.016","Mangoes","Pakistan","PK",0.017,0.07,"01316"
"A.05.06.016","Mangoes","Senegal","SN",0.0192,0.07,"01316"
"A.05.06.017","Papayas","Brazil","BR",0.9433,0.07,"01317"
"A.05.06.017","Papayas","Costa Rica","CR",0.0274,0.07,"01317"
"A.05.06.017","Papayas","Ghana","GH",0.0136,0.07,"01317"
"A.05.06.017","Papayas","Panama","PA",0.0158,0.07,"01317"
"A.05.06.018","Granate apples","RoW","RoW",1,0.07,"01359.90"
"A.05.06.019","Wild sweetsops","RoW","RoW",1,0.07,"01359.90"
"A.05.06.020","Guavas","Bangladesh","BD",0.0104,0.07,"01316"
"A.05.06.020","Guavas","Burkina Faso","BF",0.0182,0.07,"01316"
"A.05.06.020","Guavas","Brazil","BR",0.4415,0.07,"01316"
"A.05.06.020","Guavas","Côte d'Ivoire","CI",0.0514,0.07,"01316"
"A.05.06.020","Guavas","Dominican Republic","DO",0.0435,0.07,"01316"
"A.05.06.020","Guavas","Egypt","EG",0.0261,0.07,"01316"
"A.05.06.020","Guavas","Israel","IL",0.0215,0.07,"01316"
"A.05.06.020","Guavas","India","IN",0.0318,0.07,"01316"
"A.05.06.020","Guavas","Mali","ML",0.0128,0.07,"01316"
"A.05.06.020","Guavas","Mexico","MX",0.022,0.07,"01316"
"A.05.06.020","Guavas","Peru","PE",0.2847,0.07,"01316"
"A.05.06.020","Guavas","Pakistan","PK",0.017,0.07,"01316"
"A.05.06.020","Guavas","Senegal","SN",0.0192,0.07,"01316"
"A.05.06.021","Pineapples","Costa Rica","CR",0.9035,0.07,"01318"
"A.05.06.021","Pineapples","Indonesia","ID",0.0268,0.07,"01318"
"A.05.06.021","Pineapples","Kenya","KE",0.0202,0.07,"01318"
"A.05.06.021","Pineapples","Philippines","PH",0.0128,0.07,"01318"
"A.05.06.021","Pineapples","Thailand","TH",0.0366,0.07,"01318"
"A.05.06.022","Bread fruit (jackfruit) (Artocarpus altilis)","RoW","RoW",1,0.07,"01359.90"
"A.05.06.029","Papayas","Brazil","BR",0.9433,0.07,"01317"
"A.05.06.029","Papayas","Costa Rica","CR",0.0274,0.07,"01317"
"A.05.06.029","Papayas","Ghana","GH",0.0136,0.07,"01317"
"A.05.06.029","Papayas","Panama","PA",0.0158,0.07,"01317"
"A.05.06.030","Chayote (Sechium edule)","RoW","RoW",1,0.07,"01359.90"
"A.05.06.034","Longans","RoW","RoW",1,0.07,"01359.90"
"A.06.01.001","Bovine muscle","Belgium","BE",0.0106,0.057,"21111.02"
"A.06.01.001","Bovine muscle","Brazil","BR",0.0289,0.057,"21111.02"
"A.06.01.001","Bovine muscle","Germany","DE",0.0306,0.057,"21111.02"
"A.06.01.001","Bovine muscle","Spain","ES",0.0318,0.057,"21111.02"
"A.06.01.001","Bovine muscle","France","FR",0.0437,0.057,"21111.02"
"A.06.01.001","Bovine muscle","Ireland","IE",0.026,0.057,"21111.02"
"A.06.01.001","Bovine muscle","Italy","IT",0.7244,0.057,"21111.02"
"A.06.01.001","Bovine muscle","Netherlands (Kingdom of the)","NL",0.0274,0.057,"21111.02"
"A.06.01.001","Bovine muscle","Poland","PL",0.0767,0.057,"21111.02"
"A.06.01.002","Calf fresh meat","Belgium","BE",0.0106,0.057,"21111.02"
"A.06.01.002","Calf fresh meat","Brazil","BR",0.0289,0.057,"21111.02"
"A.06.01.002","Calf fresh meat","Germany","DE",0.0306,0.057,"21111.02"
"A.06.01.002","Calf fresh meat","Spain","ES",0.0318,0.057,"21111.02"
"A.06.01.002","Calf fresh meat","France","FR",0.0437,0.057,"21111.02"
"A.06.01.002","Calf fresh meat","Ireland","IE",0.026,0.057,"21111.02"
"A.06.01.002","Calf fresh meat","Italy","IT",0.7244,0.057,"21111.02"
"A.06.01.002","Calf fresh meat","Netherlands (Kingdom of the)","NL",0.0274,0.057,"21111.02"
"A.06.01.002","Calf fresh meat","Poland","PL",0.0767,0.057,"21111.02"
"A.06.01.003","Pig muscle","Austria","AT",0.0168,0.057,"21113.02"
"A.06.01.003","Pig muscle","Belgium","BE",0.027,0.057,"21113.02"
"A.06.01.003","Pig muscle","Germany","DE",0.1308,0.057,"21113.02"
"A.06.01.003","Pig muscle","Denmark","DK",0.0557,0.057,"21113.02"
"A.06.01.003","Pig muscle","Spain","ES",0.0986,0.057,"21113.02"
"A.06.01.003","Pig muscle","France","FR",0.0324,0.057,"21113.02"
"A.06.01.003","Pig muscle","Italy","IT",0.5723,0.057,"21113.02"
"A.06.01.003","Pig muscle","Netherlands (Kingdom of the)","NL",0.0663,0.057,"21113.02"
"A.06.01.004","Sheep muscle","Spain","ES",0.1221,0.057,"21115"
"A.06.01.004","Sheep muscle","France","FR",0.0613,0.057,"21115"
"A.06.01.004","Sheep muscle","United Kingdom of Great Britain and Northern Ireland","GB",0.0585,0.057,"21115"
"A.06.01.004","Sheep muscle","Greece","GR",0.0415,0.057,"21115"
"A.06.01.004","Sheep muscle","Ireland","IE",0.0988,0.057,"21115"
"A.06.01.004","Sheep muscle","Italy","IT",0.5178,0.057,"21115"
"A.06.01.004","Sheep muscle","North Macedonia","MK",0.017,0.057,"21115"
"A.06.01.004","Sheep muscle","Netherlands (Kingdom of the)","NL",0.0175,0.057,"21115"
"A.06.01.004","Sheep muscle","New Zealand","NZ",0.0481,0.057,"21115"
"A.06.01.004","Sheep muscle","Romania","RO",0.0174,0.057,"21115"
"A.06.01.005","Goat muscle","Spain","ES",0.0344,0.057,"21116"
"A.06.01.005","Goat muscle","France","FR",0.1183,0.057,"21116"
"A.06.01.005","Goat muscle","Greece","GR",0.1441,0.057,"21116"
"A.06.01.005","Goat muscle","Italy","IT",0.7032,0.057,"21116"
"A.06.01.006","Equine muscle","Argentina","AR",0.3811,0.057,"21118.01"
"A.06.01.006","Equine muscle","Belgium","BE",0.03,0.057,"21118.01"
"A.06.01.006","Equine muscle","Brazil","BR",0.0254,0.057,"21118.01"
"A.06.01.006","Equine muscle","Germany","DE",0.0173,0.057,"21118.01"
"A.06.01.006","Equine muscle","Spain","ES",0.3447,0.057,"21118.01"
"A.06.01.006","Equine muscle","Uruguay","UY",0.2015,0.057,"21118.01"
"A.06.01.007","Rabbit fresh meat","Argentina","AR",0.0102,0.057,"21114"
"A.06.01.007","Rabbit fresh meat","China, mainland","CN",0.0521,0.057,"21114"
"A.06.01.007","Rabbit fresh meat","Spain","ES",0.5129,0.057,"21114"
"A.06.01.007","Rabbit fresh meat","France","FR",0.4247,0.057,"21114"
"A.06.02.001","Chicken meat (Gallus domesticus)","Germany","DE",0.021,0.057,"21121"
"A.06.02.001","Chicken meat (Gallus domesticus)","Italy","IT",0.9449,0.057,"21121"
"A.06.02.001","Chicken meat (Gallus domesticus)","Netherlands (Kingdom of the)","NL",0.0141,0.057,"21121"
"A.06.02.001","Chicken meat (Gallus domesticus)","Poland","PL",0.02,0.057,"21121"
"A.06.02.002","Turkey fresh meat","Germany","DE",0.0134,0.057,"21124"
"A.06.02.002","Turkey fresh meat","Spain","ES",0.0135,0.057,"21124"
"A.06.02.002","Turkey fresh meat","Italy","IT",0.9457,0.057,"21124"
"A.06.02.002","Turkey fresh meat","Poland","PL",0.0273,0.057,"21124"
"A.06.02.003","Duck fresh meat","Bulgaria","BG",0.0628,0.057,"21122"
"A.06.02.003","Duck fresh meat","France","FR",0.1437,0.057,"21122"
"A.06.02.003","Duck fresh meat","Hungary","HU",0.1592,0.057,"21122"
"A.06.02.003","Duck fresh meat","Italy","IT",0.5264,0.057,"21122"
"A.06.02.003","Duck fresh meat","Poland","PL",0.1079,0.057,"21122"
"A.06.02.004","Goose fresh meat","Austria","AT",0.022,0.057,"21123"
"A.06.02.004","Goose fresh meat","Germany","DE",0.8409,0.057,"21123"
"A.06.02.004","Goose fresh meat","United Kingdom of Great Britain and Northern Ireland","GB",0.1371,0.057,"21123"
"A.06.02.005","Pigeon fresh meat","China, mainland","CN",0.183,0.057,"21170.01"
"A.06.02.005","Pigeon fresh meat","United Kingdom of Great Britain and Northern Ireland","GB",0.0134,0.057,"21170.01"
"A.06.02.005","Pigeon fresh meat","Iceland","IS",0.0453,0.057,"21170.01"
"A.06.02.005","Pigeon fresh meat","Japan","JP",0.0347,0.057,"21170.01"
"A.06.02.005","Pigeon fresh meat","Republic of Korea","KR",0.0291,0.057,"21170.01"
"A.06.02.005","Pigeon fresh meat","Norway","NO",0.0902,0.057,"21170.01"
"A.06.02.005","Pigeon fresh meat","New Zealand","NZ",0.5757,0.057,"21170.01"
"A.06.02.005","Pigeon fresh meat","Viet Nam","VN",0.0287,0.057,"21170.01"
"A.06.02.006","Guinea-fowl fresh meat","Germany","DE",0.021,0.057,"21121"
"A.06.02.006","Guinea-fowl fresh meat","Italy","IT",0.9449,0.057,"21121"
"A.06.02.006","Guinea-fowl fresh meat","Netherlands (Kingdom of the)","NL",0.0141,0.057,"21121"
"A.06.02.006","Guinea-fowl fresh meat","Poland","PL",0.02,0.057,"21121"
"A.06.02.007","Ratites fresh meat","Argentina","AR",0.0708,0.057,"21170.02"
"A.06.02.007","Ratites fresh meat","United Kingdom of Great Britain and Northern Ireland","GB",0.3155,0.057,"21170.02"
"A.06.02.007","Ratites fresh meat","New Zealand","NZ",0.6137,0.057,"21170.02"
"A.06.03.001","Wild boar fresh meat","Argentina","AR",0.0708,0.057,"21170.02"
"A.06.03.001","Wild boar fresh meat","United Kingdom of Great Britain and Northern Ireland","GB",0.3155,0.057,"21170.02"
"A.06.03.001","Wild boar fresh meat","New Zealand","NZ",0.6137,0.057,"21170.02"
"A.06.03.002","Deer, red fresh meat","Argentina","AR",0.0708,0.057,"21170.02"
"A.06.03.002","Deer, red fresh meat","United Kingdom of Great Britain and Northern Ireland","GB",0.3155,0.057,"21170.02"
"A.06.03.002","Deer, red fresh meat","New Zealand","NZ",0.6137,0.057,"21170.02"
"A.06.03.003","European moose meat","Argentina","AR",0.0708,0.057,"21170.02"
"A.06.03.003","European moose meat","United Kingdom of Great Britain and Northern Ireland","GB",0.3155,0.057,"21170.02"
"A.06.03.003","European moose meat","New Zealand","NZ",0.6137,0.057,"21170.02"
"A.06.03.004","Reindeer meat","Argentina","AR",0.0708,0.057,"21170.02"
"A.06.03.004","Reindeer meat","United Kingdom of Great Britain and Northern Ireland","GB",0.3155,0.057,"21170.02"
"A.06.03.004","Reindeer meat","New Zealand","NZ",0.6137,0.057,"21170.02"
"A.06.03.006","Hare fresh meat","Argentina","AR",0.0102,0.057,"21114"
"A.06.03.006","Hare fresh meat","China, mainland","CN",0.0521,0.057,"21114"
"A.06.03.006","Hare fresh meat","Spain","ES",0.5129,0.057,"21114"
"A.06.03.006","Hare fresh meat","France","FR",0.4247,0.057,"21114"
"A.06.04.001","Pheasant fresh meat","Argentina","AR",0.0708,0.057,"21170.02"
"A.06.04.001","Pheasant fresh meat","United Kingdom of Great Britain and Northern Ireland","GB",0.3155,0.057,"21170.02"
"A.06.04.001","Pheasant fresh meat","New Zealand","NZ",0.6137,0.057,"21170.02"
"A.06.04.003","Mallard fresh meat","Argentina","AR",0.0708,0.057,"21170.02"
"A.06.04.003","Mallard fresh meat","United Kingdom of Great Britain and Northern Ireland","GB",0.3155,0.057,"21170.02"
"A.06.04.003","Mallard fresh meat","New Zealand","NZ",0.6137,0.057,"21170.02"
"A.06.04.004","Partridge fresh meat","Argentina","AR",0.0708,0.057,"21170.02"
"A.06.04.004","Partridge fresh meat","United Kingdom of Great Britain and Northern Ireland","GB",0.3155,0.057,"21170.02"
"A.06.04.004","Partridge fresh meat","New Zealand","NZ",0.6137,0.057,"21170.02"
"A.06.04.005","Quail fresh meat","Argentina","AR",0.0708,0.057,"21170.02"
"A.06.04.005","Quail fresh meat","United Kingdom of Great Britain and Northern Ireland","GB",0.3155,0.057,"21170.02"
"A.06.04.005","Quail fresh meat","New Zealand","NZ",0.6137,0.057,"21170.02"
"A.07.01.001","Herrings","Rest of World","RoW",1,0.02,"BF-01"
"A.07.01.002","Sprat","Rest of World","RoW",1,0.02,"BF-03"
"A.07.01.003","European sardine","Rest of World","RoW",1,0.02,"BF-04"
"A.07.01.004","Anchovies","Rest of World","RoW",1,0.02,"BF-05"
"A.07.01.007","Char","Rest of World","RoW",1,0.02,"BF-06"
"A.07.01.008","Smelt","Rest of World","RoW",1,0.02,"BF-07"
"A.07.01.009","Whitefishes or coregonus","Rest of World","RoW",1,0.02,"BF-08"
"A.07.01.010","Perch","Rest of World","RoW",1,0.02,"BF-09"
"A.07.01.011","Sea bass","Rest of World","RoW",1,0.02,"BF-10"
"A.07.01.013","Mackerel","Rest of World","RoW",1,0.02,"BF-11"
"A.07.01.014","Tuna and bonito (generic)","Rest of World","RoW",1,0.02,"BF-12"
"A.07.01.016","Mullets","Rest of World","RoW",1,0.02,"BF-13"
"A.07.01.018","Hakes","Rest of World","RoW",1,0.02,"BF-14"
"A.07.01.019","Flounders","Rest of World","RoW",1,0.02,"BF-15"
"A.07.01.020","Halibut","Rest of World","RoW",1,0.02,"BF-16"
"A.07.01.021","Plaice","Rest of World","RoW",1,0.02,"BF-17"
"A.07.01.022","Sole","Rest of World","RoW",1,0.02,"BF-18"
"A.07.01.024","Carps","Rest of World","RoW",1,0.02,"BF-19"
"A.07.01.026","Freshwater bream - Europe","Rest of World","RoW",1,0.02,"BF-20"
"A.07.01.027","River eels","Rest of World","RoW",1,0.02,"BF-21"
"A.07.01.029","Anglerfish and monkfish","Rest of World","RoW",1,0.02,"BF-22"
"A.07.01.030","Sharks","Rest of World","RoW",1,0.02,"BF-23"
"A.07.01.031","Rays","Rest of World","RoW",1,0.02,"BF-24"
"A.07.01.032","Sturgeon roe","Rest of World","RoW",1,0.02,"BF-25"
"A.07.01.033","Bonito","Rest of World","RoW",1,0.02,"BF-26"
"A.07.01.035","Sardines and sardine-type fishes","Rest of World","RoW",1,0.02,"BF-27"
"A.07.01.036","Swordfish","Rest of World","RoW",1,0.02,"BF-28"
"A.07.04.001","Freshwater crabs","Rest of World","RoW",1,0.02,"BF-29"
"A.07.04.002","Lobsters","Rest of World","RoW",1,0.02,"BF-30"
"A.07.04.003","Lobster, norway","Rest of World","RoW",1,0.02,"BF-31"
"A.07.04.004","Prawn, giant tiger","Rest of World","RoW",1,0.02,"BF-32"
"A.07.04.005","White shrimp","Rest of World","RoW",1,0.02,"BF-33"
"A.07.04.006","Spiny and rock lobsters","Rest of World","RoW",1,0.02,"BF-34"
"A.07.04.007","Freshwater crayfishes","Rest of World","RoW",1,0.02,"BF-35"
"A.07.05.001","Squids","Rest of World","RoW",1,0.02,"BF-36"
"A.07.05.002","Octopuses","Rest of World","RoW",1,0.02,"BF-37"
"A.07.05.003","Cuttlefishes","Rest of World","RoW",1,0.02,"BF-38"
"A.07.05.005","Clams","Rest of World","RoW",1,0.02,"BF-39"
"A.07.05.006","Cockles","Rest of World","RoW",1,0.02,"BF-40"
"A.07.05.007","Mussels","Rest of World","RoW",1,0.02,"BF-41"
"A.07.05.008","Oysters","Rest of World","RoW",1,0.02,"BF-42"
"A.07.05.010","Scallops, pectens","Rest of World","RoW",1,0.02,"BF-43"
"A.07.05.013","Whelk (Buccinum undatum, Fusus antiquus)","Rest of World","RoW",1,0.02,"BF-44"
"A.07.05.014","Winkle (Littorina littorea)","Rest of World","RoW",1,0.02,"BF-44"
"A.07.06.001","Frogs (legs)","Rest of World","RoW",1,0.02,"BF-45"
"A.07.06.004","Snails","Rest of World","RoW",1,0.02,"BF-46"
"A.08.01.001.001","Cow milk, > 4% fat (inc. Channel Island milk)","Austria","AT",0.0232,0.017,"02211"
"A.08.01.001.001","Cow milk, > 4% fat (inc. Channel Island milk)","Belgium","BE",0.0146,0.017,"02211"
"A.08.01.001.001","Cow milk, > 4% fat (inc. Channel Island milk)","Czechia","CZ",0.0117,0.017,"02211"
"A.08.01.001.001","Cow milk, > 4% fat (inc. Channel Island milk)","Germany","DE",0.1045,0.017,"02211"
"A.08.01.001.001","Cow milk, > 4% fat (inc. Channel Island milk)","France","FR",0.051,0.017,"02211"
"A.08.01.001.001","Cow milk, > 4% fat (inc. Channel Island milk)","Italy","IT",0.7397,0.017,"02211"
"A.08.01.001.001","Cow milk, > 4% fat (inc. Channel Island milk)","Netherlands (Kingdom of the)","NL",0.0345,0.017,"02211"
"A.08.01.001.001","Cow milk, > 4% fat (inc. Channel Island milk)","Poland","PL",0.0208,0.017,"02211"
"A.08.01.001.002","Cow milk","Austria","AT",0.0232,0.017,"02211"
"A.08.01.001.002","Cow milk","Belgium","BE",0.0146,0.017,"02211"
"A.08.01.001.002","Cow milk","Czechia","CZ",0.0117,0.017,"02211"
"A.08.01.001.002","Cow milk","Germany","DE",0.1045,0.017,"02211"
"A.08.01.001.002","Cow milk","France","FR",0.051,0.017,"02211"
"A.08.01.001.002","Cow milk","Italy","IT",0.7397,0.017,"02211"
"A.08.01.001.002","Cow milk","Netherlands (Kingdom of the)","NL",0.0345,0.017,"02211"
"A.08.01.001.002","Cow milk","Poland","PL",0.0208,0.017,"02211"
"A.08.01.002","Sheep milk","Italy","IT",1,0.017,"02291"
"A.08.01.003","Water buffalo milk","Indonesia","ID",0.0281,0.07,"02212"
"A.08.01.003","Water buffalo milk","Madagascar","MG",0.8593,0.07,"02212"
"A.08.01.003","Water buffalo milk","Papua New Guinea","PG",0.0331,0.07,"02212"
"A.08.01.003","Water buffalo milk","Uganda","UG",0.0796,0.07,"02212"
"A.08.01.005","Goat milk","Italy","IT",1,0.017,"02292"
"A.08.01.007","Ass milk","Austria","AT",0.0232,0.017,"02211"
"A.08.01.007","Ass milk","Belgium","BE",0.0146,0.017,"02211"
"A.08.01.007","Ass milk","Czechia","CZ",0.0117,0.017,"02211"
"A.08.01.007","Ass milk","Germany","DE",0.1045,0.017,"02211"
"A.08.01.007","Ass milk","France","FR",0.051,0.017,"02211"
"A.08.01.007","Ass milk","Italy","IT",0.7397,0.017,"02211"
"A.08.01.007","Ass milk","Netherlands (Kingdom of the)","NL",0.0345,0.017,"02211"
"A.08.01.007","Ass milk","Poland","PL",0.0208,0.017,"02211"
"A.08.01.009","Human milk","Rest of World","RoW",1,0,"MI-50"
"A.09.01.001","Hen eggs","Germany","DE",0.0288,0.017,"0231"
"A.09.01.001","Hen eggs","Spain","ES",0.0237,0.017,"0231"
"A.09.01.001","Hen eggs","Italy","IT",0.9101,0.017,"0231"
"A.09.01.001","Hen eggs","Ukraine","UA",0.0374,0.017,"0231"
"A.09.01.005","Duck eggs","Brazil","BR",0.1142,0.017,"0232"
"A.09.01.005","Duck eggs","China, mainland","CN",0.7913,0.017,"0232"
"A.09.01.005","Duck eggs","United Kingdom of Great Britain and Northern Ireland","GB",0.0945,0.017,"0232"
"A.09.01.006","Goose eggs","Brazil","BR",0.1142,0.017,"0232"
"A.09.01.006","Goose eggs","China, mainland","CN",0.7913,0.017,"0232"
"A.09.01.006","Goose eggs","United Kingdom of Great Britain and Northern Ireland","GB",0.0945,0.017,"0232"
"A.09.01.007","Quail eggs","Brazil","BR",0.1142,0.017,"0232"
"A.09.01.007","Quail eggs","China, mainland","CN",0.7913,0.017,"0232"
"A.09.01.007","Quail eggs","United Kingdom of Great Britain and Northern Ireland","GB",0.0945,0.017,"0232"
"A.10.02.001","Nutritive sweeteners (e.g., sorbitol, manitol)","Rest of World","RoW",1,0,"MI-44"
"A.10.02.001.007","Hydrogenated starch hydrolysates","Rest of World","RoW",1,0,"MI-28"
"A.10.02.002.001","Saccharine","Rest of World","RoW",1,0,"MI-45"
"A.10.02.002.002","Aspartam","Rest of World","RoW",1,0,"MI-02"
"A.10.02.002.003","Acesulfame K","Rest of World","RoW",1,0,"MI-03"
"A.10.02.002.004","Sucralose","Rest of World","RoW",1,0,"MI-04"
"A.10.02.002.005","Cyclamate","Rest of World","RoW",1,0,"MI-46"
"A.10.07","Honey","Argentina","AR",0.0282,0.06,"02910"
"A.10.07","Honey","China, mainland","CN",0.0699,0.06,"02910"
"A.10.07","Honey","Spain","ES",0.0271,0.06,"02910"
"A.10.07","Honey","Greece","GR",0.0176,0.06,"02910"
"A.10.07","Honey","Italy","IT",0.5099,0.06,"02910"
"A.10.07","Honey","Republic of Moldova","MD",0.02,0.06,"02910"
"A.10.07","Honey","Poland","PL",0.0204,0.06,"02910"
"A.10.07","Honey","Romania","RO",0.0581,0.06,"02910"
"A.10.07","Honey","Slovenia","SI",0.0124,0.06,"02910"
"A.10.07","Honey","Türkiye","TR",0.0185,0.06,"02910"
"A.10.07","Honey","Ukraine","UA",0.218,0.06,"02910"
"A.15","Drinking water","Rest of World","RoW",1,0,"MI-05"
"A.15.01","Tap water","Rest of World","RoW",1,0,"MI-06"
"A.15.02","Well water","Rest of World","RoW",1,0,"MI-07"
"A.15.03","Bottled water","Rest of World","RoW",1,0,"MI-08"
"A.15.03.001","Bottled water","Rest of World","RoW",1,0,"MI-09"
"A.15.03.002","Bottled water","Rest of World","RoW",1,0,"MI-10"
"A.15.04","Drinking water","Rest of World","RoW",1,0,"MI-11"
"A.16.01.001","Chervil","RoW","RoW",1,0.07,"01654"
"A.16.01.002","Chives","Bangladesh","BD",0.0224,0.07,"01699"
"A.16.01.002","Chives","China, mainland","CN",0.0221,0.07,"01699"
"A.16.01.002","Chives","Indonesia","ID",0.033,0.07,"01699"
"A.16.01.002","Chives","India","IN",0.7349,0.07,"01699"
"A.16.01.002","Chives","Peru","PE",0.0283,0.07,"01699"
"A.16.01.002","Chives","Pakistan","PK",0.0358,0.07,"01699"
"A.16.01.002","Chives","Syrian Arab Republic","SY",0.0264,0.07,"01699"
"A.16.01.002","Chives","Thailand","TH",0.0137,0.07,"01699"
"A.16.01.002","Chives","Türkiye","TR",0.0835,0.07,"01699"
"A.16.01.003","Dill leaves","Bangladesh","BD",0.0224,0.07,"01699"
"A.16.01.003","Dill leaves","China, mainland","CN",0.0221,0.07,"01699"
"A.16.01.003","Dill leaves","Indonesia","ID",0.033,0.07,"01699"
"A.16.01.003","Dill leaves","India","IN",0.7349,0.07,"01699"
"A.16.01.003","Dill leaves","Peru","PE",0.0283,0.07,"01699"
"A.16.01.003","Dill leaves","Pakistan","PK",0.0358,0.07,"01699"
"A.16.01.003","Dill leaves","Syrian Arab Republic","SY",0.0264,0.07,"01699"
"A.16.01.003","Dill leaves","Thailand","TH",0.0137,0.07,"01699"
"A.16.01.003","Dill leaves","Türkiye","TR",0.0835,0.07,"01699"
"A.16.01.004","Celery leaves","Bangladesh","BD",0.0224,0.07,"01699"
"A.16.01.004","Celery leaves","China, mainland","CN",0.0221,0.07,"01699"
"A.16.01.004","Celery leaves","Indonesia","ID",0.033,0.07,"01699"
"A.16.01.004","Celery leaves","India","IN",0.7349,0.07,"01699"
"A.16.01.004","Celery leaves","Peru","PE",0.0283,0.07,"01699"
"A.16.01.004","Celery leaves","Pakistan","PK",0.0358,0.07,"01699"
"A.16.01.004","Celery leaves","Syrian Arab Republic","SY",0.0264,0.07,"01699"
"A.16.01.004","Celery leaves","Thailand","TH",0.0137,0.07,"01699"
"A.16.01.004","Celery leaves","Türkiye","TR",0.0835,0.07,"01699"
"A.16.01.005","Parsley","Bangladesh","BD",0.0224,0.07,"01699"
"A.16.01.005","Parsley","China, mainland","CN",0.0221,0.07,"01699"
"A.16.01.005","Parsley","Indonesia","ID",0.033,0.07,"01699"
"A.16.01.005","Parsley","India","IN",0.7349,0.07,"01699"
"A.16.01.005","Parsley","Peru","PE",0.0283,0.07,"01699"
"A.16.01.005","Parsley","Pakistan","PK",0.0358,0.07,"01699"
"A.16.01.005","Parsley","Syrian Arab Republic","SY",0.0264,0.07,"01699"
"A.16.01.005","Parsley","Thailand","TH",0.0137,0.07,"01699"
"A.16.01.005","Parsley","Türkiye","TR",0.0835,0.07,"01699"
"A.16.01.006","Sage","Bangladesh","BD",0.0224,0.07,"01699"
"A.16.01.006","Sage","China, mainland","CN",0.0221,0.07,"01699"
"A.16.01.006","Sage","Indonesia","ID",0.033,0.07,"01699"
"A.16.01.006","Sage","India","IN",0.7349,0.07,"01699"
"A.16.01.006","Sage","Peru","PE",0.0283,0.07,"01699"
"A.16.01.006","Sage","Pakistan","PK",0.0358,0.07,"01699"
"A.16.01.006","Sage","Syrian Arab Republic","SY",0.0264,0.07,"01699"
"A.16.01.006","Sage","Thailand","TH",0.0137,0.07,"01699"
"A.16.01.006","Sage","Türkiye","TR",0.0835,0.07,"01699"
"A.16.01.007","Rosemary","Bangladesh","BD",0.0224,0.07,"01699"
"A.16.01.007","Rosemary","China, mainland","CN",0.0221,0.07,"01699"
"A.16.01.007","Rosemary","Indonesia","ID",0.033,0.07,"01699"
"A.16.01.007","Rosemary","India","IN",0.7349,0.07,"01699"
"A.16.01.007","Rosemary","Peru","PE",0.0283,0.07,"01699"
"A.16.01.007","Rosemary","Pakistan","PK",0.0358,0.07,"01699"
"A.16.01.007","Rosemary","Syrian Arab Republic","SY",0.0264,0.07,"01699"
"A.16.01.007","Rosemary","Thailand","TH",0.0137,0.07,"01699"
"A.16.01.007","Rosemary","Türkiye","TR",0.0835,0.07,"01699"
"A.16.01.008","Thyme","Bangladesh","BD",0.0224,0.07,"01699"
"A.16.01.008","Thyme","China, mainland","CN",0.0221,0.07,"01699"
"A.16.01.008","Thyme","Indonesia","ID",0.033,0.07,"01699"
"A.16.01.008","Thyme","India","IN",0.7349,0.07,"01699"
"A.16.01.008","Thyme","Peru","PE",0.0283,0.07,"01699"
"A.16.01.008","Thyme","Pakistan","PK",0.0358,0.07,"01699"
"A.16.01.008","Thyme","Syrian Arab Republic","SY",0.0264,0.07,"01699"
"A.16.01.008","Thyme","Thailand","TH",0.0137,0.07,"01699"
"A.16.01.008","Thyme","Türkiye","TR",0.0835,0.07,"01699"
"A.16.01.009","Basil","Bangladesh","BD",0.0224,0.07,"01699"
"A.16.01.009","Basil","China, mainland","CN",0.0221,0.07,"01699"
"A.16.01.009","Basil","Indonesia","ID",0.033,0.07,"01699"
"A.16.01.009","Basil","India","IN",0.7349,0.07,"01699"
"A.16.01.009","Basil","Peru","PE",0.0283,0.07,"01699"
"A.16.01.009","Basil","Pakistan","PK",0.0358,0.07,"01699"
"A.16.01.009","Basil","Syrian Arab Republic","SY",0.0264,0.07,"01699"
"A.16.01.009","Basil","Thailand","TH",0.0137,0.07,"01699"
"A.16.01.009","Basil","Türkiye","TR",0.0835,0.07,"01699"
"A.16.01.010","Laurel","Bangladesh","BD",0.0224,0.07,"01699"
"A.16.01.010","Laurel","China, mainland","CN",0.0221,0.07,"01699"
"A.16.01.010","Laurel","Indonesia","ID",0.033,0.07,"01699"
"A.16.01.010","Laurel","India","IN",0.7349,0.07,"01699"
"A.16.01.010","Laurel","Peru","PE",0.0283,0.07,"01699"
"A.16.01.010","Laurel","Pakistan","PK",0.0358,0.07,"01699"
"A.16.01.010","Laurel","Syrian Arab Republic","SY",0.0264,0.07,"01699"
"A.16.01.010","Laurel","Thailand","TH",0.0137,0.07,"01699"
"A.16.01.010","Laurel","Türkiye","TR",0.0835,0.07,"01699"
"A.16.01.011","Tarragon","Bangladesh","BD",0.0224,0.07,"01699"
"A.16.01.011","Tarragon","China, mainland","CN",0.0221,0.07,"01699"
"A.16.01.011","Tarragon","Indonesia","ID",0.033,0.07,"01699"
"A.16.01.011","Tarragon","India","IN",0.7349,0.07,"01699"
"A.16.01.011","Tarragon","Peru","PE",0.0283,0.07,"01699"
"A.16.01.011","Tarragon","Pakistan","PK",0.0358,0.07,"01699"
"A.16.01.011","Tarragon","Syrian Arab Republic","SY",0.0264,0.07,"01699"
"A.16.01.011","Tarragon","Thailand","TH",0.0137,0.07,"01699"
"A.16.01.011","Tarragon","Türkiye","TR",0.0835,0.07,"01699"
"A.16.02.004","Allspice fruit","Bangladesh","BD",0.0224,0.07,"01699"
"A.16.02.004","Allspice fruit","China, mainland","CN",0.0221,0.07,"01699"
"A.16.02.004","Allspice fruit","Indonesia","ID",0.033,0.07,"01699"
"A.16.02.004","Allspice fruit","India","IN",0.7349,0.07,"01699"
"A.16.02.004","Allspice fruit","Peru","PE",0.0283,0.07,"01699"
"A.16.02.004","Allspice fruit","Pakistan","PK",0.0358,0.07,"01699"
"A.16.02.004","Allspice fruit","Syrian Arab Republic","SY",0.0264,0.07,"01699"
"A.16.02.004","Allspice fruit","Thailand","TH",0.0137,0.07,"01699"
"A.16.02.004","Allspice fruit","Türkiye","TR",0.0835,0.07,"01699"
"A.16.02.006","Anise seed","RoW","RoW",1,0.07,"01654"
"A.16.02.008","Black caraway seed","RoW","RoW",1,0.07,"01654"
"A.16.02.009","Capers buds","Bangladesh","BD",0.0224,0.07,"01699"
"A.16.02.009","Capers buds","China, mainland","CN",0.0221,0.07,"01699"
"A.16.02.009","Capers buds","Indonesia","ID",0.033,0.07,"01699"
"A.16.02.009","Capers buds","India","IN",0.7349,0.07,"01699"
"A.16.02.009","Capers buds","Peru","PE",0.0283,0.07,"01699"
"A.16.02.009","Capers buds","Pakistan","PK",0.0358,0.07,"01699"
"A.16.02.009","Capers buds","Syrian Arab Republic","SY",0.0264,0.07,"01699"
"A.16.02.009","Capers buds","Thailand","TH",0.0137,0.07,"01699"
"A.16.02.009","Capers buds","Türkiye","TR",0.0835,0.07,"01699"
"A.16.02.010","Caraway fruit","RoW","RoW",1,0.07,"01654"
"A.16.02.011","Cardamom fruit","Bangladesh","BD",0.0224,0.07,"01699"
"A.16.02.011","Cardamom fruit","China, mainland","CN",0.0221,0.07,"01699"
"A.16.02.011","Cardamom fruit","Indonesia","ID",0.033,0.07,"01699"
"A.16.02.011","Cardamom fruit","India","IN",0.7349,0.07,"01699"
"A.16.02.011","Cardamom fruit","Peru","PE",0.0283,0.07,"01699"
"A.16.02.011","Cardamom fruit","Pakistan","PK",0.0358,0.07,"01699"
"A.16.02.011","Cardamom fruit","Syrian Arab Republic","SY",0.0264,0.07,"01699"
"A.16.02.011","Cardamom fruit","Thailand","TH",0.0137,0.07,"01699"
"A.16.02.011","Cardamom fruit","Türkiye","TR",0.0835,0.07,"01699"
"A.16.02.014","Cinnamon bark","Bangladesh","BD",0.0224,0.07,"01699"
"A.16.02.014","Cinnamon bark","China, mainland","CN",0.0221,0.07,"01699"
"A.16.02.014","Cinnamon bark","Indonesia","ID",0.033,0.07,"01699"
"A.16.02.014","Cinnamon bark","India","IN",0.7349,0.07,"01699"
"A.16.02.014","Cinnamon bark","Peru","PE",0.0283,0.07,"01699"
"A.16.02.014","Cinnamon bark","Pakistan","PK",0.0358,0.07,"01699"
"A.16.02.014","Cinnamon bark","Syrian Arab Republic","SY",0.0264,0.07,"01699"
"A.16.02.014","Cinnamon bark","Thailand","TH",0.0137,0.07,"01699"
"A.16.02.014","Cinnamon bark","Türkiye","TR",0.0835,0.07,"01699"
"A.16.02.015","Cloves buds","Bangladesh","BD",0.0224,0.07,"01699"
"A.16.02.015","Cloves buds","China, mainland","CN",0.0221,0.07,"01699"
"A.16.02.015","Cloves buds","Indonesia","ID",0.033,0.07,"01699"
"A.16.02.015","Cloves buds","India","IN",0.7349,0.07,"01699"
"A.16.02.015","Cloves buds","Peru","PE",0.0283,0.07,"01699"
"A.16.02.015","Cloves buds","Pakistan","PK",0.0358,0.07,"01699"
"A.16.02.015","Cloves buds","Syrian Arab Republic","SY",0.0264,0.07,"01699"
"A.16.02.015","Cloves buds","Thailand","TH",0.0137,0.07,"01699"
"A.16.02.015","Cloves buds","Türkiye","TR",0.0835,0.07,"01699"
"A.16.02.016","Coriander seed","RoW","RoW",1,0.07,"01654"
"A.16.02.017","Cumin seed","RoW","RoW",1,0.07,"01654"
"A.16.02.018","Dill seed (Anethum graveolens)","RoW","RoW",1,0.07,"01654"
"A.16.02.019","Fennel seed","RoW","RoW",1,0.07,"01654"
"A.16.02.020","Fenugreek seed","Bangladesh","BD",0.0224,0.07,"01699"
"A.16.02.020","Fenugreek seed","China, mainland","CN",0.0221,0.07,"01699"
"A.16.02.020","Fenugreek seed","Indonesia","ID",0.033,0.07,"01699"
"A.16.02.020","Fenugreek seed","India","IN",0.7349,0.07,"01699"
"A.16.02.020","Fenugreek seed","Peru","PE",0.0283,0.07,"01699"
"A.16.02.020","Fenugreek seed","Pakistan","PK",0.0358,0.07,"01699"
"A.16.02.020","Fenugreek seed","Syrian Arab Republic","SY",0.0264,0.07,"01699"
"A.16.02.020","Fenugreek seed","Thailand","TH",0.0137,0.07,"01699"
"A.16.02.020","Fenugreek seed","Türkiye","TR",0.0835,0.07,"01699"
"A.16.02.022","Ginger roots","Bangladesh","BD",0.0224,0.07,"01699"
"A.16.02.022","Ginger roots","China, mainland","CN",0.0221,0.07,"01699"
"A.16.02.022","Ginger roots","Indonesia","ID",0.033,0.07,"01699"
"A.16.02.022","Ginger roots","India","IN",0.7349,0.07,"01699"
"A.16.02.022","Ginger roots","Peru","PE",0.0283,0.07,"01699"
"A.16.02.022","Ginger roots","Pakistan","PK",0.0358,0.07,"01699"
"A.16.02.022","Ginger roots","Syrian Arab Republic","SY",0.0264,0.07,"01699"
"A.16.02.022","Ginger roots","Thailand","TH",0.0137,0.07,"01699"
"A.16.02.022","Ginger roots","Türkiye","TR",0.0835,0.07,"01699"
"A.16.02.024","Juniper berry","Bangladesh","BD",0.0224,0.07,"01699"
"A.16.02.024","Juniper berry","China, mainland","CN",0.0221,0.07,"01699"
"A.16.02.024","Juniper berry","Indonesia","ID",0.033,0.07,"01699"
"A.16.02.024","Juniper berry","India","IN",0.7349,0.07,"01699"
"A.16.02.024","Juniper berry","Peru","PE",0.0283,0.07,"01699"
"A.16.02.024","Juniper berry","Pakistan","PK",0.0358,0.07,"01699"
"A.16.02.024","Juniper berry","Syrian Arab Republic","SY",0.0264,0.07,"01699"
"A.16.02.024","Juniper berry","Thailand","TH",0.0137,0.07,"01699"
"A.16.02.024","Juniper berry","Türkiye","TR",0.0835,0.07,"01699"
"A.16.02.025","Mace aril","Bangladesh","BD",0.0224,0.07,"01699"
"A.16.02.025","Mace aril","China, mainland","CN",0.0221,0.07,"01699"
"A.16.02.025","Mace aril","Indonesia","ID",0.033,0.07,"01699"
"A.16.02.025","Mace aril","India","IN",0.7349,0.07,"01699"
"A.16.02.025","Mace aril","Peru","PE",0.0283,0.07,"01699"
"A.16.02.025","Mace aril","Pakistan","PK",0.0358,0.07,"01699"
"A.16.02.025","Mace aril","Syrian Arab Republic","SY",0.0264,0.07,"01699"
"A.16.02.025","Mace aril","Thailand","TH",0.0137,0.07,"01699"
"A.16.02.025","Mace aril","Türkiye","TR",0.0835,0.07,"01699"
"A.16.02.027","Nutmeg seed","Bangladesh","BD",0.0224,0.07,"01699"
"A.16.02.027","Nutmeg seed","China, mainland","CN",0.0221,0.07,"01699"
"A.16.02.027","Nutmeg seed","Indonesia","ID",0.033,0.07,"01699"
"A.16.02.027","Nutmeg seed","India","IN",0.7349,0.07,"01699"
"A.16.02.027","Nutmeg seed","Peru","PE",0.0283,0.07,"01699"
"A.16.02.027","Nutmeg seed","Pakistan","PK",0.0358,0.07,"01699"
"A.16.02.027","Nutmeg seed","Syrian Arab Republic","SY",0.0264,0.07,"01699"
"A.16.02.027","Nutmeg seed","Thailand","TH",0.0137,0.07,"01699"
"A.16.02.027","Nutmeg seed","Türkiye","TR",0.0835,0.07,"01699"
"A.16.02.028","Peppercorn (black, green and white)","Bangladesh","BD",0.0224,0.07,"01699"
"A.16.02.028","Peppercorn (black, green and white)","China, mainland","CN",0.0221,0.07,"01699"
"A.16.02.028","Peppercorn (black, green and white)","Indonesia","ID",0.033,0.07,"01699"
"A.16.02.028","Peppercorn (black, green and white)","India","IN",0.7349,0.07,"01699"
"A.16.02.028","Peppercorn (black, green and white)","Peru","PE",0.0283,0.07,"01699"
"A.16.02.028","Peppercorn (black, green and white)","Pakistan","PK",0.0358,0.07,"01699"
"A.16.02.028","Peppercorn (black, green and white)","Syrian Arab Republic","SY",0.0264,0.07,"01699"
"A.16.02.028","Peppercorn (black, green and white)","Thailand","TH",0.0137,0.07,"01699"
"A.16.02.028","Peppercorn (black, green and white)","Türkiye","TR",0.0835,0.07,"01699"
"A.16.02.029","Saffron","Bangladesh","BD",0.0224,0.07,"01699"
"A.16.02.029","Saffron","China, mainland","CN",0.0221,0.07,"01699"
"A.16.02.029","Saffron","Indonesia","ID",0.033,0.07,"01699"
"A.16.02.029","Saffron","India","IN",0.7349,0.07,"01699"
"A.16.02.029","Saffron","Peru","PE",0.0283,0.07,"01699"
"A.16.02.029","Saffron","Pakistan","PK",0.0358,0.07,"01699"
"A.16.02.029","Saffron","Syrian Arab Republic","SY",0.0264,0.07,"01699"
"A.16.02.029","Saffron","Thailand","TH",0.0137,0.07,"01699"
"A.16.02.029","Saffron","Türkiye","TR",0.0835,0.07,"01699"
"A.16.02.030","Tamarind","Bangladesh","BD",0.0224,0.07,"01699"
"A.16.02.030","Tamarind","China, mainland","CN",0.0221,0.07,"01699"
"A.16.02.030","Tamarind","Indonesia","ID",0.033,0.07,"01699"
"A.16.02.030","Tamarind","India","IN",0.7349,0.07,"01699"
"A.16.02.030","Tamarind","Peru","PE",0.0283,0.07,"01699"
"A.16.02.030","Tamarind","Pakistan","PK",0.0358,0.07,"01699"
"A.16.02.030","Tamarind","Syrian Arab Republic","SY",0.0264,0.07,"01699"
"A.16.02.030","Tamarind","Thailand","TH",0.0137,0.07,"01699"
"A.16.02.030","Tamarind","Türkiye","TR",0.0835,0.07,"01699"
"A.16.02.031","Turmeric roots","Bangladesh","BD",0.0224,0.07,"01699"
"A.16.02.031","Turmeric roots","China, mainland","CN",0.0221,0.07,"01699"
"A.16.02.031","Turmeric roots","Indonesia","ID",0.033,0.07,"01699"
"A.16.02.031","Turmeric roots","India","IN",0.7349,0.07,"01699"
"A.16.02.031","Turmeric roots","Peru","PE",0.0283,0.07,"01699"
"A.16.02.031","Turmeric roots","Pakistan","PK",0.0358,0.07,"01699"
"A.16.02.031","Turmeric roots","Syrian Arab Republic","SY",0.0264,0.07,"01699"
"A.16.02.031","Turmeric roots","Thailand","TH",0.0137,0.07,"01699"
"A.16.02.031","Turmeric roots","Türkiye","TR",0.0835,0.07,"01699"
"A.16.04.001","Salt","Rest of World","RoW",1,0,"MI-12"
"A.16.04.015","Yeast extract","Rest of World","RoW",1,0,"MI-13"
"A.16.04.016","Monosodium glutamate","Rest of World","RoW",1,0,"MI-14"
"A.16.09.003","Vanilla","Bangladesh","BD",0.0224,0.07,"01699"
"A.16.09.003","Vanilla","China, mainland","CN",0.0221,0.07,"01699"
"A.16.09.003","Vanilla","Indonesia","ID",0.033,0.07,"01699"
"A.16.09.003","Vanilla","India","IN",0.7349,0.07,"01699"
"A.16.09.003","Vanilla","Peru","PE",0.0283,0.07,"01699"
"A.16.09.003","Vanilla","Pakistan","PK",0.0358,0.07,"01699"
"A.16.09.003","Vanilla","Syrian Arab Republic","SY",0.0264,0.07,"01699"
"A.16.09.003","Vanilla","Thailand","TH",0.0137,0.07,"01699"
"A.16.09.003","Vanilla","Türkiye","TR",0.0835,0.07,"01699"
"A.16.09.006","Rum essence","Rest of World","RoW",1,0,"MI-29"
"A.16.09.008","Liquorice (Glycyrrhiza glabra)","Rest of World","RoW",1,0,"MI-15"
"A.16.10.001","Yeast","Rest of World","RoW",1,0,"MI-16"
"A.16.10.002","Sodium bicarbonate","Rest of World","RoW",1,0,"MI-17"
"A.16.10.006","Pectin","Rest of World","RoW",1,0,"MI-30"
"A.16.10.007","Gum","Rest of World","RoW",1,0,"MI-18"
"A.16.10.008","Gelatine","Rest of World","RoW",1,0,"MI-19"
"A.16.10.009","Cream of tartar","Rest of World","RoW",1,0,"MI-20"
"A.18.02","Dietary supplements","Rest of World","RoW",1,0,"MI-31"
"A.18.02.001","Vitamin supplements","Rest of World","RoW",1,0,"MI-32"
"A.18.02.002","Mineral supplements","Rest of World","RoW",1,0,"MI-33"
"A.18.02.003","Combination of vitamins and minerals supplements","Rest of World","RoW",1,0,"MI-34"
"A.18.02.004","Supplements containing special fatty acids (e.g. omega-3, essential fatty acids)","Rest of World","RoW",1,0,"MI-35"
"A.18.02.005","Protein and amino acids supplements","Rest of World","RoW",1,0,"MI-36"
"A.18.02.006","Fiber supplements","Rest of World","RoW",1,0,"MI-27"
"A.18.02.007","Plant extract formula","Rest of World","RoW",1,0,"MI-37"
"A.18.02.008","Coenzyme Q10 supplement","Rest of World","RoW",1,0,"MI-38"
"A.18.02.009","Enzyme-based supplement","Rest of World","RoW",1,0,"MI-39"
"A.18.02.010","Yeast based supplement","Rest of World","RoW",1,0,"MI-40"
"A.18.02.011","Algea","Rest of World","RoW",1,0.02,"BF-57"
"A.18.02.012","Pollen-based supplement","Rest of World","RoW",1,0,"MI-41"
"A.18.03.005","Carnitine-based supplement for sports people","Rest of World","RoW",1,0,"MI-42"
"A.18.05.001","Nutritionally complete formulas","Rest of World","RoW",1,0,"MI-47"
"A.18.05.002","Nutritionally incomplete formulas","Rest of World","RoW",1,0,"MI-48"
"A.18.05.004","Oral rehydration products","Rest of World","RoW",1,0,"MI-49"
"A.X1.01.01","Cultured Meat (Bos. Spp.)","Israel","IL",0.25,0.057,"NF-01"
"A.X1.01.01","Cultured Meat (Bos. Spp.)","Netherlands","NL",0.25,0.057,"NF-01"
"A.X1.01.01","Cultured Meat (Bos. Spp.)","Sweden","SE",0.25,0.057,"NF-01"
"A.X1.01.01","Cultured Meat (Bos. Spp.)","USA","US",0.25,0.057,"NF-01"
"A.X1.01.02","Microbial Protein (Solein)","Finland","FI",0.5,0.057,"NF-04"
"A.X1.01.02","Microbial Protein (Solein)","Sweden","SE",0.5,0.057,"NF-04"
"A.X1.01.03","Mycoprotein (Quorn)","UK","GB",0.5,0.057,"NF-05"
"A.X1.01.03","Mycoprotein (Quorn)","Sweden","SE",0.5,0.057,"NF-05"
"A.X1.02.01","Microbial Milk (T. reesei)","Switzerland","CH",0.2,0.017,"NF-02"
"A.X1.02.01","Microbial Milk (T. reesei)","Germany","DE",0.2,0.017,"NF-02"
"A.X1.02.01","Microbial Milk (T. reesei)","Denmark","DK",0.2,0.017,"NF-02"
"A.X1.02.01","Microbial Milk (T. reesei)","Sweden","SE",0.2,0.017,"NF-02"
"A.X1.02.01","Microbial Milk (T. reesei)","USA","US",0.2,0.017,"NF-02"
"A.X1.03.01","Microbial Ovalbumin (T. reesei)","Switzerland","CH",0.2,0.017,"NF-03"
"A.X1.03.01","Microbial Ovalbumin (T. reesei)","Germany","DE",0.2,0.017,"NF-03"
"A.X1.03.01","Microbial Ovalbumin (T. reesei)","Denmark","DK",0.2,0.017,"NF-03"
"A.X1.03.01","Microbial Ovalbumin (T. reesei)","Sweden","SE",0.2,0.017,"NF-03"
"A.X1.03.01","Microbial Ovalbumin (T. reesei)","USA","US",0.2,0.017,"NF-03"
"A.X1.04.01","Microbial Fat (yeast - M. pulcherrima)","Israel","IL",0.25,0.06,"NF-06"
"A.X1.04.01","Microbial Fat (yeast - M. pulcherrima)","Netherlands","NL",0.25,0.06,"NF-06"
"A.X1.04.01","Microbial Fat (yeast - M. pulcherrima)","Sweden","SE",0.25,0.06,"NF-06"
"A.X1.04.01","Microbial Fat (yeast - M. pulcherrima)","USA","US",0.25,0.06,"NF-06"
"A.X1.04.02","Algae Fat (Schizochytrium)","Switzerland","CH",0.2,0.06,"NF-07"
"A.X1.04.02","Algae Fat (Schizochytrium)","Germany","DE",0.2,0.06,"NF-07"
"A.X1.04.02","Algae Fat (Schizochytrium)","Denmark","DK",0.2,0.06,"NF-07"
"A.X1.04.02","Algae Fat (Schizochytrium)","Sweden","SE",0.2,0.06,"NF-07"
"A.X1.04.02","Algae Fat (Schizochytrium)","USA","US",0.2,0.06,"NF-07"
"I.01.02.010.006","Quinoa grain","Bolivia (Plurinational State of)","BO",0.2364,0.06,"01194"
"I.01.02.010.006","Quinoa grain","Peru","PE",0.7636,0.06,"01194"
"I.02.08.004","Agave tequilana","Rest of World","RoW",1,0,"MI-21"
"I.02.08.005","Maples (trunk sap)","Rest of World","RoW",1,0,"MI-22"
"I.07.01.006.001","Salmons","Rest of World","RoW",1,0.02,"BF-47"
"I.07.01.006.002","Trouts","Rest of World","RoW",1,0.02,"BF-48"
"I.07.01.015.001","Catfishes (freshwater)","Rest of World","RoW",1,0.02,"BF-49"
"I.07.01.015.002","Wolffish","Rest of World","RoW",1,0.02,"BF-50"
"I.07.01.017.001","Cod","Rest of World","RoW",1,0.02,"BF-51"
"I.07.01.017.002","Whiting","Rest of World","RoW",1,0.02,"BF-54"
"I.07.01.017.004","Haddock","Rest of World","RoW",1,0.02,"BF-55"
"I.07.03.001.001","Cod roe","Rest of World","RoW",1,0.02,"BF-53"
"I.07.03.001.002","Herring roe","Rest of World","RoW",1,0.02,"BF-02"
"I.07.03.001.003","Lumpfish roe","Rest of World","RoW",1,0.02,"BF-56"
"I.07.03.002.001","Cod liver","Rest of World","RoW",1,0.02,"BF-52"
"I.16.01.012","Marjoram","Bangladesh","BD",0.0224,0.07,"01699"
"I.16.01.012","Marjoram","China, mainland","CN",0.0221,0.07,"01699"
"I.16.01.012","Marjoram","Indonesia","ID",0.033,0.07,"01699"
"I.16.01.012","Marjoram","India","IN",0.7349,0.07,"01699"
"I.16.01.012","Marjoram","Peru","PE",0.0283,0.07,"01699"
"I.16.01.012","Marjoram","Pakistan","PK",0.0358,0.07,"01699"
"I.16.01.012","Marjoram","Syrian Arab Republic","SY",0.0264,0.07,"01699"
"I.16.01.012","Marjoram","Thailand","TH",0.0137,0.07,"01699"
"I.16.01.012","Marjoram","Türkiye","TR",0.0835,0.07,"01699"
"I.16.01.013","Oregano","Bangladesh","BD",0.0224,0.07,"01699"
"I.16.01.013","Oregano","China, mainland","CN",0.0221,0.07,"01699"
"I.16.01.013","Oregano","Indonesia","ID",0.033,0.07,"01699"
"I.16.01.013","Oregano","India","IN",0.7349,0.07,"01699"
"I.16.01.013","Oregano","Peru","PE",0.0283,0.07,"01699"
"I.16.01.013","Oregano","Pakistan","PK",0.0358,0.07,"01699"
"I.16.01.013","Oregano","Syrian Arab Republic","SY",0.0264,0.07,"01699"
"I.16.01.013","Oregano","Thailand","TH",0.0137,0.07,"01699"
"I.16.01.013","Oregano","Türkiye","TR",0.0835,0.07,"01699"
"I.16.01.014","Mints","Bangladesh","BD",0.0224,0.07,"01699"
"I.16.01.014","Mints","China, mainland","CN",0.0221,0.07,"01699"
"I.16.01.014","Mints","Indonesia","ID",0.033,0.07,"01699"
"I.16.01.014","Mints","India","IN",0.7349,0.07,"01699"
"I.16.01.014","Mints","Peru","PE",0.0283,0.07,"01699"
"I.16.01.014","Mints","Pakistan","PK",0.0358,0.07,"01699"
"I.16.01.014","Mints","Syrian Arab Republic","SY",0.0264,0.07,"01699"
"I.16.01.014","Mints","Thailand","TH",0.0137,0.07,"01699"
"I.16.01.014","Mints","Türkiye","TR",0.0835,0.07,"01699"
"I.16.01.015","Coriander leaves","Bangladesh","BD",0.0224,0.07,"01699"
"I.16.01.015","Coriander leaves","China, mainland","CN",0.0221,0.07,"01699"
"I.16.01.015","Coriander leaves","Indonesia","ID",0.033,0.07,"01699"
"I.16.01.015","Coriander leaves","India","IN",0.7349,0.07,"01699"
"I.16.01.015","Coriander leaves","Peru","PE",0.0283,0.07,"01699"
"I.16.01.015","Coriander leaves","Pakistan","PK",0.0358,0.07,"01699"
"I.16.01.015","Coriander leaves","Syrian Arab Republic","SY",0.0264,0.07,"01699"
"I.16.01.015","Coriander leaves","Thailand","TH",0.0137,0.07,"01699"
"I.16.01.015","Coriander leaves","Türkiye","TR",0.0835,0.07,"01699"
"I.16.01.016","Lovage leaves","Bangladesh","BD",0.0224,0.07,"01699"
"I.16.01.016","Lovage leaves","China, mainland","CN",0.0221,0.07,"01699"
"I.16.01.016","Lovage leaves","Indonesia","ID",0.033,0.07,"01699"
"I.16.01.016","Lovage leaves","India","IN",0.7349,0.07,"01699"
"I.16.01.016","Lovage leaves","Peru","PE",0.0283,0.07,"01699"
"I.16.01.016","Lovage leaves","Pakistan","PK",0.0358,0.07,"01699"
"I.16.01.016","Lovage leaves","Syrian Arab Republic","SY",0.0264,0.07,"01699"
"I.16.01.016","Lovage leaves","Thailand","TH",0.0137,0.07,"01699"
"I.16.01.016","Lovage leaves","Türkiye","TR",0.0835,0.07,"01699"
"I.16.01.017","Winter savory","Bangladesh","BD",0.0224,0.07,"01699"
"I.16.01.017","Winter savory","China, mainland","CN",0.0221,0.07,"01699"
"I.16.01.017","Winter savory","Indonesia","ID",0.033,0.07,"01699"
"I.16.01.017","Winter savory","India","IN",0.7349,0.07,"01699"
"I.16.01.017","Winter savory","Peru","PE",0.0283,0.07,"01699"
"I.16.01.017","Winter savory","Pakistan","PK",0.0358,0.07,"01699"
"I.16.01.017","Winter savory","Syrian Arab Republic","SY",0.0264,0.07,"01699"
"I.16.01.017","Winter savory","Thailand","TH",0.0137,0.07,"01699"
"I.16.01.017","Winter savory","Türkiye","TR",0.0835,0.07,"01699"
"I.16.09.009","Citric acid","Rest of World","RoW",1,0,"MI-23"
"I.16.09.010","Quinine essence","Rest of World","RoW",1,0,"MI-43"
"I.16.09.011","Caffeine","Rest of World","RoW",1,0,"MI-24"
"I.16.09.012","Caramel color","Rest of World","RoW",1,0,"MI-25"
"I.16.09.013","Phosphoric acid","Rest of World","RoW",1,0,"MI-26"
