"RPC Code","RPC Name","Producer Country Name","Producer Country Code","Share","Waste","SUA Code"
"A.01.02.001","Common wheat grain","Belgium","BE",0.0126,0.045,"0111"
"A.01.02.001","Common wheat grain","Canada","CA",0.0166,0.045,"0111"
"A.01.02.001","Common wheat grain","Germany","DE",0.0647,0.045,"0111"
"A.01.02.001","Common wheat grain","Denmark","DK",0.0221,0.045,"0111"
"A.01.02.001","Common wheat grain","France","FR",0.1568,0.045,"0111"
"A.01.02.001","Common wheat grain","United Kingdom of Great Britain and Northern Ireland","GB",0.2893,0.045,"0111"
"A.01.02.001","Common wheat grain","Ireland","IE",0.3159,0.045,"0111"
"A.01.02.001","Common wheat grain","Italy","IT",0.0166,0.045,"0111"
"A.01.02.001","Common wheat grain","Lithuania","LT",0.0224,0.045,"0111"
"A.01.02.001","Common wheat grain","Latvia","LV",0.0302,0.045,"0111"
"A.01.02.001","Common wheat grain","Poland","PL",0.0406,0.045,"0111"
"A.01.02.001","Common wheat grain","Ukraine","UA",0.0121,0.045,"0111"
"A.01.02.001.002","Durum wheat grain","Belgium","BE",0.0126,0.045,"0111"
"A.01.02.001.002","Durum wheat grain","Canada","CA",0.0166,0.045,"0111"
"A.01.02.001.002","Durum wheat grain","Germany","DE",0.0647,0.045,"0111"
"A.01.02.001.002","Durum wheat grain","Denmark","DK",0.0221,0.045,"0111"
"A.01.02.001.002","Durum wheat grain","France","FR",0.1568,0.045,"0111"
"A.01.02.001.002","Durum wheat grain","United Kingdom of Great Britain and Northern Ireland","GB",0.2893,0.045,"0111"
"A.01.02.001.002","Durum wheat grain","Ireland","IE",0.3159,0.045,"0111"
"A.01.02.001.002","Durum wheat grain","Italy","IT",0.0166,0.045,"0111"
"A.01.02.001.002","Durum wheat grain","Lithuania","LT",0.0224,0.045,"0111"
"A.01.02.001.002","Durum wheat grain","Latvia","LV",0.0302,0.045,"0111"
"A.01.02.001.002","Durum wheat grain","Poland","PL",0.0406,0.045,"0111"
"A.01.02.001.002","Durum wheat grain","Ukraine","UA",0.0121,0.045,"0111"
"A.01.02.001.003","Common wheat grain","Belgium","BE",0.0126,0.045,"0111"
"A.01.02.001.003","Common wheat grain","Canada","CA",0.0166,0.045,"0111"
"A.01.02.001.003","Common wheat grain","Germany","DE",0.0647,0.045,"0111"
"A.01.02.001.003","Common wheat grain","Denmark","DK",0.0221,0.045,"0111"
"A.01.02.001.003","Common wheat grain","France","FR",0.1568,0.045,"0111"
"A.01.02.001.003","Common wheat grain","United Kingdom of Great Britain and Northern Ireland","GB",0.2893,0.045,"0111"
"A.01.02.001.003","Common wheat grain","Ireland","IE",0.3159,0.045,"0111"
"A.01.02.001.003","Common wheat grain","Italy","IT",0.0166,0.045,"0111"
"A.01.02.001.003","Common wheat grain","Lithuania","LT",0.0224,0.045,"0111"
"A.01.02.001.003","Common wheat grain","Latvia","LV",0.0302,0.045,"0111"
"A.01.02.001.003","Common wheat grain","Poland","PL",0.0406,0.045,"0111"
"A.01.02.001.003","Common wheat grain","Ukraine","UA",0.0121,0.045,"0111"
"A.01.02.001.004","Durum wheat grain","Belgium","BE",0.0126,0.045,"0111"
"A.01.02.001.004","Durum wheat grain","Canada","CA",0.0166,0.045,"0111"
"A.01.02.001.004","Durum wheat grain","Germany","DE",0.0647,0.045,"0111"
"A.01.02.001.004","Durum wheat grain","Denmark","DK",0.0221,0.045,"0111"
"A.01.02.001.004","Durum wheat grain","France","FR",0.1568,0.045,"0111"
"A.01.02.001.004","Durum wheat grain","United Kingdom of Great Britain and Northern Ireland","GB",0.2893,0.045,"0111"
"A.01.02.001.004","Durum wheat grain","Ireland","IE",0.3159,0.045,"0111"
"A.01.02.001.004","Durum wheat grain","Italy","IT",0.0166,0.045,"0111"
"A.01.02.001.004","Durum wheat grain","Lithuania","LT",0.0224,0.045,"0111"
"A.01.02.001.004","Durum wheat grain","Latvia","LV",0.0302,0.045,"0111"
"A.01.02.001.004","Durum wheat grain","Poland","PL",0.0406,0.045,"0111"
"A.01.02.001.004","Durum wheat grain","Ukraine","UA",0.0121,0.045,"0111"
"A.01.02.002.001","Barley grains","Canada","CA",0.0245,0.045,"0115"
"A.01.02.002.001","Barley grains","Germany","DE",0.0145,0.045,"0115"
"A.01.02.002.001","Barley grains","France","FR",0.02,0.045,"0115"
"A.01.02.002.001","Barley grains","United Kingdom of Great Britain and Northern Ireland","GB",0.1293,0.045,"0115"
"A.01.02.002.001","Barley grains","Ireland","IE",0.7493,0.045,"0115"
"A.01.02.002.001","Barley grains","United States of America","US",0.0625,0.045,"0115"
"A.01.02.003","Maize grain","Argentina","AR",0.0107,0.045,"0112"
"A.01.02.003","Maize grain","Bulgaria","BG",0.0204,0.045,"0112"
"A.01.02.003","Maize grain","Brazil","BR",0.2035,0.045,"0112"
"A.01.02.003","Maize grain","Canada","CA",0.3501,0.045,"0112"
"A.01.02.003","Maize grain","France","FR",0.0791,0.045,"0112"
"A.01.02.003","Maize grain","Poland","PL",0.0386,0.045,"0112"
"A.01.02.003","Maize grain","Romania","RO",0.018,0.045,"0112"
"A.01.02.003","Maize grain","Ukraine","UA",0.0797,0.045,"0112"
"A.01.02.003","Maize grain","United States of America","US",0.2,0.045,"0112"
"A.01.02.004","Rye grain","United Kingdom of Great Britain and Northern Ireland","GB",0.0643,0.045,"0116"
"A.01.02.004","Rye grain","Poland","PL",0.9357,0.045,"0116"
"A.01.02.005","Spelt grain","Belgium","BE",0.0126,0.045,"0111"
"A.01.02.005","Spelt grain","Canada","CA",0.0166,0.045,"0111"
"A.01.02.005","Spelt grain","Germany","DE",0.0647,0.045,"0111"
"A.01.02.005","Spelt grain","Denmark","DK",0.0221,0.045,"0111"
"A.01.02.005","Spelt grain","France","FR",0.1568,0.045,"0111"
"A.01.02.005","Spelt grain","United Kingdom of Great Britain and Northern Ireland","GB",0.2893,0.045,"0111"
"A.01.02.005","Spelt grain","Ireland","IE",0.3159,0.045,"0111"
"A.01.02.005","Spelt grain","Italy","IT",0.0166,0.045,"0111"
"A.01.02.005","Spelt grain","Lithuania","LT",0.0224,0.045,"0111"
"A.01.02.005","Spelt grain","Latvia","LV",0.0302,0.045,"0111"
"A.01.02.005","Spelt grain","Poland","PL",0.0406,0.045,"0111"
"A.01.02.005","Spelt grain","Ukraine","UA",0.0121,0.045,"0111"
"A.01.02.006","Buckwheat","RoW","RoW",1,0.06,"01192"
"A.01.02.007","Common millet grain","Argentina","AR",0.0131,0.045,"0118"
"A.01.02.007","Common millet grain","China, mainland","CN",0.1187,0.045,"0118"
"A.01.02.007","Common millet grain","India","IN",0.0601,0.045,"0118"
"A.01.02.007","Common millet grain","Russian Federation","RU",0.0932,0.045,"0118"
"A.01.02.007","Common millet grain","Ukraine","UA",0.688,0.045,"0118"
"A.01.02.007","Common millet grain","United States of America","US",0.0269,0.045,"0118"
"A.01.02.008","Oat grain","United Kingdom of Great Britain and Northern Ireland","GB",0.0158,0.045,"0117"
"A.01.02.008","Oat grain","Ireland","IE",0.9842,0.045,"0117"
"A.01.02.009","Rice grain","Germany","DE",0.0844,0.045,"0113"
"A.01.02.009","Rice grain","Spain","ES",0.0283,0.045,"0113"
"A.01.02.009","Rice grain","France","FR",0.0605,0.045,"0113"
"A.01.02.009","Rice grain","United Kingdom of Great Britain and Northern Ireland","GB",0.7743,0.045,"0113"
"A.01.02.009","Rice grain","Latvia","LV",0.0225,0.045,"0113"
"A.01.02.009","Rice grain","Poland","PL",0.0191,0.045,"0113"
"A.01.02.009","Rice grain","Sweden","SE",0.0109,0.045,"0113"
"A.01.02.009.007","Indian rice grain","Germany","DE",0.0844,0.045,"0113"
"A.01.02.009.007","Indian rice grain","Spain","ES",0.0283,0.045,"0113"
"A.01.02.009.007","Indian rice grain","France","FR",0.0605,0.045,"0113"
"A.01.02.009.007","Indian rice grain","United Kingdom of Great Britain and Northern Ireland","GB",0.7743,0.045,"0113"
"A.01.02.009.007","Indian rice grain","Latvia","LV",0.0225,0.045,"0113"
"A.01.02.009.007","Indian rice grain","Poland","PL",0.0191,0.045,"0113"
"A.01.02.009.007","Indian rice grain","Sweden","SE",0.0109,0.045,"0113"
"A.01.02.010.002","Sorghum grain","France","FR",0.6992,0.045,"0114"
"A.01.02.010.002","Sorghum grain","Hungary","HU",0.0167,0.045,"0114"
"A.01.02.010.002","Sorghum grain","India","IN",0.0986,0.045,"0114"
"A.01.02.010.002","Sorghum grain","Italy","IT",0.1381,0.045,"0114"
"A.01.02.010.002","Sorghum grain","Ukraine","UA",0.0357,0.045,"0114"
"A.01.02.010.002","Sorghum grain","United States of America","US",0.0118,0.045,"0114"
"A.02.01.001","Arrowroots","Bolivia (Plurinational State of)","BO",0.0455,0.24,"01599.10"
"A.02.01.001","Arrowroots","Côte d'Ivoire","CI",0.075,0.24,"01599.10"
"A.02.01.001","Arrowroots","Cameroon","CM",0.0222,0.24,"01599.10"
"A.02.01.001","Arrowroots","China, mainland","CN",0.1777,0.24,"01599.10"
"A.02.01.001","Arrowroots","Costa Rica","CR",0.0378,0.24,"01599.10"
"A.02.01.001","Arrowroots","Egypt","EG",0.0145,0.24,"01599.10"
"A.02.01.001","Arrowroots","Ghana","GH",0.1048,0.24,"01599.10"
"A.02.01.001","Arrowroots","Honduras","HN",0.236,0.24,"01599.10"
"A.02.01.001","Arrowroots","Indonesia","ID",0.0506,0.24,"01599.10"
"A.02.01.001","Arrowroots","Kenya","KE",0.0153,0.24,"01599.10"
"A.02.01.001","Arrowroots","Sri Lanka","LK",0.0187,0.24,"01599.10"
"A.02.01.001","Arrowroots","Mexico","MX",0.0126,0.24,"01599.10"
"A.02.01.001","Arrowroots","Peru","PE",0.0756,0.24,"01599.10"
"A.02.01.001","Arrowroots","Pakistan","PK",0.0104,0.24,"01599.10"
"A.02.01.001","Arrowroots","Togo","TG",0.0418,0.24,"01599.10"
"A.02.01.001","Arrowroots","Thailand","TH",0.0613,0.24,"01599.10"
"A.02.01.002","Beetroots","Bolivia (Plurinational State of)","BO",0.0455,0.24,"01599.10"
"A.02.01.002","Beetroots","Côte d'Ivoire","CI",0.075,0.24,"01599.10"
"A.02.01.002","Beetroots","Cameroon","CM",0.0222,0.24,"01599.10"
"A.02.01.002","Beetroots","China, mainland","CN",0.1777,0.24,"01599.10"
"A.02.01.002","Beetroots","Costa Rica","CR",0.0378,0.24,"01599.10"
"A.02.01.002","Beetroots","Egypt","EG",0.0145,0.24,"01599.10"
"A.02.01.002","Beetroots","Ghana","GH",0.1048,0.24,"01599.10"
"A.02.01.002","Beetroots","Honduras","HN",0.236,0.24,"01599.10"
"A.02.01.002","Beetroots","Indonesia","ID",0.0506,0.24,"01599.10"
"A.02.01.002","Beetroots","Kenya","KE",0.0153,0.24,"01599.10"
"A.02.01.002","Beetroots","Sri Lanka","LK",0.0187,0.24,"01599.10"
"A.02.01.002","Beetroots","Mexico","MX",0.0126,0.24,"01599.10"
"A.02.01.002","Beetroots","Peru","PE",0.0756,0.24,"01599.10"
"A.02.01.002","Beetroots","Pakistan","PK",0.0104,0.24,"01599.10"
"A.02.01.002","Beetroots","Togo","TG",0.0418,0.24,"01599.10"
"A.02.01.002","Beetroots","Thailand","TH",0.0613,0.24,"01599.10"
"A.02.01.003","Carrots","Spain","ES",0.0402,0.07,"01251"
"A.02.01.003","Carrots","France","FR",0.0193,0.07,"01251"
"A.02.01.003","Carrots","United Kingdom of Great Britain and Northern Ireland","GB",0.0634,0.07,"01251"
"A.02.01.003","Carrots","Ireland","IE",0.7594,0.07,"01251"
"A.02.01.003","Carrots","Israel","IL",0.0584,0.07,"01251"
"A.02.01.003","Carrots","Netherlands (Kingdom of the)","NL",0.0593,0.07,"01251"
"A.02.01.004","Celeriacs","Bolivia (Plurinational State of)","BO",0.0455,0.24,"01599.10"
"A.02.01.004","Celeriacs","Côte d'Ivoire","CI",0.075,0.24,"01599.10"
"A.02.01.004","Celeriacs","Cameroon","CM",0.0222,0.24,"01599.10"
"A.02.01.004","Celeriacs","China, mainland","CN",0.1777,0.24,"01599.10"
"A.02.01.004","Celeriacs","Costa Rica","CR",0.0378,0.24,"01599.10"
"A.02.01.004","Celeriacs","Egypt","EG",0.0145,0.24,"01599.10"
"A.02.01.004","Celeriacs","Ghana","GH",0.1048,0.24,"01599.10"
"A.02.01.004","Celeriacs","Honduras","HN",0.236,0.24,"01599.10"
"A.02.01.004","Celeriacs","Indonesia","ID",0.0506,0.24,"01599.10"
"A.02.01.004","Celeriacs","Kenya","KE",0.0153,0.24,"01599.10"
"A.02.01.004","Celeriacs","Sri Lanka","LK",0.0187,0.24,"01599.10"
"A.02.01.004","Celeriacs","Mexico","MX",0.0126,0.24,"01599.10"
"A.02.01.004","Celeriacs","Peru","PE",0.0756,0.24,"01599.10"
"A.02.01.004","Celeriacs","Pakistan","PK",0.0104,0.24,"01599.10"
"A.02.01.004","Celeriacs","Togo","TG",0.0418,0.24,"01599.10"
"A.02.01.004","Celeriacs","Thailand","TH",0.0613,0.24,"01599.10"
"A.02.01.005","Horseradish roots","Bolivia (Plurinational State of)","BO",0.0455,0.24,"01599.10"
"A.02.01.005","Horseradish roots","Côte d'Ivoire","CI",0.075,0.24,"01599.10"
"A.02.01.005","Horseradish roots","Cameroon","CM",0.0222,0.24,"01599.10"
"A.02.01.005","Horseradish roots","China, mainland","CN",0.1777,0.24,"01599.10"
"A.02.01.005","Horseradish roots","Costa Rica","CR",0.0378,0.24,"01599.10"
"A.02.01.005","Horseradish roots","Egypt","EG",0.0145,0.24,"01599.10"
"A.02.01.005","Horseradish roots","Ghana","GH",0.1048,0.24,"01599.10"
"A.02.01.005","Horseradish roots","Honduras","HN",0.236,0.24,"01599.10"
"A.02.01.005","Horseradish roots","Indonesia","ID",0.0506,0.24,"01599.10"
"A.02.01.005","Horseradish roots","Kenya","KE",0.0153,0.24,"01599.10"
"A.02.01.005","Horseradish roots","Sri Lanka","LK",0.0187,0.24,"01599.10"
"A.02.01.005","Horseradish roots","Mexico","MX",0.0126,0.24,"01599.10"
"A.02.01.005","Horseradish roots","Peru","PE",0.0756,0.24,"01599.10"
"A.02.01.005","Horseradish roots","Pakistan","PK",0.0104,0.24,"01599.10"
"A.02.01.005","Horseradish roots","Togo","TG",0.0418,0.24,"01599.10"
"A.02.01.005","Horseradish roots","Thailand","TH",0.0613,0.24,"01599.10"
"A.02.01.006","Parsley roots","Bolivia (Plurinational State of)","BO",0.0455,0.24,"01599.10"
"A.02.01.006","Parsley roots","Côte d'Ivoire","CI",0.075,0.24,"01599.10"
"A.02.01.006","Parsley roots","Cameroon","CM",0.0222,0.24,"01599.10"
"A.02.01.006","Parsley roots","China, mainland","CN",0.1777,0.24,"01599.10"
"A.02.01.006","Parsley roots","Costa Rica","CR",0.0378,0.24,"01599.10"
"A.02.01.006","Parsley roots","Egypt","EG",0.0145,0.24,"01599.10"
"A.02.01.006","Parsley roots","Ghana","GH",0.1048,0.24,"01599.10"
"A.02.01.006","Parsley roots","Honduras","HN",0.236,0.24,"01599.10"
"A.02.01.006","Parsley roots","Indonesia","ID",0.0506,0.24,"01599.10"
"A.02.01.006","Parsley roots","Kenya","KE",0.0153,0.24,"01599.10"
"A.02.01.006","Parsley roots","Sri Lanka","LK",0.0187,0.24,"01599.10"
"A.02.01.006","Parsley roots","Mexico","MX",0.0126,0.24,"01599.10"
"A.02.01.006","Parsley roots","Peru","PE",0.0756,0.24,"01599.10"
"A.02.01.006","Parsley roots","Pakistan","PK",0.0104,0.24,"01599.10"
"A.02.01.006","Parsley roots","Togo","TG",0.0418,0.24,"01599.10"
"A.02.01.006","Parsley roots","Thailand","TH",0.0613,0.24,"01599.10"
"A.02.01.007","Parsnip roots","Bolivia (Plurinational State of)","BO",0.0455,0.24,"01599.10"
"A.02.01.007","Parsnip roots","Côte d'Ivoire","CI",0.075,0.24,"01599.10"
"A.02.01.007","Parsnip roots","Cameroon","CM",0.0222,0.24,"01599.10"
"A.02.01.007","Parsnip roots","China, mainland","CN",0.1777,0.24,"01599.10"
"A.02.01.007","Parsnip roots","Costa Rica","CR",0.0378,0.24,"01599.10"
"A.02.01.007","Parsnip roots","Egypt","EG",0.0145,0.24,"01599.10"
"A.02.01.007","Parsnip roots","Ghana","GH",0.1048,0.24,"01599.10"
"A.02.01.007","Parsnip roots","Honduras","HN",0.236,0.24,"01599.10"
"A.02.01.007","Parsnip roots","Indonesia","ID",0.0506,0.24,"01599.10"
"A.02.01.007","Parsnip roots","Kenya","KE",0.0153,0.24,"01599.10"
"A.02.01.007","Parsnip roots","Sri Lanka","LK",0.0187,0.24,"01599.10"
"A.02.01.007","Parsnip roots","Mexico","MX",0.0126,0.24,"01599.10"
"A.02.01.007","Parsnip roots","Peru","PE",0.0756,0.24,"01599.10"
"A.02.01.007","Parsnip roots","Pakistan","PK",0.0104,0.24,"01599.10"
"A.02.01.007","Parsnip roots","Togo","TG",0.0418,0.24,"01599.10"
"A.02.01.007","Parsnip roots","Thailand","TH",0.0613,0.24,"01599.10"
"A.02.01.008","Radishes","Spain","ES",0.0558,0.07,"01212"
"A.02.01.008","Radishes","United Kingdom of Great Britain and Northern Ireland","GB",0.1215,0.07,"01212"
"A.02.01.008","Radishes","Ireland","IE",0.7129,0.07,"01212"
"A.02.01.008","Radishes","Netherlands (Kingdom of the)","NL",0.0994,0.07,"01212"
"A.02.01.008","Radishes","Poland","PL",0.0104,0.07,"01212"
"A.02.01.009","Salsifies","Argentina","AR",0.2511,0.06,"01445"
"A.02.01.009","Salsifies","Bulgaria","BG",0.0556,0.06,"01445"
"A.02.01.009","Salsifies","Spain","ES",0.0435,0.06,"01445"
"A.02.01.009","Salsifies","France","FR",0.1423,0.06,"01445"
"A.02.01.009","Salsifies","Hungary","HU",0.0333,0.06,"01445"
"A.02.01.009","Salsifies","Republic of Moldova","MD",0.0193,0.06,"01445"
"A.02.01.009","Salsifies","Romania","RO",0.1059,0.06,"01445"
"A.02.01.009","Salsifies","Russian Federation","RU",0.1421,0.06,"01445"
"A.02.01.009","Salsifies","Ukraine","UA",0.207,0.06,"01445"
"A.02.01.010","Swedes","Spain","ES",0.0558,0.07,"01212"
"A.02.01.010","Swedes","United Kingdom of Great Britain and Northern Ireland","GB",0.1215,0.07,"01212"
"A.02.01.010","Swedes","Ireland","IE",0.7129,0.07,"01212"
"A.02.01.010","Swedes","Netherlands (Kingdom of the)","NL",0.0994,0.07,"01212"
"A.02.01.010","Swedes","Poland","PL",0.0104,0.07,"01212"
"A.02.01.012","Turnips","Spain","ES",0.0402,0.07,"01251"
"A.02.01.012","Turnips","France","FR",0.0193,0.07,"01251"
"A.02.01.012","Turnips","United Kingdom of Great Britain and Northern Ireland","GB",0.0634,0.07,"01251"
"A.02.01.012","Turnips","Ireland","IE",0.7594,0.07,"01251"
"A.02.01.012","Turnips","Israel","IL",0.0584,0.07,"01251"
"A.02.01.012","Turnips","Netherlands (Kingdom of the)","NL",0.0593,0.07,"01251"
"A.02.02.001","Garlic","Argentina","AR",0.0159,0.07,"01252"
"A.02.02.001","Garlic","China, mainland","CN",0.3448,0.07,"01252"
"A.02.02.001","Garlic","Egypt","EG",0.0123,0.07,"01252"
"A.02.02.001","Garlic","Spain","ES",0.5297,0.07,"01252"
"A.02.02.001","Garlic","France","FR",0.0448,0.07,"01252"
"A.02.02.001","Garlic","Italy","IT",0.0153,0.07,"01252"
"A.02.02.001","Garlic","Netherlands (Kingdom of the)","NL",0.0134,0.07,"01252"
"A.02.02.001","Garlic","Poland","PL",0.0238,0.07,"01252"
"A.02.02.002","Onions","China, mainland","CN",0.0179,0.07,"01253.02"
"A.02.02.002","Onions","Germany","DE",0.0237,0.07,"01253.02"
"A.02.02.002","Onions","Egypt","EG",0.0263,0.07,"01253.02"
"A.02.02.002","Onions","Spain","ES",0.1973,0.07,"01253.02"
"A.02.02.002","Onions","France","FR",0.0198,0.07,"01253.02"
"A.02.02.002","Onions","United Kingdom of Great Britain and Northern Ireland","GB",0.0268,0.07,"01253.02"
"A.02.02.002","Onions","Ireland","IE",0.1951,0.07,"01253.02"
"A.02.02.002","Onions","Netherlands (Kingdom of the)","NL",0.4714,0.07,"01253.02"
"A.02.02.002","Onions","United States of America","US",0.0217,0.07,"01253.02"
"A.02.02.003","Shallots","China, mainland","CN",0.0179,0.07,"01253.02"
"A.02.02.003","Shallots","Germany","DE",0.0237,0.07,"01253.02"
"A.02.02.003","Shallots","Egypt","EG",0.0263,0.07,"01253.02"
"A.02.02.003","Shallots","Spain","ES",0.1973,0.07,"01253.02"
"A.02.02.003","Shallots","France","FR",0.0198,0.07,"01253.02"
"A.02.02.003","Shallots","United Kingdom of Great Britain and Northern Ireland","GB",0.0268,0.07,"01253.02"
"A.02.02.003","Shallots","Ireland","IE",0.1951,0.07,"01253.02"
"A.02.02.003","Shallots","Netherlands (Kingdom of the)","NL",0.4714,0.07,"01253.02"
"A.02.02.003","Shallots","United States of America","US",0.0217,0.07,"01253.02"
"A.02.02.004","Spring onions","China, mainland","CN",0.0179,0.07,"01253.02"
"A.02.02.004","Spring onions","Germany","DE",0.0237,0.07,"01253.02"
"A.02.02.004","Spring onions","Egypt","EG",0.0263,0.07,"01253.02"
"A.02.02.004","Spring onions","Spain","ES",0.1973,0.07,"01253.02"
"A.02.02.004","Spring onions","France","FR",0.0198,0.07,"01253.02"
"A.02.02.004","Spring onions","United Kingdom of Great Britain and Northern Ireland","GB",0.0268,0.07,"01253.02"
"A.02.02.004","Spring onions","Ireland","IE",0.1951,0.07,"01253.02"
"A.02.02.004","Spring onions","Netherlands (Kingdom of the)","NL",0.4714,0.07,"01253.02"
"A.02.02.004","Spring onions","United States of America","US",0.0217,0.07,"01253.02"
"A.02.02.005","Chives","China, mainland","CN",0.0179,0.07,"01253.02"
"A.02.02.005","Chives","Germany","DE",0.0237,0.07,"01253.02"
"A.02.02.005","Chives","Egypt","EG",0.0263,0.07,"01253.02"
"A.02.02.005","Chives","Spain","ES",0.1973,0.07,"01253.02"
"A.02.02.005","Chives","France","FR",0.0198,0.07,"01253.02"
"A.02.02.005","Chives","United Kingdom of Great Britain and Northern Ireland","GB",0.0268,0.07,"01253.02"
"A.02.02.005","Chives","Ireland","IE",0.1951,0.07,"01253.02"
"A.02.02.005","Chives","Netherlands (Kingdom of the)","NL",0.4714,0.07,"01253.02"
"A.02.02.005","Chives","United States of America","US",0.0217,0.07,"01253.02"
"A.02.03.001","Tomatoes","China, mainland","CN",0.0798,0.07,"01234"
"A.02.03.001","Tomatoes","Egypt","EG",0.0113,0.07,"01234"
"A.02.03.001","Tomatoes","Spain","ES",0.188,0.07,"01234"
"A.02.03.001","Tomatoes","Ireland","IE",0.0339,0.07,"01234"
"A.02.03.001","Tomatoes","Italy","IT",0.4339,0.07,"01234"
"A.02.03.001","Tomatoes","Morocco","MA",0.024,0.07,"01234"
"A.02.03.001","Tomatoes","Netherlands (Kingdom of the)","NL",0.1022,0.07,"01234"
"A.02.03.001","Tomatoes","Portugal","PT",0.0931,0.07,"01234"
"A.02.03.001","Tomatoes","Türkiye","TR",0.0125,0.07,"01234"
"A.02.03.001","Tomatoes","United States of America","US",0.0213,0.07,"01234"
"A.02.03.002","Sweet peppers","Belgium","BE",0.011,0.07,"01231"
"A.02.03.002","Sweet peppers","Spain","ES",0.4054,0.07,"01231"
"A.02.03.002","Sweet peppers","Morocco","MA",0.0326,0.07,"01231"
"A.02.03.002","Sweet peppers","Netherlands (Kingdom of the)","NL",0.551,0.07,"01231"
"A.02.03.003","Chili peppers","Belgium","BE",0.011,0.07,"01231"
"A.02.03.003","Chili peppers","Spain","ES",0.4054,0.07,"01231"
"A.02.03.003","Chili peppers","Morocco","MA",0.0326,0.07,"01231"
"A.02.03.003","Chili peppers","Netherlands (Kingdom of the)","NL",0.551,0.07,"01231"
"A.02.03.004","Aubergines","Spain","ES",0.402,0.07,"01233"
"A.02.03.004","Aubergines","Italy","IT",0.0191,0.07,"01233"
"A.02.03.004","Aubergines","Netherlands (Kingdom of the)","NL",0.568,0.07,"01233"
"A.02.03.004","Aubergines","Türkiye","TR",0.011,0.07,"01233"
"A.02.03.005","Okra","China, mainland","CN",0.087,0.07,"01359.90"
"A.02.03.005","Okra","Colombia","CO",0.0327,0.07,"01359.90"
"A.02.03.005","Okra","Costa Rica","CR",0.0844,0.07,"01359.90"
"A.02.03.005","Okra","Ecuador","EC",0.0663,0.07,"01359.90"
"A.02.03.005","Okra","Egypt","EG",0.1428,0.07,"01359.90"
"A.02.03.005","Okra","Guatemala","GT",0.0185,0.07,"01359.90"
"A.02.03.005","Okra","India","IN",0.0732,0.07,"01359.90"
"A.02.03.005","Okra","Morocco","MA",0.044,0.07,"01359.90"
"A.02.03.005","Okra","Mexico","MX",0.0434,0.07,"01359.90"
"A.02.03.005","Okra","Peru","PE",0.0638,0.07,"01359.90"
"A.02.03.005","Okra","Philippines","PH",0.0365,0.07,"01359.90"
"A.02.03.005","Okra","Serbia","RS",0.0448,0.07,"01359.90"
"A.02.03.005","Okra","Thailand","TH",0.0493,0.07,"01359.90"
"A.02.03.005","Okra","Türkiye","TR",0.1344,0.07,"01359.90"
"A.02.03.005","Okra","Viet Nam","VN",0.0556,0.07,"01359.90"
"A.02.03.005","Okra","South Africa","ZA",0.0235,0.07,"01359.90"
"A.02.03.006","Cucumbers","Belgium","BE",0.0134,0.07,"01232"
"A.02.03.006","Cucumbers","Germany","DE",0.0387,0.07,"01232"
"A.02.03.006","Cucumbers","Spain","ES",0.4242,0.07,"01232"
"A.02.03.006","Cucumbers","Ireland","IE",0.1874,0.07,"01232"
"A.02.03.006","Cucumbers","Netherlands (Kingdom of the)","NL",0.3175,0.07,"01232"
"A.02.03.006","Cucumbers","Poland","PL",0.0187,0.07,"01232"
"A.02.03.007","Gherkins","Belgium","BE",0.0134,0.07,"01232"
"A.02.03.007","Gherkins","Germany","DE",0.0387,0.07,"01232"
"A.02.03.007","Gherkins","Spain","ES",0.4242,0.07,"01232"
"A.02.03.007","Gherkins","Ireland","IE",0.1874,0.07,"01232"
"A.02.03.007","Gherkins","Netherlands (Kingdom of the)","NL",0.3175,0.07,"01232"
"A.02.03.007","Gherkins","Poland","PL",0.0187,0.07,"01232"
"A.02.03.008","Courgettes","Argentina","AR",0.0245,0.07,"01235"
"A.02.03.008","Courgettes","Germany","DE",0.0631,0.07,"01235"
"A.02.03.008","Courgettes","Spain","ES",0.5566,0.07,"01235"
"A.02.03.008","Courgettes","Ireland","IE",0.1298,0.07,"01235"
"A.02.03.008","Courgettes","Italy","IT",0.0109,0.07,"01235"
"A.02.03.008","Courgettes","Morocco","MA",0.0305,0.07,"01235"
"A.02.03.008","Courgettes","Netherlands (Kingdom of the)","NL",0.0644,0.07,"01235"
"A.02.03.008","Courgettes","Portugal","PT",0.0735,0.07,"01235"
"A.02.03.008","Courgettes","South Africa","ZA",0.0467,0.07,"01235"
"A.02.03.009","Melons","Brazil","BR",0.4476,0.07,"01229"
"A.02.03.009","Melons","Costa Rica","CR",0.0972,0.07,"01229"
"A.02.03.009","Melons","Spain","ES",0.3625,0.07,"01229"
"A.02.03.009","Melons","Honduras","HN",0.0662,0.07,"01229"
"A.02.03.009","Melons","Italy","IT",0.0265,0.07,"01229"
"A.02.03.010","Pumpkins","Argentina","AR",0.0245,0.07,"01235"
"A.02.03.010","Pumpkins","Germany","DE",0.0631,0.07,"01235"
"A.02.03.010","Pumpkins","Spain","ES",0.5566,0.07,"01235"
"A.02.03.010","Pumpkins","Ireland","IE",0.1298,0.07,"01235"
"A.02.03.010","Pumpkins","Italy","IT",0.0109,0.07,"01235"
"A.02.03.010","Pumpkins","Morocco","MA",0.0305,0.07,"01235"
"A.02.03.010","Pumpkins","Netherlands (Kingdom of the)","NL",0.0644,0.07,"01235"
"A.02.03.010","Pumpkins","Portugal","PT",0.0735,0.07,"01235"
"A.02.03.010","Pumpkins","South Africa","ZA",0.0467,0.07,"01235"
"A.02.03.011","Watermelons","Brazil","BR",0.2144,0.07,"01221"
"A.02.03.011","Watermelons","Costa Rica","CR",0.0763,0.07,"01221"
"A.02.03.011","Watermelons","Spain","ES",0.4668,0.07,"01221"
"A.02.03.011","Watermelons","Greece","GR",0.0546,0.07,"01221"
"A.02.03.011","Watermelons","Italy","IT",0.0986,0.07,"01221"
"A.02.03.011","Watermelons","Morocco","MA",0.074,0.07,"01221"
"A.02.03.011","Watermelons","Panama","PA",0.0155,0.07,"01221"
"A.02.03.012","Sweet corn","China, mainland","CN",0.2709,0.07,"01290.01"
"A.02.03.012","Sweet corn","France","FR",0.4131,0.07,"01290.01"
"A.02.03.012","Sweet corn","Croatia","HR",0.0156,0.07,"01290.01"
"A.02.03.012","Sweet corn","Republic of Moldova","MD",0.0444,0.07,"01290.01"
"A.02.03.012","Sweet corn","Serbia","RS",0.1311,0.07,"01290.01"
"A.02.03.012","Sweet corn","Thailand","TH",0.0817,0.07,"01290.01"
"A.02.03.012","Sweet corn","Ukraine","UA",0.0225,0.07,"01290.01"
"A.02.03.012","Sweet corn","United States of America","US",0.0206,0.07,"01290.01"
"A.02.04.001","Broccoli","Brazil","BR",0.4476,0.07,"01213"
"A.02.04.001","Broccoli","Costa Rica","CR",0.0972,0.07,"01213"
"A.02.04.001","Broccoli","Spain","ES",0.3625,0.07,"01213"
"A.02.04.001","Broccoli","Honduras","HN",0.0662,0.07,"01213"
"A.02.04.001","Broccoli","Italy","IT",0.0265,0.07,"01213"
"A.02.04.002","Cauliflowers","Brazil","BR",0.4476,0.07,"01213"
"A.02.04.002","Cauliflowers","Costa Rica","CR",0.0972,0.07,"01213"
"A.02.04.002","Cauliflowers","Spain","ES",0.3625,0.07,"01213"
"A.02.04.002","Cauliflowers","Honduras","HN",0.0662,0.07,"01213"
"A.02.04.002","Cauliflowers","Italy","IT",0.0265,0.07,"01213"
"A.02.04.003","Brussels sprouts","Spain","ES",0.0558,0.07,"01212"
"A.02.04.003","Brussels sprouts","United Kingdom of Great Britain and Northern Ireland","GB",0.1215,0.07,"01212"
"A.02.04.003","Brussels sprouts","Ireland","IE",0.7129,0.07,"01212"
"A.02.04.003","Brussels sprouts","Netherlands (Kingdom of the)","NL",0.0994,0.07,"01212"
"A.02.04.003","Brussels sprouts","Poland","PL",0.0104,0.07,"01212"
"A.02.04.004","Head cabbages","Spain","ES",0.0558,0.07,"01212"
"A.02.04.004","Head cabbages","United Kingdom of Great Britain and Northern Ireland","GB",0.1215,0.07,"01212"
"A.02.04.004","Head cabbages","Ireland","IE",0.7129,0.07,"01212"
"A.02.04.004","Head cabbages","Netherlands (Kingdom of the)","NL",0.0994,0.07,"01212"
"A.02.04.004","Head cabbages","Poland","PL",0.0104,0.07,"01212"
"A.02.04.005","Chinese cabbages","Spain","ES",0.0558,0.07,"01212"
"A.02.04.005","Chinese cabbages","United Kingdom of Great Britain and Northern Ireland","GB",0.1215,0.07,"01212"
"A.02.04.005","Chinese cabbages","Ireland","IE",0.7129,0.07,"01212"
"A.02.04.005","Chinese cabbages","Netherlands (Kingdom of the)","NL",0.0994,0.07,"01212"
"A.02.04.005","Chinese cabbages","Poland","PL",0.0104,0.07,"01212"
"A.02.04.006","Kales and similar-","Spain","ES",0.0558,0.07,"01212"
"A.02.04.006","Kales and similar-","United Kingdom of Great Britain and Northern Ireland","GB",0.1215,0.07,"01212"
"A.02.04.006","Kales and similar-","Ireland","IE",0.7129,0.07,"01212"
"A.02.04.006","Kales and similar-","Netherlands (Kingdom of the)","NL",0.0994,0.07,"01212"
"A.02.04.006","Kales and similar-","Poland","PL",0.0104,0.07,"01212"
"A.02.04.007","Kohlrabies","Spain","ES",0.0558,0.07,"01212"
"A.02.04.007","Kohlrabies","United Kingdom of Great Britain and Northern Ireland","GB",0.1215,0.07,"01212"
"A.02.04.007","Kohlrabies","Ireland","IE",0.7129,0.07,"01212"
"A.02.04.007","Kohlrabies","Netherlands (Kingdom of the)","NL",0.0994,0.07,"01212"
"A.02.04.007","Kohlrabies","Poland","PL",0.0104,0.07,"01212"
"A.02.05.001","Lamb's lettuces","Germany","DE",0.0207,0.07,"01214"
"A.02.05.001","Lamb's lettuces","Spain","ES",0.4538,0.07,"01214"
"A.02.05.001","Lamb's lettuces","France","FR",0.0136,0.07,"01214"
"A.02.05.001","Lamb's lettuces","United Kingdom of Great Britain and Northern Ireland","GB",0.1148,0.07,"01214"
"A.02.05.001","Lamb's lettuces","Ireland","IE",0.2928,0.07,"01214"
"A.02.05.001","Lamb's lettuces","Italy","IT",0.044,0.07,"01214"
"A.02.05.001","Lamb's lettuces","Netherlands (Kingdom of the)","NL",0.0603,0.07,"01214"
"A.02.05.002","Head lettuces","Germany","DE",0.0207,0.07,"01214"
"A.02.05.002","Head lettuces","Spain","ES",0.4538,0.07,"01214"
"A.02.05.002","Head lettuces","France","FR",0.0136,0.07,"01214"
"A.02.05.002","Head lettuces","United Kingdom of Great Britain and Northern Ireland","GB",0.1148,0.07,"01214"
"A.02.05.002","Head lettuces","Ireland","IE",0.2928,0.07,"01214"
"A.02.05.002","Head lettuces","Italy","IT",0.044,0.07,"01214"
"A.02.05.002","Head lettuces","Netherlands (Kingdom of the)","NL",0.0603,0.07,"01214"
"A.02.05.003","Crisp lettuces","Germany","DE",0.0207,0.07,"01214"
"A.02.05.003","Crisp lettuces","Spain","ES",0.4538,0.07,"01214"
"A.02.05.003","Crisp lettuces","France","FR",0.0136,0.07,"01214"
"A.02.05.003","Crisp lettuces","United Kingdom of Great Britain and Northern Ireland","GB",0.1148,0.07,"01214"
"A.02.05.003","Crisp lettuces","Ireland","IE",0.2928,0.07,"01214"
"A.02.05.003","Crisp lettuces","Italy","IT",0.044,0.07,"01214"
"A.02.05.003","Crisp lettuces","Netherlands (Kingdom of the)","NL",0.0603,0.07,"01214"
"A.02.05.004","Escaroles","Germany","DE",0.0207,0.07,"01214"
"A.02.05.004","Escaroles","Spain","ES",0.4538,0.07,"01214"
"A.02.05.004","Escaroles","France","FR",0.0136,0.07,"01214"
"A.02.05.004","Escaroles","United Kingdom of Great Britain and Northern Ireland","GB",0.1148,0.07,"01214"
"A.02.05.004","Escaroles","Ireland","IE",0.2928,0.07,"01214"
"A.02.05.004","Escaroles","Italy","IT",0.044,0.07,"01214"
"A.02.05.004","Escaroles","Netherlands (Kingdom of the)","NL",0.0603,0.07,"01214"
"A.02.05.005","Cresses","Spain","ES",0.0558,0.07,"01212"
"A.02.05.005","Cresses","United Kingdom of Great Britain and Northern Ireland","GB",0.1215,0.07,"01212"
"A.02.05.005","Cresses","Ireland","IE",0.7129,0.07,"01212"
"A.02.05.005","Cresses","Netherlands (Kingdom of the)","NL",0.0994,0.07,"01212"
"A.02.05.005","Cresses","Poland","PL",0.0104,0.07,"01212"
"A.02.05.006","Land cresses","Spain","ES",0.0558,0.07,"01212"
"A.02.05.006","Land cresses","United Kingdom of Great Britain and Northern Ireland","GB",0.1215,0.07,"01212"
"A.02.05.006","Land cresses","Ireland","IE",0.7129,0.07,"01212"
"A.02.05.006","Land cresses","Netherlands (Kingdom of the)","NL",0.0994,0.07,"01212"
"A.02.05.006","Land cresses","Poland","PL",0.0104,0.07,"01212"
"A.02.05.007","Roman rocket","Spain","ES",0.0558,0.07,"01212"
"A.02.05.007","Roman rocket","United Kingdom of Great Britain and Northern Ireland","GB",0.1215,0.07,"01212"
"A.02.05.007","Roman rocket","Ireland","IE",0.7129,0.07,"01212"
"A.02.05.007","Roman rocket","Netherlands (Kingdom of the)","NL",0.0994,0.07,"01212"
"A.02.05.007","Roman rocket","Poland","PL",0.0104,0.07,"01212"
"A.02.05.010","Spinaches","Germany","DE",0.0116,0.07,"01215"
"A.02.05.010","Spinaches","Spain","ES",0.2456,0.07,"01215"
"A.02.05.010","Spinaches","France","FR",0.0332,0.07,"01215"
"A.02.05.010","Spinaches","Ireland","IE",0.6018,0.07,"01215"
"A.02.05.010","Spinaches","Italy","IT",0.10780000000000001,0.07,"01215"
"A.02.05.012","Purslanes","Germany","DE",0.0116,0.07,"01215"
"A.02.05.012","Purslanes","Spain","ES",0.2456,0.07,"01215"
"A.02.05.012","Purslanes","France","FR",0.0332,0.07,"01215"
"A.02.05.012","Purslanes","Ireland","IE",0.6018,0.07,"01215"
"A.02.05.012","Purslanes","Italy","IT",0.10780000000000001,0.07,"01215"
"A.02.05.013","Chards","Belgium","BE",0.0346,0.045,"01801"
"A.02.05.013","Chards","Belarus","BY",0.0383,0.045,"01801"
"A.02.05.013","Chards","Czechia","CZ",0.0126,0.045,"01801"
"A.02.05.013","Chards","Germany","DE",0.1099,0.045,"01801"
"A.02.05.013","Chards","Denmark","DK",0.0498,0.045,"01801"
"A.02.05.013","Chards","Egypt","EG",0.0379,0.045,"01801"
"A.02.05.013","Chards","France","FR",0.2619,0.045,"01801"
"A.02.05.013","Chards","United Kingdom of Great Britain and Northern Ireland","GB",0.0921,0.045,"01801"
"A.02.05.013","Chards","Lithuania","LT",0.0279,0.045,"01801"
"A.02.05.013","Chards","Netherlands (Kingdom of the)","NL",0.1118,0.045,"01801"
"A.02.05.013","Chards","Poland","PL",0.0248,0.045,"01801"
"A.02.05.013","Chards","Russian Federation","RU",0.0953,0.045,"01801"
"A.02.05.013","Chards","United States of America","US",0.1031,0.045,"01801"
"A.02.05.014","Grape leaves","China, mainland","CN",0.087,0.07,"01359.90"
"A.02.05.014","Grape leaves","Colombia","CO",0.0327,0.07,"01359.90"
"A.02.05.014","Grape leaves","Costa Rica","CR",0.0844,0.07,"01359.90"
"A.02.05.014","Grape leaves","Ecuador","EC",0.0663,0.07,"01359.90"
"A.02.05.014","Grape leaves","Egypt","EG",0.1428,0.07,"01359.90"
"A.02.05.014","Grape leaves","Guatemala","GT",0.0185,0.07,"01359.90"
"A.02.05.014","Grape leaves","India","IN",0.0732,0.07,"01359.90"
"A.02.05.014","Grape leaves","Morocco","MA",0.044,0.07,"01359.90"
"A.02.05.014","Grape leaves","Mexico","MX",0.0434,0.07,"01359.90"
"A.02.05.014","Grape leaves","Peru","PE",0.0638,0.07,"01359.90"
"A.02.05.014","Grape leaves","Philippines","PH",0.0365,0.07,"01359.90"
"A.02.05.014","Grape leaves","Serbia","RS",0.0448,0.07,"01359.90"
"A.02.05.014","Grape leaves","Thailand","TH",0.0493,0.07,"01359.90"
"A.02.05.014","Grape leaves","Türkiye","TR",0.1344,0.07,"01359.90"
"A.02.05.014","Grape leaves","Viet Nam","VN",0.0556,0.07,"01359.90"
"A.02.05.014","Grape leaves","South Africa","ZA",0.0235,0.07,"01359.90"
"A.02.05.015","Watercresses","Spain","ES",0.0558,0.07,"01212"
"A.02.05.015","Watercresses","United Kingdom of Great Britain and Northern Ireland","GB",0.1215,0.07,"01212"
"A.02.05.015","Watercresses","Ireland","IE",0.7129,0.07,"01212"
"A.02.05.015","Watercresses","Netherlands (Kingdom of the)","NL",0.0994,0.07,"01212"
"A.02.05.015","Watercresses","Poland","PL",0.0104,0.07,"01212"
"A.02.05.016","Witloofs","Germany","DE",0.0207,0.07,"01214"
"A.02.05.016","Witloofs","Spain","ES",0.4538,0.07,"01214"
"A.02.05.016","Witloofs","France","FR",0.0136,0.07,"01214"
"A.02.05.016","Witloofs","United Kingdom of Great Britain and Northern Ireland","GB",0.1148,0.07,"01214"
"A.02.05.016","Witloofs","Ireland","IE",0.2928,0.07,"01214"
"A.02.05.016","Witloofs","Italy","IT",0.044,0.07,"01214"
"A.02.05.016","Witloofs","Netherlands (Kingdom of the)","NL",0.0603,0.07,"01214"
"A.02.05.017","Oraches leaves","China, mainland","CN",0.087,0.07,"01359.90"
"A.02.05.017","Oraches leaves","Colombia","CO",0.0327,0.07,"01359.90"
"A.02.05.017","Oraches leaves","Costa Rica","CR",0.0844,0.07,"01359.90"
"A.02.05.017","Oraches leaves","Ecuador","EC",0.0663,0.07,"01359.90"
"A.02.05.017","Oraches leaves","Egypt","EG",0.1428,0.07,"01359.90"
"A.02.05.017","Oraches leaves","Guatemala","GT",0.0185,0.07,"01359.90"
"A.02.05.017","Oraches leaves","India","IN",0.0732,0.07,"01359.90"
"A.02.05.017","Oraches leaves","Morocco","MA",0.044,0.07,"01359.90"
"A.02.05.017","Oraches leaves","Mexico","MX",0.0434,0.07,"01359.90"
"A.02.05.017","Oraches leaves","Peru","PE",0.0638,0.07,"01359.90"
"A.02.05.017","Oraches leaves","Philippines","PH",0.0365,0.07,"01359.90"
"A.02.05.017","Oraches leaves","Serbia","RS",0.0448,0.07,"01359.90"
"A.02.05.017","Oraches leaves","Thailand","TH",0.0493,0.07,"01359.90"
"A.02.05.017","Oraches leaves","Türkiye","TR",0.1344,0.07,"01359.90"
"A.02.05.017","Oraches leaves","Viet Nam","VN",0.0556,0.07,"01359.90"
"A.02.05.017","Oraches leaves","South Africa","ZA",0.0235,0.07,"01359.90"
"A.02.05.019","Dandelions","Argentina","AR",0.2511,0.06,"01445"
"A.02.05.019","Dandelions","Bulgaria","BG",0.0556,0.06,"01445"
"A.02.05.019","Dandelions","Spain","ES",0.0435,0.06,"01445"
"A.02.05.019","Dandelions","France","FR",0.1423,0.06,"01445"
"A.02.05.019","Dandelions","Hungary","HU",0.0333,0.06,"01445"
"A.02.05.019","Dandelions","Republic of Moldova","MD",0.0193,0.06,"01445"
"A.02.05.019","Dandelions","Romania","RO",0.1059,0.06,"01445"
"A.02.05.019","Dandelions","Russian Federation","RU",0.1421,0.06,"01445"
"A.02.05.019","Dandelions","Ukraine","UA",0.207,0.06,"01445"
"A.02.05.020","Common nettle","Germany","DE",0.0116,0.07,"01215"
"A.02.05.020","Common nettle","Spain","ES",0.2456,0.07,"01215"
"A.02.05.020","Common nettle","France","FR",0.0332,0.07,"01215"
"A.02.05.020","Common nettle","Ireland","IE",0.6018,0.07,"01215"
"A.02.05.020","Common nettle","Italy","IT",0.10780000000000001,0.07,"01215"
"A.02.05.021","Garden sorrel","Germany","DE",0.0116,0.07,"01215"
"A.02.05.021","Garden sorrel","Spain","ES",0.2456,0.07,"01215"
"A.02.05.021","Garden sorrel","France","FR",0.0332,0.07,"01215"
"A.02.05.021","Garden sorrel","Ireland","IE",0.6018,0.07,"01215"
"A.02.05.021","Garden sorrel","Italy","IT",0.10780000000000001,0.07,"01215"
"A.02.05.022","Alfalfa sprouts","Argentina","AR",0.0755,0.06,"01709.90"
"A.02.05.022","Alfalfa sprouts","Brazil","BR",0.0241,0.06,"01709.90"
"A.02.05.022","Alfalfa sprouts","Canada","CA",0.5559,0.06,"01709.90"
"A.02.05.022","Alfalfa sprouts","China, mainland","CN",0.0297,0.06,"01709.90"
"A.02.05.022","Alfalfa sprouts","Ethiopia","ET",0.0157,0.06,"01709.90"
"A.02.05.022","Alfalfa sprouts","India","IN",0.0512,0.06,"01709.90"
"A.02.05.022","Alfalfa sprouts","Myanmar","MM",0.1004,0.06,"01709.90"
"A.02.05.022","Alfalfa sprouts","Niger","NE",0.0128,0.06,"01709.90"
"A.02.05.022","Alfalfa sprouts","Ukraine","UA",0.0147,0.06,"01709.90"
"A.02.05.022","Alfalfa sprouts","United States of America","US",0.1201,0.06,"01709.90"
"A.02.06.001","Beans (with pods) and similar-","Argentina","AR",0.0755,0.06,"01701"
"A.02.06.001","Beans (with pods) and similar-","Brazil","BR",0.0241,0.06,"01701"
"A.02.06.001","Beans (with pods) and similar-","Canada","CA",0.5559,0.06,"01701"
"A.02.06.001","Beans (with pods) and similar-","China, mainland","CN",0.0297,0.06,"01701"
"A.02.06.001","Beans (with pods) and similar-","Ethiopia","ET",0.0157,0.06,"01701"
"A.02.06.001","Beans (with pods) and similar-","India","IN",0.0512,0.06,"01701"
"A.02.06.001","Beans (with pods) and similar-","Myanmar","MM",0.1004,0.06,"01701"
"A.02.06.001","Beans (with pods) and similar-","Niger","NE",0.0128,0.06,"01701"
"A.02.06.001","Beans (with pods) and similar-","Ukraine","UA",0.0147,0.06,"01701"
"A.02.06.001","Beans (with pods) and similar-","United States of America","US",0.1201,0.06,"01701"
"A.02.06.002","Peas (with pods) and similar-","United Kingdom of Great Britain and Northern Ireland","GB",0.2838,0.06,"01705"
"A.02.06.002","Peas (with pods) and similar-","Ireland","IE",0.7039,0.06,"01705"
"A.02.06.002","Peas (with pods) and similar-","Russian Federation","RU",0.0123,0.06,"01705"
"A.02.07.001","Asparagus","Spain","ES",0.1086,0.07,"01211"
"A.02.07.001","Asparagus","France","FR",0.0152,0.07,"01211"
"A.02.07.001","Asparagus","Mexico","MX",0.392,0.07,"01211"
"A.02.07.001","Asparagus","Netherlands (Kingdom of the)","NL",0.1345,0.07,"01211"
"A.02.07.001","Asparagus","Peru","PE",0.3068,0.07,"01211"
"A.02.07.001","Asparagus","United States of America","US",0.0429,0.07,"01211"
"A.02.07.002","Cardoons","Argentina","AR",0.2511,0.06,"01445"
"A.02.07.002","Cardoons","Bulgaria","BG",0.0556,0.06,"01445"
"A.02.07.002","Cardoons","Spain","ES",0.0435,0.06,"01445"
"A.02.07.002","Cardoons","France","FR",0.1423,0.06,"01445"
"A.02.07.002","Cardoons","Hungary","HU",0.0333,0.06,"01445"
"A.02.07.002","Cardoons","Republic of Moldova","MD",0.0193,0.06,"01445"
"A.02.07.002","Cardoons","Romania","RO",0.1059,0.06,"01445"
"A.02.07.002","Cardoons","Russian Federation","RU",0.1421,0.06,"01445"
"A.02.07.002","Cardoons","Ukraine","UA",0.207,0.06,"01445"
"A.02.07.003","Celeries","Spain","ES",0.0402,0.07,"01251"
"A.02.07.003","Celeries","France","FR",0.0193,0.07,"01251"
"A.02.07.003","Celeries","United Kingdom of Great Britain and Northern Ireland","GB",0.0634,0.07,"01251"
"A.02.07.003","Celeries","Ireland","IE",0.7594,0.07,"01251"
"A.02.07.003","Celeries","Israel","IL",0.0584,0.07,"01251"
"A.02.07.003","Celeries","Netherlands (Kingdom of the)","NL",0.0593,0.07,"01251"
"A.02.07.004","Florence fennels","Spain","ES",0.0402,0.07,"01251"
"A.02.07.004","Florence fennels","France","FR",0.0193,0.07,"01251"
"A.02.07.004","Florence fennels","United Kingdom of Great Britain and Northern Ireland","GB",0.0634,0.07,"01251"
"A.02.07.004","Florence fennels","Ireland","IE",0.7594,0.07,"01251"
"A.02.07.004","Florence fennels","Israel","IL",0.0584,0.07,"01251"
"A.02.07.004","Florence fennels","Netherlands (Kingdom of the)","NL",0.0593,0.07,"01251"
"A.02.07.005","Globe artichokes","Spain","ES",0.6404,0.07,"01216"
"A.02.07.005","Globe artichokes","France","FR",0.2738,0.07,"01216"
"A.02.07.005","Globe artichokes","Italy","IT",0.0858,0.07,"01216"
"A.02.07.006","Leeks","Belgium","BE",0.0104,0.07,"01254"
"A.02.07.006","Leeks","Spain","ES",0.0186,0.07,"01254"
"A.02.07.006","Leeks","France","FR",0.0151,0.07,"01254"
"A.02.07.006","Leeks","United Kingdom of Great Britain and Northern Ireland","GB",0.0272,0.07,"01254"
"A.02.07.006","Leeks","Ireland","IE",0.7003,0.07,"01254"
"A.02.07.006","Leeks","Mexico","MX",0.088,0.07,"01254"
"A.02.07.006","Leeks","Netherlands (Kingdom of the)","NL",0.1405,0.07,"01254"
"A.02.07.007","Rhubarbs","Belgium","BE",0.0346,0.045,"01801"
"A.02.07.007","Rhubarbs","Belarus","BY",0.0383,0.045,"01801"
"A.02.07.007","Rhubarbs","Czechia","CZ",0.0126,0.045,"01801"
"A.02.07.007","Rhubarbs","Germany","DE",0.1099,0.045,"01801"
"A.02.07.007","Rhubarbs","Denmark","DK",0.0498,0.045,"01801"
"A.02.07.007","Rhubarbs","Egypt","EG",0.0379,0.045,"01801"
"A.02.07.007","Rhubarbs","France","FR",0.2619,0.045,"01801"
"A.02.07.007","Rhubarbs","United Kingdom of Great Britain and Northern Ireland","GB",0.0921,0.045,"01801"
"A.02.07.007","Rhubarbs","Lithuania","LT",0.0279,0.045,"01801"
"A.02.07.007","Rhubarbs","Netherlands (Kingdom of the)","NL",0.1118,0.045,"01801"
"A.02.07.007","Rhubarbs","Poland","PL",0.0248,0.045,"01801"
"A.02.07.007","Rhubarbs","Russian Federation","RU",0.0953,0.045,"01801"
"A.02.07.007","Rhubarbs","United States of America","US",0.1031,0.045,"01801"
"A.02.07.008","Bamboo shoots","China, mainland","CN",0.087,0.07,"01359.90"
"A.02.07.008","Bamboo shoots","Colombia","CO",0.0327,0.07,"01359.90"
"A.02.07.008","Bamboo shoots","Costa Rica","CR",0.0844,0.07,"01359.90"
"A.02.07.008","Bamboo shoots","Ecuador","EC",0.0663,0.07,"01359.90"
"A.02.07.008","Bamboo shoots","Egypt","EG",0.1428,0.07,"01359.90"
"A.02.07.008","Bamboo shoots","Guatemala","GT",0.0185,0.07,"01359.90"
"A.02.07.008","Bamboo shoots","India","IN",0.0732,0.07,"01359.90"
"A.02.07.008","Bamboo shoots","Morocco","MA",0.044,0.07,"01359.90"
"A.02.07.008","Bamboo shoots","Mexico","MX",0.0434,0.07,"01359.90"
"A.02.07.008","Bamboo shoots","Peru","PE",0.0638,0.07,"01359.90"
"A.02.07.008","Bamboo shoots","Philippines","PH",0.0365,0.07,"01359.90"
"A.02.07.008","Bamboo shoots","Serbia","RS",0.0448,0.07,"01359.90"
"A.02.07.008","Bamboo shoots","Thailand","TH",0.0493,0.07,"01359.90"
"A.02.07.008","Bamboo shoots","Türkiye","TR",0.1344,0.07,"01359.90"
"A.02.07.008","Bamboo shoots","Viet Nam","VN",0.0556,0.07,"01359.90"
"A.02.07.008","Bamboo shoots","South Africa","ZA",0.0235,0.07,"01359.90"
"A.02.07.009","Palm hearts","China, mainland","CN",0.087,0.07,"01359.90"
"A.02.07.009","Palm hearts","Colombia","CO",0.0327,0.07,"01359.90"
"A.02.07.009","Palm hearts","Costa Rica","CR",0.0844,0.07,"01359.90"
"A.02.07.009","Palm hearts","Ecuador","EC",0.0663,0.07,"01359.90"
"A.02.07.009","Palm hearts","Egypt","EG",0.1428,0.07,"01359.90"
"A.02.07.009","Palm hearts","Guatemala","GT",0.0185,0.07,"01359.90"
"A.02.07.009","Palm hearts","India","IN",0.0732,0.07,"01359.90"
"A.02.07.009","Palm hearts","Morocco","MA",0.044,0.07,"01359.90"
"A.02.07.009","Palm hearts","Mexico","MX",0.0434,0.07,"01359.90"
"A.02.07.009","Palm hearts","Peru","PE",0.0638,0.07,"01359.90"
"A.02.07.009","Palm hearts","Philippines","PH",0.0365,0.07,"01359.90"
"A.02.07.009","Palm hearts","Serbia","RS",0.0448,0.07,"01359.90"
"A.02.07.009","Palm hearts","Thailand","TH",0.0493,0.07,"01359.90"
"A.02.07.009","Palm hearts","Türkiye","TR",0.1344,0.07,"01359.90"
"A.02.07.009","Palm hearts","Viet Nam","VN",0.0556,0.07,"01359.90"
"A.02.07.009","Palm hearts","South Africa","ZA",0.0235,0.07,"01359.90"
"A.02.08.001","Sugar beet (root) (Beta vulgaris)","Belgium","BE",0.0346,0.045,"01801"
"A.02.08.001","Sugar beet (root) (Beta vulgaris)","Belarus","BY",0.0383,0.045,"01801"
"A.02.08.001","Sugar beet (root) (Beta vulgaris)","Czechia","CZ",0.0126,0.045,"01801"
"A.02.08.001","Sugar beet (root) (Beta vulgaris)","Germany","DE",0.1099,0.045,"01801"
"A.02.08.001","Sugar beet (root) (Beta vulgaris)","Denmark","DK",0.0498,0.045,"01801"
"A.02.08.001","Sugar beet (root) (Beta vulgaris)","Egypt","EG",0.0379,0.045,"01801"
"A.02.08.001","Sugar beet (root) (Beta vulgaris)","France","FR",0.2619,0.045,"01801"
"A.02.08.001","Sugar beet (root) (Beta vulgaris)","United Kingdom of Great Britain and Northern Ireland","GB",0.0921,0.045,"01801"
"A.02.08.001","Sugar beet (root) (Beta vulgaris)","Lithuania","LT",0.0279,0.045,"01801"
"A.02.08.001","Sugar beet (root) (Beta vulgaris)","Netherlands (Kingdom of the)","NL",0.1118,0.045,"01801"
"A.02.08.001","Sugar beet (root) (Beta vulgaris)","Poland","PL",0.0248,0.045,"01801"
"A.02.08.001","Sugar beet (root) (Beta vulgaris)","Russian Federation","RU",0.0953,0.045,"01801"
"A.02.08.001","Sugar beet (root) (Beta vulgaris)","United States of America","US",0.1031,0.045,"01801"
"A.02.08.002","Sugar cane (Saccharum officinarum)","Brazil","BR",0.1962,0.045,"01802"
"A.02.08.002","Sugar cane (Saccharum officinarum)","Egypt","EG",0.0533,0.045,"01802"
"A.02.08.002","Sugar cane (Saccharum officinarum)","Guatemala","GT",0.0152,0.045,"01802"
"A.02.08.002","Sugar cane (Saccharum officinarum)","Honduras","HN",0.0123,0.045,"01802"
"A.02.08.002","Sugar cane (Saccharum officinarum)","India","IN",0.2913,0.045,"01802"
"A.02.08.002","Sugar cane (Saccharum officinarum)","Mexico","MX",0.0308,0.045,"01802"
"A.02.08.002","Sugar cane (Saccharum officinarum)","Mozambique","MZ",0.0494,0.045,"01802"
"A.02.08.002","Sugar cane (Saccharum officinarum)","Pakistan","PK",0.2088,0.045,"01802"
"A.02.08.002","Sugar cane (Saccharum officinarum)","El Salvador","SV",0.0263,0.045,"01802"
"A.02.08.002","Sugar cane (Saccharum officinarum)","United States of America","US",0.1164,0.045,"01802"
"A.02.08.003","Chicory roots","Bolivia (Plurinational State of)","BO",0.0455,0.24,"01599.10"
"A.02.08.003","Chicory roots","Côte d'Ivoire","CI",0.075,0.24,"01599.10"
"A.02.08.003","Chicory roots","Cameroon","CM",0.0222,0.24,"01599.10"
"A.02.08.003","Chicory roots","China, mainland","CN",0.1777,0.24,"01599.10"
"A.02.08.003","Chicory roots","Costa Rica","CR",0.0378,0.24,"01599.10"
"A.02.08.003","Chicory roots","Egypt","EG",0.0145,0.24,"01599.10"
"A.02.08.003","Chicory roots","Ghana","GH",0.1048,0.24,"01599.10"
"A.02.08.003","Chicory roots","Honduras","HN",0.236,0.24,"01599.10"
"A.02.08.003","Chicory roots","Indonesia","ID",0.0506,0.24,"01599.10"
"A.02.08.003","Chicory roots","Kenya","KE",0.0153,0.24,"01599.10"
"A.02.08.003","Chicory roots","Sri Lanka","LK",0.0187,0.24,"01599.10"
"A.02.08.003","Chicory roots","Mexico","MX",0.0126,0.24,"01599.10"
"A.02.08.003","Chicory roots","Peru","PE",0.0756,0.24,"01599.10"
"A.02.08.003","Chicory roots","Pakistan","PK",0.0104,0.24,"01599.10"
"A.02.08.003","Chicory roots","Togo","TG",0.0418,0.24,"01599.10"
"A.02.08.003","Chicory roots","Thailand","TH",0.0613,0.24,"01599.10"
"A.02.09.001","Carrageen mosses","Bangladesh","BD",0.0119,0.07,"01699"
"A.02.09.001","Carrageen mosses","China, mainland","CN",0.0264,0.07,"01699"
"A.02.09.001","Carrageen mosses","Indonesia","ID",0.0182,0.07,"01699"
"A.02.09.001","Carrageen mosses","India","IN",0.6555,0.07,"01699"
"A.02.09.001","Carrageen mosses","Kenya","KE",0.0114,0.07,"01699"
"A.02.09.001","Carrageen mosses","Nigeria","NG",0.0166,0.07,"01699"
"A.02.09.001","Carrageen mosses","Peru","PE",0.0261,0.07,"01699"
"A.02.09.001","Carrageen mosses","Pakistan","PK",0.1021,0.07,"01699"
"A.02.09.001","Carrageen mosses","Syrian Arab Republic","SY",0.0231,0.07,"01699"
"A.02.09.001","Carrageen mosses","Thailand","TH",0.0187,0.07,"01699"
"A.02.09.001","Carrageen mosses","Türkiye","TR",0.0901,0.07,"01699"
"A.02.09.001.001","Kombu","Bangladesh","BD",0.0119,0.07,"01699"
"A.02.09.001.001","Kombu","China, mainland","CN",0.0264,0.07,"01699"
"A.02.09.001.001","Kombu","Indonesia","ID",0.0182,0.07,"01699"
"A.02.09.001.001","Kombu","India","IN",0.6555,0.07,"01699"
"A.02.09.001.001","Kombu","Kenya","KE",0.0114,0.07,"01699"
"A.02.09.001.001","Kombu","Nigeria","NG",0.0166,0.07,"01699"
"A.02.09.001.001","Kombu","Peru","PE",0.0261,0.07,"01699"
"A.02.09.001.001","Kombu","Pakistan","PK",0.1021,0.07,"01699"
"A.02.09.001.001","Kombu","Syrian Arab Republic","SY",0.0231,0.07,"01699"
"A.02.09.001.001","Kombu","Thailand","TH",0.0187,0.07,"01699"
"A.02.09.001.001","Kombu","Türkiye","TR",0.0901,0.07,"01699"
"A.02.09.001.002","Laver","Bangladesh","BD",0.0119,0.07,"01699"
"A.02.09.001.002","Laver","China, mainland","CN",0.0264,0.07,"01699"
"A.02.09.001.002","Laver","Indonesia","ID",0.0182,0.07,"01699"
"A.02.09.001.002","Laver","India","IN",0.6555,0.07,"01699"
"A.02.09.001.002","Laver","Kenya","KE",0.0114,0.07,"01699"
"A.02.09.001.002","Laver","Nigeria","NG",0.0166,0.07,"01699"
"A.02.09.001.002","Laver","Peru","PE",0.0261,0.07,"01699"
"A.02.09.001.002","Laver","Pakistan","PK",0.1021,0.07,"01699"
"A.02.09.001.002","Laver","Syrian Arab Republic","SY",0.0231,0.07,"01699"
"A.02.09.001.002","Laver","Thailand","TH",0.0187,0.07,"01699"
"A.02.09.001.002","Laver","Türkiye","TR",0.0901,0.07,"01699"
"A.02.09.001.003","Wakame","Bangladesh","BD",0.0119,0.07,"01699"
"A.02.09.001.003","Wakame","China, mainland","CN",0.0264,0.07,"01699"
"A.02.09.001.003","Wakame","Indonesia","ID",0.0182,0.07,"01699"
"A.02.09.001.003","Wakame","India","IN",0.6555,0.07,"01699"
"A.02.09.001.003","Wakame","Kenya","KE",0.0114,0.07,"01699"
"A.02.09.001.003","Wakame","Nigeria","NG",0.0166,0.07,"01699"
"A.02.09.001.003","Wakame","Peru","PE",0.0261,0.07,"01699"
"A.02.09.001.003","Wakame","Pakistan","PK",0.1021,0.07,"01699"
"A.02.09.001.003","Wakame","Syrian Arab Republic","SY",0.0231,0.07,"01699"
"A.02.09.001.003","Wakame","Thailand","TH",0.0187,0.07,"01699"
"A.02.09.001.003","Wakame","Türkiye","TR",0.0901,0.07,"01699"
"A.02.10.001","Teas  and similar-","Bangladesh","BD",0.0119,0.07,"01699"
"A.02.10.001","Teas  and similar-","China, mainland","CN",0.0264,0.07,"01699"
"A.02.10.001","Teas  and similar-","Indonesia","ID",0.0182,0.07,"01699"
"A.02.10.001","Teas  and similar-","India","IN",0.6555,0.07,"01699"
"A.02.10.001","Teas  and similar-","Kenya","KE",0.0114,0.07,"01699"
"A.02.10.001","Teas  and similar-","Nigeria","NG",0.0166,0.07,"01699"
"A.02.10.001","Teas  and similar-","Peru","PE",0.0261,0.07,"01699"
"A.02.10.001","Teas  and similar-","Pakistan","PK",0.1021,0.07,"01699"
"A.02.10.001","Teas  and similar-","Syrian Arab Republic","SY",0.0231,0.07,"01699"
"A.02.10.001","Teas  and similar-","Thailand","TH",0.0187,0.07,"01699"
"A.02.10.001","Teas  and similar-","Türkiye","TR",0.0901,0.07,"01699"
"A.02.10.002","Tea (dried leaves and stalks, fermented or otherwise of Camellia sinensis), decaffeinated","Argentina","AR",0.0243,0.07,"01620"
"A.02.10.002","Tea (dried leaves and stalks, fermented or otherwise of Camellia sinensis), decaffeinated","China, mainland","CN",0.0579,0.07,"01620"
"A.02.10.002","Tea (dried leaves and stalks, fermented or otherwise of Camellia sinensis), decaffeinated","India","IN",0.1704,0.07,"01620"
"A.02.10.002","Tea (dried leaves and stalks, fermented or otherwise of Camellia sinensis), decaffeinated","Kenya","KE",0.5036,0.07,"01620"
"A.02.10.002","Tea (dried leaves and stalks, fermented or otherwise of Camellia sinensis), decaffeinated","Sri Lanka","LK",0.1853,0.07,"01620"
"A.02.10.002","Tea (dried leaves and stalks, fermented or otherwise of Camellia sinensis), decaffeinated","Malawi","MW",0.0328,0.07,"01620"
"A.02.10.002","Tea (dried leaves and stalks, fermented or otherwise of Camellia sinensis), decaffeinated","Rwanda","RW",0.0135,0.07,"01620"
"A.02.10.002","Tea (dried leaves and stalks, fermented or otherwise of Camellia sinensis), decaffeinated","United Republic of Tanzania","TZ",0.012,0.07,"01620"
"A.02.10.004","Mints","Bangladesh","BD",0.0119,0.07,"01699"
"A.02.10.004","Mints","China, mainland","CN",0.0264,0.07,"01699"
"A.02.10.004","Mints","Indonesia","ID",0.0182,0.07,"01699"
"A.02.10.004","Mints","India","IN",0.6555,0.07,"01699"
"A.02.10.004","Mints","Kenya","KE",0.0114,0.07,"01699"
"A.02.10.004","Mints","Nigeria","NG",0.0166,0.07,"01699"
"A.02.10.004","Mints","Peru","PE",0.0261,0.07,"01699"
"A.02.10.004","Mints","Pakistan","PK",0.1021,0.07,"01699"
"A.02.10.004","Mints","Syrian Arab Republic","SY",0.0231,0.07,"01699"
"A.02.10.004","Mints","Thailand","TH",0.0187,0.07,"01699"
"A.02.10.004","Mints","Türkiye","TR",0.0901,0.07,"01699"
"A.02.10.009","Strawberry infusion leaves","Bangladesh","BD",0.0119,0.07,"01699"
"A.02.10.009","Strawberry infusion leaves","China, mainland","CN",0.0264,0.07,"01699"
"A.02.10.009","Strawberry infusion leaves","Indonesia","ID",0.0182,0.07,"01699"
"A.02.10.009","Strawberry infusion leaves","India","IN",0.6555,0.07,"01699"
"A.02.10.009","Strawberry infusion leaves","Kenya","KE",0.0114,0.07,"01699"
"A.02.10.009","Strawberry infusion leaves","Nigeria","NG",0.0166,0.07,"01699"
"A.02.10.009","Strawberry infusion leaves","Peru","PE",0.0261,0.07,"01699"
"A.02.10.009","Strawberry infusion leaves","Pakistan","PK",0.1021,0.07,"01699"
"A.02.10.009","Strawberry infusion leaves","Syrian Arab Republic","SY",0.0231,0.07,"01699"
"A.02.10.009","Strawberry infusion leaves","Thailand","TH",0.0187,0.07,"01699"
"A.02.10.009","Strawberry infusion leaves","Türkiye","TR",0.0901,0.07,"01699"
"A.02.10.011","Maté (Ilex paraguariensis)","Argentina","AR",0.4504,0.07,"01630"
"A.02.10.011","Maté (Ilex paraguariensis)","Brazil","BR",0.4089,0.07,"01630"
"A.02.10.011","Maté (Ilex paraguariensis)","Paraguay","PY",0.1408,0.07,"01630"
"A.02.10.013","Ginseng infusion roots","Bangladesh","BD",0.0119,0.07,"01699"
"A.02.10.013","Ginseng infusion roots","China, mainland","CN",0.0264,0.07,"01699"
"A.02.10.013","Ginseng infusion roots","Indonesia","ID",0.0182,0.07,"01699"
"A.02.10.013","Ginseng infusion roots","India","IN",0.6555,0.07,"01699"
"A.02.10.013","Ginseng infusion roots","Kenya","KE",0.0114,0.07,"01699"
"A.02.10.013","Ginseng infusion roots","Nigeria","NG",0.0166,0.07,"01699"
"A.02.10.013","Ginseng infusion roots","Peru","PE",0.0261,0.07,"01699"
"A.02.10.013","Ginseng infusion roots","Pakistan","PK",0.1021,0.07,"01699"
"A.02.10.013","Ginseng infusion roots","Syrian Arab Republic","SY",0.0231,0.07,"01699"
"A.02.10.013","Ginseng infusion roots","Thailand","TH",0.0187,0.07,"01699"
"A.02.10.013","Ginseng infusion roots","Türkiye","TR",0.0901,0.07,"01699"
"A.02.11.001","Cocoa beans (fermented beans) (Theobroma cacao)","Côte d'Ivoire","CI",0.6158,0.07,"01640"
"A.02.11.001","Cocoa beans (fermented beans) (Theobroma cacao)","Cameroon","CM",0.0883,0.07,"01640"
"A.02.11.001","Cocoa beans (fermented beans) (Theobroma cacao)","Dominican Republic","DO",0.0106,0.07,"01640"
"A.02.11.001","Cocoa beans (fermented beans) (Theobroma cacao)","Ecuador","EC",0.0337,0.07,"01640"
"A.02.11.001","Cocoa beans (fermented beans) (Theobroma cacao)","Ghana","GH",0.1525,0.07,"01640"
"A.02.11.001","Cocoa beans (fermented beans) (Theobroma cacao)","Guinea","GN",0.0108,0.07,"01640"
"A.02.11.001","Cocoa beans (fermented beans) (Theobroma cacao)","Indonesia","ID",0.0124,0.07,"01640"
"A.02.11.001","Cocoa beans (fermented beans) (Theobroma cacao)","Nigeria","NG",0.0641,0.07,"01640"
"A.02.11.001","Cocoa beans (fermented beans) (Theobroma cacao)","Peru","PE",0.0119,0.07,"01640"
"A.02.12.001","Coffee beans, green","Brazil","BR",0.3965,0.07,"01610"
"A.02.12.001","Coffee beans, green","Colombia","CO",0.0747,0.07,"01610"
"A.02.12.001","Coffee beans, green","Ethiopia","ET",0.0219,0.07,"01610"
"A.02.12.001","Coffee beans, green","Guatemala","GT",0.0182,0.07,"01610"
"A.02.12.001","Coffee beans, green","Honduras","HN",0.0681,0.07,"01610"
"A.02.12.001","Coffee beans, green","Indonesia","ID",0.0489,0.07,"01610"
"A.02.12.001","Coffee beans, green","India","IN",0.0257,0.07,"01610"
"A.02.12.001","Coffee beans, green","Kenya","KE",0.0113,0.07,"01610"
"A.02.12.001","Coffee beans, green","Mexico","MX",0.0135,0.07,"01610"
"A.02.12.001","Coffee beans, green","Nicaragua","NI",0.0225,0.07,"01610"
"A.02.12.001","Coffee beans, green","Peru","PE",0.0636,0.07,"01610"
"A.02.12.001","Coffee beans, green","United Republic of Tanzania","TZ",0.012,0.07,"01610"
"A.02.12.001","Coffee beans, green","Uganda","UG",0.0332,0.07,"01610"
"A.02.12.001","Coffee beans, green","Viet Nam","VN",0.1897,0.07,"01610"
"A.02.14.012","Hops (dried), including hop pellets and unconcentrated powder (Humulus lupulus)","Rest of World","RoW",1,0,"MI-01"
"A.02.15.001","Cultivated mushroom (syn. Button mushroom) (Agaricus bisporus)","Rest of World","RoW",1,0,"MI-51"
"A.02.15.002","Oyster mushroom (Pleurotus ostreatus)","United Kingdom of Great Britain and Northern Ireland","GB",0.0452,0.07,"01270"
"A.02.15.002","Oyster mushroom (Pleurotus ostreatus)","Ireland","IE",0.9233,0.07,"01270"
"A.02.15.002","Oyster mushroom (Pleurotus ostreatus)","Poland","PL",0.0315,0.07,"01270"
"A.02.15.003","Shiitake","United Kingdom of Great Britain and Northern Ireland","GB",0.0452,0.07,"01270"
"A.02.15.003","Shiitake","Ireland","IE",0.9233,0.07,"01270"
"A.02.15.003","Shiitake","Poland","PL",0.0315,0.07,"01270"
"A.02.16.002","Honey mushroom (Armillaria mellea)","Rest of World","RoW",1,0,"MI-52"
"A.02.16.003","Boletus (Boletus (and other) spp.)","Rest of World","RoW",1,0,"MI-53"
"A.02.16.004","Truffle (Tuber spp.)","Rest of World","RoW",1,0,"MI-54"
"A.02.16.005","Morel (Morchella esculanta)","Rest of World","RoW",1,0,"MI-55"
"A.02.16.006","Cantharelle (Cantharellus cibarius)","Rest of World","RoW",1,0,"MI-56"
"A.02.16.007","Orange agaric (Lactarius deliciosus)","Rest of World","RoW",1,0,"MI-57"
"A.03.01.001","New potatoes","Belgium","BE",0.075,0.24,"01510"
"A.03.01.001","New potatoes","Germany","DE",0.0423,0.24,"01510"
"A.03.01.001","New potatoes","France","FR",0.0468,0.24,"01510"
"A.03.01.001","New potatoes","United Kingdom of Great Britain and Northern Ireland","GB",0.1279,0.24,"01510"
"A.03.01.001","New potatoes","Ireland","IE",0.6068,0.24,"01510"
"A.03.01.001","New potatoes","Netherlands (Kingdom of the)","NL",0.1013,0.24,"01510"
"A.03.01.002","Main-crop potatoes","Belgium","BE",0.075,0.24,"01510"
"A.03.01.002","Main-crop potatoes","Germany","DE",0.0423,0.24,"01510"
"A.03.01.002","Main-crop potatoes","France","FR",0.0468,0.24,"01510"
"A.03.01.002","Main-crop potatoes","United Kingdom of Great Britain and Northern Ireland","GB",0.1279,0.24,"01510"
"A.03.01.002","Main-crop potatoes","Ireland","IE",0.6068,0.24,"01510"
"A.03.01.002","Main-crop potatoes","Netherlands (Kingdom of the)","NL",0.1013,0.24,"01510"
"A.03.02.001","Sweet potatoes","China, mainland","CN",0.0556,0.24,"01530"
"A.03.02.001","Sweet potatoes","Egypt","EG",0.2513,0.24,"01530"
"A.03.02.001","Sweet potatoes","United States of America","US",0.6931,0.24,"01530"
"A.03.02.002","Cassava roots","Bolivia (Plurinational State of)","BO",0.0455,0.24,"01599.10"
"A.03.02.002","Cassava roots","Côte d'Ivoire","CI",0.075,0.24,"01599.10"
"A.03.02.002","Cassava roots","Cameroon","CM",0.0222,0.24,"01599.10"
"A.03.02.002","Cassava roots","China, mainland","CN",0.1777,0.24,"01599.10"
"A.03.02.002","Cassava roots","Costa Rica","CR",0.0378,0.24,"01599.10"
"A.03.02.002","Cassava roots","Egypt","EG",0.0145,0.24,"01599.10"
"A.03.02.002","Cassava roots","Ghana","GH",0.1048,0.24,"01599.10"
"A.03.02.002","Cassava roots","Honduras","HN",0.236,0.24,"01599.10"
"A.03.02.002","Cassava roots","Indonesia","ID",0.0506,0.24,"01599.10"
"A.03.02.002","Cassava roots","Kenya","KE",0.0153,0.24,"01599.10"
"A.03.02.002","Cassava roots","Sri Lanka","LK",0.0187,0.24,"01599.10"
"A.03.02.002","Cassava roots","Mexico","MX",0.0126,0.24,"01599.10"
"A.03.02.002","Cassava roots","Peru","PE",0.0756,0.24,"01599.10"
"A.03.02.002","Cassava roots","Pakistan","PK",0.0104,0.24,"01599.10"
"A.03.02.002","Cassava roots","Togo","TG",0.0418,0.24,"01599.10"
"A.03.02.002","Cassava roots","Thailand","TH",0.0613,0.24,"01599.10"
"A.03.02.004","Yams","Bolivia (Plurinational State of)","BO",0.0455,0.24,"01599.10"
"A.03.02.004","Yams","Côte d'Ivoire","CI",0.075,0.24,"01599.10"
"A.03.02.004","Yams","Cameroon","CM",0.0222,0.24,"01599.10"
"A.03.02.004","Yams","China, mainland","CN",0.1777,0.24,"01599.10"
"A.03.02.004","Yams","Costa Rica","CR",0.0378,0.24,"01599.10"
"A.03.02.004","Yams","Egypt","EG",0.0145,0.24,"01599.10"
"A.03.02.004","Yams","Ghana","GH",0.1048,0.24,"01599.10"
"A.03.02.004","Yams","Honduras","HN",0.236,0.24,"01599.10"
"A.03.02.004","Yams","Indonesia","ID",0.0506,0.24,"01599.10"
"A.03.02.004","Yams","Kenya","KE",0.0153,0.24,"01599.10"
"A.03.02.004","Yams","Sri Lanka","LK",0.0187,0.24,"01599.10"
"A.03.02.004","Yams","Mexico","MX",0.0126,0.24,"01599.10"
"A.03.02.004","Yams","Peru","PE",0.0756,0.24,"01599.10"
"A.03.02.004","Yams","Pakistan","PK",0.0104,0.24,"01599.10"
"A.03.02.004","Yams","Togo","TG",0.0418,0.24,"01599.10"
"A.03.02.004","Yams","Thailand","TH",0.0613,0.24,"01599.10"
"A.03.02.005","Jerusalem artichokes","Bolivia (Plurinational State of)","BO",0.0455,0.24,"01599.10"
"A.03.02.005","Jerusalem artichokes","Côte d'Ivoire","CI",0.075,0.24,"01599.10"
"A.03.02.005","Jerusalem artichokes","Cameroon","CM",0.0222,0.24,"01599.10"
"A.03.02.005","Jerusalem artichokes","China, mainland","CN",0.1777,0.24,"01599.10"
"A.03.02.005","Jerusalem artichokes","Costa Rica","CR",0.0378,0.24,"01599.10"
"A.03.02.005","Jerusalem artichokes","Egypt","EG",0.0145,0.24,"01599.10"
"A.03.02.005","Jerusalem artichokes","Ghana","GH",0.1048,0.24,"01599.10"
"A.03.02.005","Jerusalem artichokes","Honduras","HN",0.236,0.24,"01599.10"
"A.03.02.005","Jerusalem artichokes","Indonesia","ID",0.0506,0.24,"01599.10"
"A.03.02.005","Jerusalem artichokes","Kenya","KE",0.0153,0.24,"01599.10"
"A.03.02.005","Jerusalem artichokes","Sri Lanka","LK",0.0187,0.24,"01599.10"
"A.03.02.005","Jerusalem artichokes","Mexico","MX",0.0126,0.24,"01599.10"
"A.03.02.005","Jerusalem artichokes","Peru","PE",0.0756,0.24,"01599.10"
"A.03.02.005","Jerusalem artichokes","Pakistan","PK",0.0104,0.24,"01599.10"
"A.03.02.005","Jerusalem artichokes","Togo","TG",0.0418,0.24,"01599.10"
"A.03.02.005","Jerusalem artichokes","Thailand","TH",0.0613,0.24,"01599.10"
"A.04.01.001","Beans (fresh seeds without pods) and similar-","Argentina","AR",0.0755,0.06,"01701"
"A.04.01.001","Beans (fresh seeds without pods) and similar-","Brazil","BR",0.0241,0.06,"01701"
"A.04.01.001","Beans (fresh seeds without pods) and similar-","Canada","CA",0.5559,0.06,"01701"
"A.04.01.001","Beans (fresh seeds without pods) and similar-","China, mainland","CN",0.0297,0.06,"01701"
"A.04.01.001","Beans (fresh seeds without pods) and similar-","Ethiopia","ET",0.0157,0.06,"01701"
"A.04.01.001","Beans (fresh seeds without pods) and similar-","India","IN",0.0512,0.06,"01701"
"A.04.01.001","Beans (fresh seeds without pods) and similar-","Myanmar","MM",0.1004,0.06,"01701"
"A.04.01.001","Beans (fresh seeds without pods) and similar-","Niger","NE",0.0128,0.06,"01701"
"A.04.01.001","Beans (fresh seeds without pods) and similar-","Ukraine","UA",0.0147,0.06,"01701"
"A.04.01.001","Beans (fresh seeds without pods) and similar-","United States of America","US",0.1201,0.06,"01701"
"A.04.01.002","Peas (without pods) and similar-","China, mainland","CN",0.012,0.07,"01242"
"A.04.01.002","Peas (without pods) and similar-","Egypt","EG",0.0672,0.07,"01242"
"A.04.01.002","Peas (without pods) and similar-","France","FR",0.0133,0.07,"01242"
"A.04.01.002","Peas (without pods) and similar-","United Kingdom of Great Britain and Northern Ireland","GB",0.3569,0.07,"01242"
"A.04.01.002","Peas (without pods) and similar-","Guatemala","GT",0.0251,0.07,"01242"
"A.04.01.002","Peas (without pods) and similar-","Kenya","KE",0.2095,0.07,"01242"
"A.04.01.002","Peas (without pods) and similar-","Netherlands (Kingdom of the)","NL",0.0181,0.07,"01242"
"A.04.01.002","Peas (without pods) and similar-","Peru","PE",0.1958,0.07,"01242"
"A.04.01.002","Peas (without pods) and similar-","United Republic of Tanzania","TZ",0.0136,0.07,"01242"
"A.04.01.002","Peas (without pods) and similar-","Zimbabwe","ZW",0.0885,0.07,"01242"
"A.04.02.001","Beans (dry) and similar-","Argentina","AR",0.0755,0.06,"01701"
"A.04.02.001","Beans (dry) and similar-","Brazil","BR",0.0241,0.06,"01701"
"A.04.02.001","Beans (dry) and similar-","Canada","CA",0.5559,0.06,"01701"
"A.04.02.001","Beans (dry) and similar-","China, mainland","CN",0.0297,0.06,"01701"
"A.04.02.001","Beans (dry) and similar-","Ethiopia","ET",0.0157,0.06,"01701"
"A.04.02.001","Beans (dry) and similar-","India","IN",0.0512,0.06,"01701"
"A.04.02.001","Beans (dry) and similar-","Myanmar","MM",0.1004,0.06,"01701"
"A.04.02.001","Beans (dry) and similar-","Niger","NE",0.0128,0.06,"01701"
"A.04.02.001","Beans (dry) and similar-","Ukraine","UA",0.0147,0.06,"01701"
"A.04.02.001","Beans (dry) and similar-","United States of America","US",0.1201,0.06,"01701"
"A.04.02.002","Lentils (dry) and similar-","Australia","AU",0.0702,0.06,"01704"
"A.04.02.002","Lentils (dry) and similar-","Canada","CA",0.6392,0.06,"01704"
"A.04.02.002","Lentils (dry) and similar-","India","IN",0.0477,0.06,"01704"
"A.04.02.002","Lentils (dry) and similar-","Kazakhstan","KZ",0.0221,0.06,"01704"
"A.04.02.002","Lentils (dry) and similar-","Myanmar","MM",0.0591,0.06,"01704"
"A.04.02.002","Lentils (dry) and similar-","Russian Federation","RU",0.0282,0.06,"01704"
"A.04.02.002","Lentils (dry) and similar-","Türkiye","TR",0.1039,0.06,"01704"
"A.04.02.002","Lentils (dry) and similar-","United States of America","US",0.0296,0.06,"01704"
"A.04.02.003","Peas (dry) and similar-","United Kingdom of Great Britain and Northern Ireland","GB",0.2838,0.06,"01705"
"A.04.02.003","Peas (dry) and similar-","Ireland","IE",0.7039,0.06,"01705"
"A.04.02.003","Peas (dry) and similar-","Russian Federation","RU",0.0123,0.06,"01705"
"A.04.02.004","Lupins (Lupinus spp.)","United Kingdom of Great Britain and Northern Ireland","GB",0.0485,0.06,"01709.02"
"A.04.02.004","Lupins (Lupinus spp.)","Ireland","IE",0.9515,0.06,"01709.02"
"A.04.02.005","Chickpeas (dry)","Argentina","AR",0.0699,0.06,"01703"
"A.04.02.005","Chickpeas (dry)","Australia","AU",0.1199,0.06,"01703"
"A.04.02.005","Chickpeas (dry)","Canada","CA",0.2321,0.06,"01703"
"A.04.02.005","Chickpeas (dry)","India","IN",0.1686,0.06,"01703"
"A.04.02.005","Chickpeas (dry)","Mexico","MX",0.0491,0.06,"01703"
"A.04.02.005","Chickpeas (dry)","Russian Federation","RU",0.1197,0.06,"01703"
"A.04.02.005","Chickpeas (dry)","Türkiye","TR",0.187,0.06,"01703"
"A.04.02.005","Chickpeas (dry)","United Republic of Tanzania","TZ",0.0121,0.06,"01703"
"A.04.02.005","Chickpeas (dry)","United States of America","US",0.0417,0.06,"01703"
"A.04.02.007","Broad beans (dry)","United Kingdom of Great Britain and Northern Ireland","GB",0.0485,0.06,"01702"
"A.04.02.007","Broad beans (dry)","Ireland","IE",0.9515,0.06,"01702"
"A.04.02.008","Lima beans (dry)","Argentina","AR",0.0755,0.06,"01701"
"A.04.02.008","Lima beans (dry)","Brazil","BR",0.0241,0.06,"01701"
"A.04.02.008","Lima beans (dry)","Canada","CA",0.5559,0.06,"01701"
"A.04.02.008","Lima beans (dry)","China, mainland","CN",0.0297,0.06,"01701"
"A.04.02.008","Lima beans (dry)","Ethiopia","ET",0.0157,0.06,"01701"
"A.04.02.008","Lima beans (dry)","India","IN",0.0512,0.06,"01701"
"A.04.02.008","Lima beans (dry)","Myanmar","MM",0.1004,0.06,"01701"
"A.04.02.008","Lima beans (dry)","Niger","NE",0.0128,0.06,"01701"
"A.04.02.008","Lima beans (dry)","Ukraine","UA",0.0147,0.06,"01701"
"A.04.02.008","Lima beans (dry)","United States of America","US",0.1201,0.06,"01701"
"A.04.02.009","Mung beans (dry)","Argentina","AR",0.0755,0.06,"01701"
"A.04.02.009","Mung beans (dry)","Brazil","BR",0.0241,0.06,"01701"
"A.04.02.009","Mung beans (dry)","Canada","CA",0.5559,0.06,"01701"
"A.04.02.009","Mung beans (dry)","China, mainland","CN",0.0297,0.06,"01701"
"A.04.02.009","Mung beans (dry)","Ethiopia","ET",0.0157,0.06,"01701"
"A.04.02.009","Mung beans (dry)","India","IN",0.0512,0.06,"01701"
"A.04.02.009","Mung beans (dry)","Myanmar","MM",0.1004,0.06,"01701"
"A.04.02.009","Mung beans (dry)","Niger","NE",0.0128,0.06,"01701"
"A.04.02.009","Mung beans (dry)","Ukraine","UA",0.0147,0.06,"01701"
"A.04.02.009","Mung beans (dry)","United States of America","US",0.1201,0.06,"01701"
"A.04.02.011","Black eyed peas (dry)","United Kingdom of Great Britain and Northern Ireland","GB",0.2838,0.06,"01705"
"A.04.02.011","Black eyed peas (dry)","Ireland","IE",0.7039,0.06,"01705"
"A.04.02.011","Black eyed peas (dry)","Russian Federation","RU",0.0123,0.06,"01705"
"A.04.02.012","Soyabeans for oil","Argentina","AR",0.4688,0.06,"0141"
"A.04.02.012","Soyabeans for oil","Brazil","BR",0.155,0.06,"0141"
"A.04.02.012","Soyabeans for oil","Canada","CA",0.0386,0.06,"0141"
"A.04.02.012","Soyabeans for oil","Paraguay","PY",0.0736,0.06,"0141"
"A.04.02.012","Soyabeans for oil","United States of America","US",0.2641,0.06,"0141"
"A.04.02.014","Carobs","Argentina","AR",0.0755,0.06,"01709.90"
"A.04.02.014","Carobs","Brazil","BR",0.0241,0.06,"01709.90"
"A.04.02.014","Carobs","Canada","CA",0.5559,0.06,"01709.90"
"A.04.02.014","Carobs","China, mainland","CN",0.0297,0.06,"01709.90"
"A.04.02.014","Carobs","Ethiopia","ET",0.0157,0.06,"01709.90"
"A.04.02.014","Carobs","India","IN",0.0512,0.06,"01709.90"
"A.04.02.014","Carobs","Myanmar","MM",0.1004,0.06,"01709.90"
"A.04.02.014","Carobs","Niger","NE",0.0128,0.06,"01709.90"
"A.04.02.014","Carobs","Ukraine","UA",0.0147,0.06,"01709.90"
"A.04.02.014","Carobs","United States of America","US",0.1201,0.06,"01709.90"
"A.04.02.020","Yams","Bolivia (Plurinational State of)","BO",0.0455,0.24,"01599.10"
"A.04.02.020","Yams","Côte d'Ivoire","CI",0.075,0.24,"01599.10"
"A.04.02.020","Yams","Cameroon","CM",0.0222,0.24,"01599.10"
"A.04.02.020","Yams","China, mainland","CN",0.1777,0.24,"01599.10"
"A.04.02.020","Yams","Costa Rica","CR",0.0378,0.24,"01599.10"
"A.04.02.020","Yams","Egypt","EG",0.0145,0.24,"01599.10"
"A.04.02.020","Yams","Ghana","GH",0.1048,0.24,"01599.10"
"A.04.02.020","Yams","Honduras","HN",0.236,0.24,"01599.10"
"A.04.02.020","Yams","Indonesia","ID",0.0506,0.24,"01599.10"
"A.04.02.020","Yams","Kenya","KE",0.0153,0.24,"01599.10"
"A.04.02.020","Yams","Sri Lanka","LK",0.0187,0.24,"01599.10"
"A.04.02.020","Yams","Mexico","MX",0.0126,0.24,"01599.10"
"A.04.02.020","Yams","Peru","PE",0.0756,0.24,"01599.10"
"A.04.02.020","Yams","Pakistan","PK",0.0104,0.24,"01599.10"
"A.04.02.020","Yams","Togo","TG",0.0418,0.24,"01599.10"
"A.04.02.020","Yams","Thailand","TH",0.0613,0.24,"01599.10"
"A.04.02.021","Peanuts","Australia","AU",0.0277,0.06,"0142"
"A.04.02.021","Peanuts","Spain","ES",0.1144,0.06,"0142"
"A.04.02.021","Peanuts","Italy","IT",0.0116,0.06,"0142"
"A.04.02.021","Peanuts","Portugal","PT",0.0132,0.06,"0142"
"A.04.02.021","Peanuts","United States of America","US",0.833,0.06,"0142"
"A.04.03.001","Almonds sweet","Australia","AU",0.0277,0.06,"01371"
"A.04.03.001","Almonds sweet","Spain","ES",0.1144,0.06,"01371"
"A.04.03.001","Almonds sweet","Italy","IT",0.0116,0.06,"01371"
"A.04.03.001","Almonds sweet","Portugal","PT",0.0132,0.06,"01371"
"A.04.03.001","Almonds sweet","United States of America","US",0.833,0.06,"01371"
"A.04.03.002","Bitter almonds","Australia","AU",0.0277,0.06,"01371"
"A.04.03.002","Bitter almonds","Spain","ES",0.1144,0.06,"01371"
"A.04.03.002","Bitter almonds","Italy","IT",0.0116,0.06,"01371"
"A.04.03.002","Bitter almonds","Portugal","PT",0.0132,0.06,"01371"
"A.04.03.002","Bitter almonds","United States of America","US",0.833,0.06,"01371"
"A.04.03.003","Brazil nuts","Australia","AU",0.0277,0.06,"01377"
"A.04.03.003","Brazil nuts","Spain","ES",0.1144,0.06,"01377"
"A.04.03.003","Brazil nuts","Italy","IT",0.0116,0.06,"01377"
"A.04.03.003","Brazil nuts","Portugal","PT",0.0132,0.06,"01377"
"A.04.03.003","Brazil nuts","United States of America","US",0.833,0.06,"01377"
"A.04.03.004","Cashew nuts","Burkina Faso","BF",0.0216,0.06,"01372"
"A.04.03.004","Cashew nuts","Brazil","BR",0.0116,0.06,"01372"
"A.04.03.004","Cashew nuts","Côte d'Ivoire","CI",0.5139,0.06,"01372"
"A.04.03.004","Cashew nuts","Ghana","GH",0.0472,0.06,"01372"
"A.04.03.004","Cashew nuts","Indonesia","ID",0.0257,0.06,"01372"
"A.04.03.004","Cashew nuts","India","IN",0.0203,0.06,"01372"
"A.04.03.004","Cashew nuts","Mozambique","MZ",0.0229,0.06,"01372"
"A.04.03.004","Cashew nuts","Senegal","SN",0.0156,0.06,"01372"
"A.04.03.004","Cashew nuts","United Republic of Tanzania","TZ",0.0788,0.06,"01372"
"A.04.03.004","Cashew nuts","Viet Nam","VN",0.2424,0.06,"01372"
"A.04.03.005","Chestnuts","China, mainland","CN",0.5639,0.06,"01373"
"A.04.03.005","Chestnuts","Spain","ES",0.1401,0.06,"01373"
"A.04.03.005","Chestnuts","France","FR",0.0878,0.06,"01373"
"A.04.03.005","Chestnuts","Italy","IT",0.1524,0.06,"01373"
"A.04.03.005","Chestnuts","Portugal","PT",0.0247,0.06,"01373"
"A.04.03.005","Chestnuts","Türkiye","TR",0.0312,0.06,"01373"
"A.04.03.006","Coconuts","Indonesia","ID",0.3522,0.06,"01460"
"A.04.03.006","Coconuts","India","IN",0.037,0.06,"01460"
"A.04.03.006","Coconuts","Sri Lanka","LK",0.0388,0.06,"01460"
"A.04.03.006","Coconuts","Malaysia","MY",0.0333,0.06,"01460"
"A.04.03.006","Coconuts","Philippines","PH",0.5276,0.06,"01460"
"A.04.03.006","Coconuts","Viet Nam","VN",0.011,0.06,"01460"
"A.04.03.007","Hazelnuts","Azerbaijan","AZ",0.0205,0.06,"01374"
"A.04.03.007","Hazelnuts","Chile","CL",0.0198,0.06,"01374"
"A.04.03.007","Hazelnuts","Spain","ES",0.0217,0.06,"01374"
"A.04.03.007","Hazelnuts","France","FR",0.1312,0.06,"01374"
"A.04.03.007","Hazelnuts","Georgia","GE",0.0396,0.06,"01374"
"A.04.03.007","Hazelnuts","Italy","IT",0.0622,0.06,"01374"
"A.04.03.007","Hazelnuts","Poland","PL",0.1527,0.06,"01374"
"A.04.03.007","Hazelnuts","Türkiye","TR",0.5407,0.06,"01374"
"A.04.03.007","Hazelnuts","United States of America","US",0.0117,0.06,"01374"
"A.04.03.008","Macadamias","Australia","AU",0.0277,0.06,"01371"
"A.04.03.008","Macadamias","Spain","ES",0.1144,0.06,"01371"
"A.04.03.008","Macadamias","Italy","IT",0.0116,0.06,"01371"
"A.04.03.008","Macadamias","Portugal","PT",0.0132,0.06,"01371"
"A.04.03.008","Macadamias","United States of America","US",0.833,0.06,"01371"
"A.04.03.009","Pecans","Australia","AU",0.0277,0.06,"01371"
"A.04.03.009","Pecans","Spain","ES",0.1144,0.06,"01371"
"A.04.03.009","Pecans","Italy","IT",0.0116,0.06,"01371"
"A.04.03.009","Pecans","Portugal","PT",0.0132,0.06,"01371"
"A.04.03.009","Pecans","United States of America","US",0.833,0.06,"01371"
"A.04.03.010","Pine nut kernels","Australia","AU",0.0277,0.06,"01371"
"A.04.03.010","Pine nut kernels","Spain","ES",0.1144,0.06,"01371"
"A.04.03.010","Pine nut kernels","Italy","IT",0.0116,0.06,"01371"
"A.04.03.010","Pine nut kernels","Portugal","PT",0.0132,0.06,"01371"
"A.04.03.010","Pine nut kernels","United States of America","US",0.833,0.06,"01371"
"A.04.03.011","Pistachios","Iran (Islamic Republic of)","IR",0.13,0.06,"01375"
"A.04.03.011","Pistachios","Türkiye","TR",0.0221,0.06,"01375"
"A.04.03.011","Pistachios","United States of America","US",0.848,0.06,"01375"
"A.04.03.012","Walnuts","Chile","CL",0.0979,0.06,"01376"
"A.04.03.012","Walnuts","China, mainland","CN",0.1415,0.06,"01376"
"A.04.03.012","Walnuts","France","FR",0.0402,0.06,"01376"
"A.04.03.012","Walnuts","Republic of Moldova","MD",0.0114,0.06,"01376"
"A.04.03.012","Walnuts","Romania","RO",0.0167,0.06,"01376"
"A.04.03.012","Walnuts","Ukraine","UA",0.024,0.06,"01376"
"A.04.03.012","Walnuts","United States of America","US",0.6683,0.06,"01376"
"A.04.03.013","Kola nut (Cola spp.)","Côte d'Ivoire","CI",0.599,0.06,"01379.02"
"A.04.03.013","Kola nut (Cola spp.)","Cameroon","CM",0.1068,0.06,"01379.02"
"A.04.03.013","Kola nut (Cola spp.)","Ghana","GH",0.0239,0.06,"01379.02"
"A.04.03.013","Kola nut (Cola spp.)","Nigeria","NG",0.2703,0.06,"01379.02"
"A.04.04.001","Linseeds","Canada","CA",0.0211,0.06,"01441"
"A.04.04.001","Linseeds","United Kingdom of Great Britain and Northern Ireland","GB",0.6393,0.06,"01441"
"A.04.04.001","Linseeds","Kazakhstan","KZ",0.2197,0.06,"01441"
"A.04.04.001","Linseeds","Russian Federation","RU",0.12,0.06,"01441"
"A.04.04.003","Poppy seeds","Serbia","RS",0.2815,0.06,"01448"
"A.04.04.003","Poppy seeds","Türkiye","TR",0.7185,0.06,"01448"
"A.04.04.004","Sesame seeds","Austria","AT",0.0213,0.06,"01449.90"
"A.04.04.004","Sesame seeds","Bangladesh","BD",0.034,0.06,"01449.90"
"A.04.04.004","Sesame seeds","Canada","CA",0.0157,0.06,"01449.90"
"A.04.04.004","Sesame seeds","Côte d'Ivoire","CI",0.0788,0.06,"01449.90"
"A.04.04.004","Sesame seeds","China, mainland","CN",0.3434,0.06,"01449.90"
"A.04.04.004","Sesame seeds","Spain","ES",0.0769,0.06,"01449.90"
"A.04.04.004","Sesame seeds","Ethiopia","ET",0.0829,0.06,"01449.90"
"A.04.04.004","Sesame seeds","France","FR",0.1157,0.06,"01449.90"
"A.04.04.004","Sesame seeds","Greece","GR",0.0133,0.06,"01449.90"
"A.04.04.004","Sesame seeds","Hungary","HU",0.0258,0.06,"01449.90"
"A.04.04.004","Sesame seeds","India","IN",0.0123,0.06,"01449.90"
"A.04.04.004","Sesame seeds","Kenya","KE",0.0437,0.06,"01449.90"
"A.04.04.004","Sesame seeds","Malaysia","MY",0.0719,0.06,"01449.90"
"A.04.04.004","Sesame seeds","Poland","PL",0.0297,0.06,"01449.90"
"A.04.04.004","Sesame seeds","Ukraine","UA",0.0201,0.06,"01449.90"
"A.04.04.004","Sesame seeds","Uganda","UG",0.0146,0.06,"01449.90"
"A.04.04.005","Sunflower seeds","Argentina","AR",0.2511,0.06,"01445"
"A.04.04.005","Sunflower seeds","Bulgaria","BG",0.0556,0.06,"01445"
"A.04.04.005","Sunflower seeds","Spain","ES",0.0435,0.06,"01445"
"A.04.04.005","Sunflower seeds","France","FR",0.1423,0.06,"01445"
"A.04.04.005","Sunflower seeds","Hungary","HU",0.0333,0.06,"01445"
"A.04.04.005","Sunflower seeds","Republic of Moldova","MD",0.0193,0.06,"01445"
"A.04.04.005","Sunflower seeds","Romania","RO",0.1059,0.06,"01445"
"A.04.04.005","Sunflower seeds","Russian Federation","RU",0.1421,0.06,"01445"
"A.04.04.005","Sunflower seeds","Ukraine","UA",0.207,0.06,"01445"
"A.04.04.006","Rape seed (Brassica napus)","Australia","AU",0.1405,0.06,"01443"
"A.04.04.006","Rape seed (Brassica napus)","Belarus","BY",0.0164,0.06,"01443"
"A.04.04.006","Rape seed (Brassica napus)","Czechia","CZ",0.0139,0.06,"01443"
"A.04.04.006","Rape seed (Brassica napus)","Germany","DE",0.0979,0.06,"01443"
"A.04.04.006","Rape seed (Brassica napus)","France","FR",0.1469,0.06,"01443"
"A.04.04.006","Rape seed (Brassica napus)","United Kingdom of Great Britain and Northern Ireland","GB",0.0375,0.06,"01443"
"A.04.04.006","Rape seed (Brassica napus)","Ireland","IE",0.2765,0.06,"01443"
"A.04.04.006","Rape seed (Brassica napus)","Lithuania","LT",0.0436,0.06,"01443"
"A.04.04.006","Rape seed (Brassica napus)","Latvia","LV",0.0129,0.06,"01443"
"A.04.04.006","Rape seed (Brassica napus)","Poland","PL",0.0534,0.06,"01443"
"A.04.04.006","Rape seed (Brassica napus)","Romania","RO",0.0518,0.06,"01443"
"A.04.04.006","Rape seed (Brassica napus)","Russian Federation","RU",0.0146,0.06,"01443"
"A.04.04.006","Rape seed (Brassica napus)","Ukraine","UA",0.0808,0.06,"01443"
"A.04.04.006","Rape seed (Brassica napus)","Uruguay","UY",0.013,0.06,"01443"
"A.04.04.007","Mustard seeds","Austria","AT",0.0213,0.06,"01449.90"
"A.04.04.007","Mustard seeds","Bangladesh","BD",0.034,0.06,"01449.90"
"A.04.04.007","Mustard seeds","Canada","CA",0.0157,0.06,"01449.90"
"A.04.04.007","Mustard seeds","Côte d'Ivoire","CI",0.0788,0.06,"01449.90"
"A.04.04.007","Mustard seeds","China, mainland","CN",0.3434,0.06,"01449.90"
"A.04.04.007","Mustard seeds","Spain","ES",0.0769,0.06,"01449.90"
"A.04.04.007","Mustard seeds","Ethiopia","ET",0.0829,0.06,"01449.90"
"A.04.04.007","Mustard seeds","France","FR",0.1157,0.06,"01449.90"
"A.04.04.007","Mustard seeds","Greece","GR",0.0133,0.06,"01449.90"
"A.04.04.007","Mustard seeds","Hungary","HU",0.0258,0.06,"01449.90"
"A.04.04.007","Mustard seeds","India","IN",0.0123,0.06,"01449.90"
"A.04.04.007","Mustard seeds","Kenya","KE",0.0437,0.06,"01449.90"
"A.04.04.007","Mustard seeds","Malaysia","MY",0.0719,0.06,"01449.90"
"A.04.04.007","Mustard seeds","Poland","PL",0.0297,0.06,"01449.90"
"A.04.04.007","Mustard seeds","Ukraine","UA",0.0201,0.06,"01449.90"
"A.04.04.007","Mustard seeds","Uganda","UG",0.0146,0.06,"01449.90"
"A.04.04.009","Pumpkin seeds","Austria","AT",0.0213,0.06,"01449.90"
"A.04.04.009","Pumpkin seeds","Bangladesh","BD",0.034,0.06,"01449.90"
"A.04.04.009","Pumpkin seeds","Canada","CA",0.0157,0.06,"01449.90"
"A.04.04.009","Pumpkin seeds","Côte d'Ivoire","CI",0.0788,0.06,"01449.90"
"A.04.04.009","Pumpkin seeds","China, mainland","CN",0.3434,0.06,"01449.90"
"A.04.04.009","Pumpkin seeds","Spain","ES",0.0769,0.06,"01449.90"
"A.04.04.009","Pumpkin seeds","Ethiopia","ET",0.0829,0.06,"01449.90"
"A.04.04.009","Pumpkin seeds","France","FR",0.1157,0.06,"01449.90"
"A.04.04.009","Pumpkin seeds","Greece","GR",0.0133,0.06,"01449.90"
"A.04.04.009","Pumpkin seeds","Hungary","HU",0.0258,0.06,"01449.90"
"A.04.04.009","Pumpkin seeds","India","IN",0.0123,0.06,"01449.90"
"A.04.04.009","Pumpkin seeds","Kenya","KE",0.0437,0.06,"01449.90"
"A.04.04.009","Pumpkin seeds","Malaysia","MY",0.0719,0.06,"01449.90"
"A.04.04.009","Pumpkin seeds","Poland","PL",0.0297,0.06,"01449.90"
"A.04.04.009","Pumpkin seeds","Ukraine","UA",0.0201,0.06,"01449.90"
"A.04.04.009","Pumpkin seeds","Uganda","UG",0.0146,0.06,"01449.90"
"A.04.04.010","Safflower (Carthamus tinctorius)","Bangladesh","BD",0.0119,0.07,"01699"
"A.04.04.010","Safflower (Carthamus tinctorius)","China, mainland","CN",0.0264,0.07,"01699"
"A.04.04.010","Safflower (Carthamus tinctorius)","Indonesia","ID",0.0182,0.07,"01699"
"A.04.04.010","Safflower (Carthamus tinctorius)","India","IN",0.6555,0.07,"01699"
"A.04.04.010","Safflower (Carthamus tinctorius)","Kenya","KE",0.0114,0.07,"01699"
"A.04.04.010","Safflower (Carthamus tinctorius)","Nigeria","NG",0.0166,0.07,"01699"
"A.04.04.010","Safflower (Carthamus tinctorius)","Peru","PE",0.0261,0.07,"01699"
"A.04.04.010","Safflower (Carthamus tinctorius)","Pakistan","PK",0.1021,0.07,"01699"
"A.04.04.010","Safflower (Carthamus tinctorius)","Syrian Arab Republic","SY",0.0231,0.07,"01699"
"A.04.04.010","Safflower (Carthamus tinctorius)","Thailand","TH",0.0187,0.07,"01699"
"A.04.04.010","Safflower (Carthamus tinctorius)","Türkiye","TR",0.0901,0.07,"01699"
"A.04.04.011","Borage (Borago officinalis)","Bangladesh","BD",0.0119,0.07,"01699"
"A.04.04.011","Borage (Borago officinalis)","China, mainland","CN",0.0264,0.07,"01699"
"A.04.04.011","Borage (Borago officinalis)","Indonesia","ID",0.0182,0.07,"01699"
"A.04.04.011","Borage (Borago officinalis)","India","IN",0.6555,0.07,"01699"
"A.04.04.011","Borage (Borago officinalis)","Kenya","KE",0.0114,0.07,"01699"
"A.04.04.011","Borage (Borago officinalis)","Nigeria","NG",0.0166,0.07,"01699"
"A.04.04.011","Borage (Borago officinalis)","Peru","PE",0.0261,0.07,"01699"
"A.04.04.011","Borage (Borago officinalis)","Pakistan","PK",0.1021,0.07,"01699"
"A.04.04.011","Borage (Borago officinalis)","Syrian Arab Republic","SY",0.0231,0.07,"01699"
"A.04.04.011","Borage (Borago officinalis)","Thailand","TH",0.0187,0.07,"01699"
"A.04.04.011","Borage (Borago officinalis)","Türkiye","TR",0.0901,0.07,"01699"
"A.04.04.013","Hemp seeds","Austria","AT",0.0213,0.06,"01449.90"
"A.04.04.013","Hemp seeds","Bangladesh","BD",0.034,0.06,"01449.90"
"A.04.04.013","Hemp seeds","Canada","CA",0.0157,0.06,"01449.90"
"A.04.04.013","Hemp seeds","Côte d'Ivoire","CI",0.0788,0.06,"01449.90"
"A.04.04.013","Hemp seeds","China, mainland","CN",0.3434,0.06,"01449.90"
"A.04.04.013","Hemp seeds","Spain","ES",0.0769,0.06,"01449.90"
"A.04.04.013","Hemp seeds","Ethiopia","ET",0.0829,0.06,"01449.90"
"A.04.04.013","Hemp seeds","France","FR",0.1157,0.06,"01449.90"
"A.04.04.013","Hemp seeds","Greece","GR",0.0133,0.06,"01449.90"
"A.04.04.013","Hemp seeds","Hungary","HU",0.0258,0.06,"01449.90"
"A.04.04.013","Hemp seeds","India","IN",0.0123,0.06,"01449.90"
"A.04.04.013","Hemp seeds","Kenya","KE",0.0437,0.06,"01449.90"
"A.04.04.013","Hemp seeds","Malaysia","MY",0.0719,0.06,"01449.90"
"A.04.04.013","Hemp seeds","Poland","PL",0.0297,0.06,"01449.90"
"A.04.04.013","Hemp seeds","Ukraine","UA",0.0201,0.06,"01449.90"
"A.04.04.013","Hemp seeds","Uganda","UG",0.0146,0.06,"01449.90"
"A.04.05","Other oilseeds (including elsewhere non-listed seeds)","Austria","AT",0.0213,0.06,"01449.90"
"A.04.05","Other oilseeds (including elsewhere non-listed seeds)","Bangladesh","BD",0.034,0.06,"01449.90"
"A.04.05","Other oilseeds (including elsewhere non-listed seeds)","Canada","CA",0.0157,0.06,"01449.90"
"A.04.05","Other oilseeds (including elsewhere non-listed seeds)","Côte d'Ivoire","CI",0.0788,0.06,"01449.90"
"A.04.05","Other oilseeds (including elsewhere non-listed seeds)","China, mainland","CN",0.3434,0.06,"01449.90"
"A.04.05","Other oilseeds (including elsewhere non-listed seeds)","Spain","ES",0.0769,0.06,"01449.90"
"A.04.05","Other oilseeds (including elsewhere non-listed seeds)","Ethiopia","ET",0.0829,0.06,"01449.90"
"A.04.05","Other oilseeds (including elsewhere non-listed seeds)","France","FR",0.1157,0.06,"01449.90"
"A.04.05","Other oilseeds (including elsewhere non-listed seeds)","Greece","GR",0.0133,0.06,"01449.90"
"A.04.05","Other oilseeds (including elsewhere non-listed seeds)","Hungary","HU",0.0258,0.06,"01449.90"
"A.04.05","Other oilseeds (including elsewhere non-listed seeds)","India","IN",0.0123,0.06,"01449.90"
"A.04.05","Other oilseeds (including elsewhere non-listed seeds)","Kenya","KE",0.0437,0.06,"01449.90"
"A.04.05","Other oilseeds (including elsewhere non-listed seeds)","Malaysia","MY",0.0719,0.06,"01449.90"
"A.04.05","Other oilseeds (including elsewhere non-listed seeds)","Poland","PL",0.0297,0.06,"01449.90"
"A.04.05","Other oilseeds (including elsewhere non-listed seeds)","Ukraine","UA",0.0201,0.06,"01449.90"
"A.04.05","Other oilseeds (including elsewhere non-listed seeds)","Uganda","UG",0.0146,0.06,"01449.90"
"A.05.01.001","Grapefruits","Argentina","AR",0.0161,0.07,"01321"
"A.05.01.001","Grapefruits","China, mainland","CN",0.065,0.07,"01321"
"A.05.01.001","Grapefruits","Cyprus","CY",0.0205,0.07,"01321"
"A.05.01.001","Grapefruits","Spain","ES",0.1783,0.07,"01321"
"A.05.01.001","Grapefruits","Israel","IL",0.0403,0.07,"01321"
"A.05.01.001","Grapefruits","Mexico","MX",0.0977,0.07,"01321"
"A.05.01.001","Grapefruits","Peru","PE",0.0207,0.07,"01321"
"A.05.01.001","Grapefruits","Eswatini","SZ",0.0199,0.07,"01321"
"A.05.01.001","Grapefruits","Türkiye","TR",0.1261,0.07,"01321"
"A.05.01.001","Grapefruits","South Africa","ZA",0.4155,0.07,"01321"
"A.05.01.002","Oranges","Argentina","AR",0.0875,0.07,"01323"
"A.05.01.002","Oranges","Brazil","BR",0.5114,0.07,"01323"
"A.05.01.002","Oranges","Egypt","EG",0.0701,0.07,"01323"
"A.05.01.002","Oranges","Spain","ES",0.1138,0.07,"01323"
"A.05.01.002","Oranges","Israel","IL",0.0109,0.07,"01323"
"A.05.01.002","Oranges","Italy","IT",0.018,0.07,"01323"
"A.05.01.002","Oranges","Mexico","MX",0.0544,0.07,"01323"
"A.05.01.002","Oranges","United States of America","US",0.0804,0.07,"01323"
"A.05.01.002","Oranges","South Africa","ZA",0.0534,0.07,"01323"
"A.05.01.003","Lemons","Argentina","AR",0.191,0.07,"01322"
"A.05.01.003","Lemons","Brazil","BR",0.0903,0.07,"01322"
"A.05.01.003","Lemons","Colombia","CO",0.0153,0.07,"01322"
"A.05.01.003","Lemons","Spain","ES",0.4147,0.07,"01322"
"A.05.01.003","Lemons","Italy","IT",0.0161,0.07,"01322"
"A.05.01.003","Lemons","South Africa","ZA",0.2727,0.07,"01322"
"A.05.01.004","Limes","Argentina","AR",0.191,0.07,"01322"
"A.05.01.004","Limes","Brazil","BR",0.0903,0.07,"01322"
"A.05.01.004","Limes","Colombia","CO",0.0153,0.07,"01322"
"A.05.01.004","Limes","Spain","ES",0.4147,0.07,"01322"
"A.05.01.004","Limes","Italy","IT",0.0161,0.07,"01322"
"A.05.01.004","Limes","South Africa","ZA",0.2727,0.07,"01322"
"A.05.01.005","Mandarins and similar-","Spain","ES",0.4051,0.07,"01324"
"A.05.01.005","Mandarins and similar-","Morocco","MA",0.1914,0.07,"01324"
"A.05.01.005","Mandarins and similar-","Peru","PE",0.0678,0.07,"01324"
"A.05.01.005","Mandarins and similar-","South Africa","ZA",0.3356,0.07,"01324"
"A.05.01.006","Pomelo (Citrus grandis)","Argentina","AR",0.0161,0.07,"01321"
"A.05.01.006","Pomelo (Citrus grandis)","China, mainland","CN",0.065,0.07,"01321"
"A.05.01.006","Pomelo (Citrus grandis)","Cyprus","CY",0.0205,0.07,"01321"
"A.05.01.006","Pomelo (Citrus grandis)","Spain","ES",0.1783,0.07,"01321"
"A.05.01.006","Pomelo (Citrus grandis)","Israel","IL",0.0403,0.07,"01321"
"A.05.01.006","Pomelo (Citrus grandis)","Mexico","MX",0.0977,0.07,"01321"
"A.05.01.006","Pomelo (Citrus grandis)","Peru","PE",0.0207,0.07,"01321"
"A.05.01.006","Pomelo (Citrus grandis)","Eswatini","SZ",0.0199,0.07,"01321"
"A.05.01.006","Pomelo (Citrus grandis)","Türkiye","TR",0.1261,0.07,"01321"
"A.05.01.006","Pomelo (Citrus grandis)","South Africa","ZA",0.4155,0.07,"01321"
"A.05.02.001","Apples","Ireland","IE",1,0.07,"01341"
"A.05.02.002","Pears","Argentina","AR",0.0207,0.07,"01342.01"
"A.05.02.002","Pears","Belgium","BE",0.1854,0.07,"01342.01"
"A.05.02.002","Pears","Chile","CL",0.0235,0.07,"01342.01"
"A.05.02.002","Pears","China, mainland","CN",0.0102,0.07,"01342.01"
"A.05.02.002","Pears","Germany","DE",0.0109,0.07,"01342.01"
"A.05.02.002","Pears","Spain","ES",0.0115,0.07,"01342.01"
"A.05.02.002","Pears","Netherlands (Kingdom of the)","NL",0.4358,0.07,"01342.01"
"A.05.02.002","Pears","Portugal","PT",0.1619,0.07,"01342.01"
"A.05.02.002","Pears","South Africa","ZA",0.14,0.07,"01342.01"
"A.05.02.003","Quinces","Chile","CL",0.0646,0.06,"01342.02"
"A.05.02.003","Quinces","Türkiye","TR",0.9354,0.06,"01342.02"
"A.05.02.004","Medlars","China, mainland","CN",0.087,0.07,"01359.90"
"A.05.02.004","Medlars","Colombia","CO",0.0327,0.07,"01359.90"
"A.05.02.004","Medlars","Costa Rica","CR",0.0844,0.07,"01359.90"
"A.05.02.004","Medlars","Ecuador","EC",0.0663,0.07,"01359.90"
"A.05.02.004","Medlars","Egypt","EG",0.1428,0.07,"01359.90"
"A.05.02.004","Medlars","Guatemala","GT",0.0185,0.07,"01359.90"
"A.05.02.004","Medlars","India","IN",0.0732,0.07,"01359.90"
"A.05.02.004","Medlars","Morocco","MA",0.044,0.07,"01359.90"
"A.05.02.004","Medlars","Mexico","MX",0.0434,0.07,"01359.90"
"A.05.02.004","Medlars","Peru","PE",0.0638,0.07,"01359.90"
"A.05.02.004","Medlars","Philippines","PH",0.0365,0.07,"01359.90"
"A.05.02.004","Medlars","Serbia","RS",0.0448,0.07,"01359.90"
"A.05.02.004","Medlars","Thailand","TH",0.0493,0.07,"01359.90"
"A.05.02.004","Medlars","Türkiye","TR",0.1344,0.07,"01359.90"
"A.05.02.004","Medlars","Viet Nam","VN",0.0556,0.07,"01359.90"
"A.05.02.004","Medlars","South Africa","ZA",0.0235,0.07,"01359.90"
"A.05.02.005","Loquats","China, mainland","CN",0.087,0.07,"01359.90"
"A.05.02.005","Loquats","Colombia","CO",0.0327,0.07,"01359.90"
"A.05.02.005","Loquats","Costa Rica","CR",0.0844,0.07,"01359.90"
"A.05.02.005","Loquats","Ecuador","EC",0.0663,0.07,"01359.90"
"A.05.02.005","Loquats","Egypt","EG",0.1428,0.07,"01359.90"
"A.05.02.005","Loquats","Guatemala","GT",0.0185,0.07,"01359.90"
"A.05.02.005","Loquats","India","IN",0.0732,0.07,"01359.90"
"A.05.02.005","Loquats","Morocco","MA",0.044,0.07,"01359.90"
"A.05.02.005","Loquats","Mexico","MX",0.0434,0.07,"01359.90"
"A.05.02.005","Loquats","Peru","PE",0.0638,0.07,"01359.90"
"A.05.02.005","Loquats","Philippines","PH",0.0365,0.07,"01359.90"
"A.05.02.005","Loquats","Serbia","RS",0.0448,0.07,"01359.90"
"A.05.02.005","Loquats","Thailand","TH",0.0493,0.07,"01359.90"
"A.05.02.005","Loquats","Türkiye","TR",0.1344,0.07,"01359.90"
"A.05.02.005","Loquats","Viet Nam","VN",0.0556,0.07,"01359.90"
"A.05.02.005","Loquats","South Africa","ZA",0.0235,0.07,"01359.90"
"A.05.02.007","Sorb fruits","Ireland","IE",1,0.07,"01341"
"A.05.02.009","Nashi pears","Argentina","AR",0.0207,0.07,"01342.01"
"A.05.02.009","Nashi pears","Belgium","BE",0.1854,0.07,"01342.01"
"A.05.02.009","Nashi pears","Chile","CL",0.0235,0.07,"01342.01"
"A.05.02.009","Nashi pears","China, mainland","CN",0.0102,0.07,"01342.01"
"A.05.02.009","Nashi pears","Germany","DE",0.0109,0.07,"01342.01"
"A.05.02.009","Nashi pears","Spain","ES",0.0115,0.07,"01342.01"
"A.05.02.009","Nashi pears","Netherlands (Kingdom of the)","NL",0.4358,0.07,"01342.01"
"A.05.02.009","Nashi pears","Portugal","PT",0.1619,0.07,"01342.01"
"A.05.02.009","Nashi pears","South Africa","ZA",0.14,0.07,"01342.01"
"A.05.03.001","Apricots","Afghanistan","AF",0.0113,0.07,"01343"
"A.05.03.001","Apricots","Spain","ES",0.109,0.07,"01343"
"A.05.03.001","Apricots","France","FR",0.0521,0.07,"01343"
"A.05.03.001","Apricots","Greece","GR",0.0177,0.07,"01343"
"A.05.03.001","Apricots","Italy","IT",0.0368,0.07,"01343"
"A.05.03.001","Apricots","Türkiye","TR",0.7732,0.07,"01343"
"A.05.03.002","Plums","Argentina","AR",0.0278,0.07,"01346"
"A.05.03.002","Plums","Chile","CL",0.36,0.07,"01346"
"A.05.03.002","Plums","China, mainland","CN",0.0168,0.07,"01346"
"A.05.03.002","Plums","Germany","DE",0.0511,0.07,"01346"
"A.05.03.002","Plums","Spain","ES",0.1547,0.07,"01346"
"A.05.03.002","Plums","France","FR",0.0729,0.07,"01346"
"A.05.03.002","Plums","Italy","IT",0.0365,0.07,"01346"
"A.05.03.002","Plums","Republic of Moldova","MD",0.0135,0.07,"01346"
"A.05.03.002","Plums","Netherlands (Kingdom of the)","NL",0.0126,0.07,"01346"
"A.05.03.002","Plums","Poland","PL",0.0129,0.07,"01346"
"A.05.03.002","Plums","Serbia","RS",0.0104,0.07,"01346"
"A.05.03.002","Plums","Türkiye","TR",0.024,0.07,"01346"
"A.05.03.002","Plums","United States of America","US",0.0629,0.07,"01346"
"A.05.03.002","Plums","South Africa","ZA",0.1439,0.07,"01346"
"A.05.03.003","Damsons","Argentina","AR",0.0278,0.07,"01346"
"A.05.03.003","Damsons","Chile","CL",0.36,0.07,"01346"
"A.05.03.003","Damsons","China, mainland","CN",0.0168,0.07,"01346"
"A.05.03.003","Damsons","Germany","DE",0.0511,0.07,"01346"
"A.05.03.003","Damsons","Spain","ES",0.1547,0.07,"01346"
"A.05.03.003","Damsons","France","FR",0.0729,0.07,"01346"
"A.05.03.003","Damsons","Italy","IT",0.0365,0.07,"01346"
"A.05.03.003","Damsons","Republic of Moldova","MD",0.0135,0.07,"01346"
"A.05.03.003","Damsons","Netherlands (Kingdom of the)","NL",0.0126,0.07,"01346"
"A.05.03.003","Damsons","Poland","PL",0.0129,0.07,"01346"
"A.05.03.003","Damsons","Serbia","RS",0.0104,0.07,"01346"
"A.05.03.003","Damsons","Türkiye","TR",0.024,0.07,"01346"
"A.05.03.003","Damsons","United States of America","US",0.0629,0.07,"01346"
"A.05.03.003","Damsons","South Africa","ZA",0.1439,0.07,"01346"
"A.05.03.004","Mirabelles","Argentina","AR",0.0278,0.07,"01346"
"A.05.03.004","Mirabelles","Chile","CL",0.36,0.07,"01346"
"A.05.03.004","Mirabelles","China, mainland","CN",0.0168,0.07,"01346"
"A.05.03.004","Mirabelles","Germany","DE",0.0511,0.07,"01346"
"A.05.03.004","Mirabelles","Spain","ES",0.1547,0.07,"01346"
"A.05.03.004","Mirabelles","France","FR",0.0729,0.07,"01346"
"A.05.03.004","Mirabelles","Italy","IT",0.0365,0.07,"01346"
"A.05.03.004","Mirabelles","Republic of Moldova","MD",0.0135,0.07,"01346"
"A.05.03.004","Mirabelles","Netherlands (Kingdom of the)","NL",0.0126,0.07,"01346"
"A.05.03.004","Mirabelles","Poland","PL",0.0129,0.07,"01346"
"A.05.03.004","Mirabelles","Serbia","RS",0.0104,0.07,"01346"
"A.05.03.004","Mirabelles","Türkiye","TR",0.024,0.07,"01346"
"A.05.03.004","Mirabelles","United States of America","US",0.0629,0.07,"01346"
"A.05.03.004","Mirabelles","South Africa","ZA",0.1439,0.07,"01346"
"A.05.03.005","Gages","Argentina","AR",0.0278,0.07,"01346"
"A.05.03.005","Gages","Chile","CL",0.36,0.07,"01346"
"A.05.03.005","Gages","China, mainland","CN",0.0168,0.07,"01346"
"A.05.03.005","Gages","Germany","DE",0.0511,0.07,"01346"
"A.05.03.005","Gages","Spain","ES",0.1547,0.07,"01346"
"A.05.03.005","Gages","France","FR",0.0729,0.07,"01346"
"A.05.03.005","Gages","Italy","IT",0.0365,0.07,"01346"
"A.05.03.005","Gages","Republic of Moldova","MD",0.0135,0.07,"01346"
"A.05.03.005","Gages","Netherlands (Kingdom of the)","NL",0.0126,0.07,"01346"
"A.05.03.005","Gages","Poland","PL",0.0129,0.07,"01346"
"A.05.03.005","Gages","Serbia","RS",0.0104,0.07,"01346"
"A.05.03.005","Gages","Türkiye","TR",0.024,0.07,"01346"
"A.05.03.005","Gages","United States of America","US",0.0629,0.07,"01346"
"A.05.03.005","Gages","South Africa","ZA",0.1439,0.07,"01346"
"A.05.03.006","Cherries (sweet)","Argentina","AR",0.0824,0.07,"01344.02"
"A.05.03.006","Cherries (sweet)","Bulgaria","BG",0.0233,0.07,"01344.02"
"A.05.03.006","Cherries (sweet)","Chile","CL",0.1024,0.07,"01344.02"
"A.05.03.006","Cherries (sweet)","Germany","DE",0.1095,0.07,"01344.02"
"A.05.03.006","Cherries (sweet)","Spain","ES",0.2877,0.07,"01344.02"
"A.05.03.006","Cherries (sweet)","United Kingdom of Great Britain and Northern Ireland","GB",0.0527,0.07,"01344.02"
"A.05.03.006","Cherries (sweet)","Greece","GR",0.0508,0.07,"01344.02"
"A.05.03.006","Cherries (sweet)","Italy","IT",0.0685,0.07,"01344.02"
"A.05.03.006","Cherries (sweet)","Netherlands (Kingdom of the)","NL",0.0934,0.07,"01344.02"
"A.05.03.006","Cherries (sweet)","Poland","PL",0.0155,0.07,"01344.02"
"A.05.03.006","Cherries (sweet)","Türkiye","TR",0.0608,0.07,"01344.02"
"A.05.03.006","Cherries (sweet)","United States of America","US",0.0404,0.07,"01344.02"
"A.05.03.006","Cherries (sweet)","South Africa","ZA",0.0126,0.07,"01344.02"
"A.05.03.007","Sour cherries","Belgium","BE",0.0256,0.07,"01344.01"
"A.05.03.007","Sour cherries","Czechia","CZ",0.0463,0.07,"01344.01"
"A.05.03.007","Sour cherries","Germany","DE",0.0192,0.07,"01344.01"
"A.05.03.007","Sour cherries","Spain","ES",0.1521,0.07,"01344.01"
"A.05.03.007","Sour cherries","France","FR",0.0125,0.07,"01344.01"
"A.05.03.007","Sour cherries","Greece","GR",0.0931,0.07,"01344.01"
"A.05.03.007","Sour cherries","Hungary","HU",0.0415,0.07,"01344.01"
"A.05.03.007","Sour cherries","Netherlands (Kingdom of the)","NL",0.1824,0.07,"01344.01"
"A.05.03.007","Sour cherries","Poland","PL",0.1229,0.07,"01344.01"
"A.05.03.007","Sour cherries","Romania","RO",0.2918,0.07,"01344.01"
"A.05.03.007","Sour cherries","Serbia","RS",0.0128,0.07,"01344.01"
"A.05.03.011","Peaches and similar-","Chile","CL",0.0291,0.07,"01345"
"A.05.03.011","Peaches and similar-","Spain","ES",0.7627,0.07,"01345"
"A.05.03.011","Peaches and similar-","Italy","IT",0.1101,0.07,"01345"
"A.05.03.011","Peaches and similar-","South Africa","ZA",0.0981,0.07,"01345"
"A.05.04.001","Table grapes","Argentina","AR",0.0282,0.07,"01330"
"A.05.04.001","Table grapes","Australia","AU",0.0629,0.07,"01330"
"A.05.04.001","Table grapes","Brazil","BR",0.0131,0.07,"01330"
"A.05.04.001","Table grapes","Chile","CL",0.1309,0.07,"01330"
"A.05.04.001","Table grapes","Germany","DE",0.032,0.07,"01330"
"A.05.04.001","Table grapes","Spain","ES",0.1462,0.07,"01330"
"A.05.04.001","Table grapes","France","FR",0.1308,0.07,"01330"
"A.05.04.001","Table grapes","Italy","IT",0.1457,0.07,"01330"
"A.05.04.001","Table grapes","New Zealand","NZ",0.0406,0.07,"01330"
"A.05.04.001","Table grapes","Portugal","PT",0.02,0.07,"01330"
"A.05.04.001","Table grapes","Türkiye","TR",0.1533,0.07,"01330"
"A.05.04.001","Table grapes","United States of America","US",0.0245,0.07,"01330"
"A.05.04.001","Table grapes","South Africa","ZA",0.0718,0.07,"01330"
"A.05.04.002","Wine grapes","Argentina","AR",0.0282,0.07,"01330"
"A.05.04.002","Wine grapes","Australia","AU",0.0629,0.07,"01330"
"A.05.04.002","Wine grapes","Brazil","BR",0.0131,0.07,"01330"
"A.05.04.002","Wine grapes","Chile","CL",0.1309,0.07,"01330"
"A.05.04.002","Wine grapes","Germany","DE",0.032,0.07,"01330"
"A.05.04.002","Wine grapes","Spain","ES",0.1462,0.07,"01330"
"A.05.04.002","Wine grapes","France","FR",0.1308,0.07,"01330"
"A.05.04.002","Wine grapes","Italy","IT",0.1457,0.07,"01330"
"A.05.04.002","Wine grapes","New Zealand","NZ",0.0406,0.07,"01330"
"A.05.04.002","Wine grapes","Portugal","PT",0.02,0.07,"01330"
"A.05.04.002","Wine grapes","Türkiye","TR",0.1533,0.07,"01330"
"A.05.04.002","Wine grapes","United States of America","US",0.0245,0.07,"01330"
"A.05.04.002","Wine grapes","South Africa","ZA",0.0718,0.07,"01330"
"A.05.04.003","Strawberries","Belgium","BE",0.0282,0.07,"01354"
"A.05.04.003","Strawberries","Germany","DE",0.0282,0.07,"01354"
"A.05.04.003","Strawberries","Egypt","EG",0.0219,0.07,"01354"
"A.05.04.003","Strawberries","Spain","ES",0.1963,0.07,"01354"
"A.05.04.003","Strawberries","Ireland","IE",0.5999,0.07,"01354"
"A.05.04.003","Strawberries","Netherlands (Kingdom of the)","NL",0.1254,0.07,"01354"
"A.05.04.004","Blackberries","Chile","CL",0.0954,0.07,"01353.01"
"A.05.04.004","Blackberries","Germany","DE",0.0555,0.07,"01353.01"
"A.05.04.004","Blackberries","Spain","ES",0.2709,0.07,"01353.01"
"A.05.04.004","Blackberries","France","FR",0.0721,0.07,"01353.01"
"A.05.04.004","Blackberries","Italy","IT",0.0746,0.07,"01353.01"
"A.05.04.004","Blackberries","Morocco","MA",0.0417,0.07,"01353.01"
"A.05.04.004","Blackberries","Netherlands (Kingdom of the)","NL",0.0731,0.07,"01353.01"
"A.05.04.004","Blackberries","Peru","PE",0.022,0.07,"01353.01"
"A.05.04.004","Blackberries","Poland","PL",0.2064,0.07,"01353.01"
"A.05.04.004","Blackberries","Portugal","PT",0.0262,0.07,"01353.01"
"A.05.04.004","Blackberries","Romania","RO",0.051,0.07,"01353.01"
"A.05.04.004","Blackberries","Zimbabwe","ZW",0.0111,0.07,"01353.01"
"A.05.04.006","Raspberries (red and yellow)","Chile","CL",0.0954,0.07,"01353.01"
"A.05.04.006","Raspberries (red and yellow)","Germany","DE",0.0555,0.07,"01353.01"
"A.05.04.006","Raspberries (red and yellow)","Spain","ES",0.2709,0.07,"01353.01"
"A.05.04.006","Raspberries (red and yellow)","France","FR",0.0721,0.07,"01353.01"
"A.05.04.006","Raspberries (red and yellow)","Italy","IT",0.0746,0.07,"01353.01"
"A.05.04.006","Raspberries (red and yellow)","Morocco","MA",0.0417,0.07,"01353.01"
"A.05.04.006","Raspberries (red and yellow)","Netherlands (Kingdom of the)","NL",0.0731,0.07,"01353.01"
"A.05.04.006","Raspberries (red and yellow)","Peru","PE",0.022,0.07,"01353.01"
"A.05.04.006","Raspberries (red and yellow)","Poland","PL",0.2064,0.07,"01353.01"
"A.05.04.006","Raspberries (red and yellow)","Portugal","PT",0.0262,0.07,"01353.01"
"A.05.04.006","Raspberries (red and yellow)","Romania","RO",0.051,0.07,"01353.01"
"A.05.04.006","Raspberries (red and yellow)","Zimbabwe","ZW",0.0111,0.07,"01353.01"
"A.05.04.008","Blueberries","Chile","CL",0.0954,0.07,"01355.01"
"A.05.04.008","Blueberries","Germany","DE",0.0555,0.07,"01355.01"
"A.05.04.008","Blueberries","Spain","ES",0.2709,0.07,"01355.01"
"A.05.04.008","Blueberries","France","FR",0.0721,0.07,"01355.01"
"A.05.04.008","Blueberries","Italy","IT",0.0746,0.07,"01355.01"
"A.05.04.008","Blueberries","Morocco","MA",0.0417,0.07,"01355.01"
"A.05.04.008","Blueberries","Netherlands (Kingdom of the)","NL",0.0731,0.07,"01355.01"
"A.05.04.008","Blueberries","Peru","PE",0.022,0.07,"01355.01"
"A.05.04.008","Blueberries","Poland","PL",0.2064,0.07,"01355.01"
"A.05.04.008","Blueberries","Portugal","PT",0.0262,0.07,"01355.01"
"A.05.04.008","Blueberries","Romania","RO",0.051,0.07,"01355.01"
"A.05.04.008","Blueberries","Zimbabwe","ZW",0.0111,0.07,"01355.01"
"A.05.04.009","Cranberries","Chile","CL",0.0954,0.07,"01355.01"
"A.05.04.009","Cranberries","Germany","DE",0.0555,0.07,"01355.01"
"A.05.04.009","Cranberries","Spain","ES",0.2709,0.07,"01355.01"
"A.05.04.009","Cranberries","France","FR",0.0721,0.07,"01355.01"
"A.05.04.009","Cranberries","Italy","IT",0.0746,0.07,"01355.01"
"A.05.04.009","Cranberries","Morocco","MA",0.0417,0.07,"01355.01"
"A.05.04.009","Cranberries","Netherlands (Kingdom of the)","NL",0.0731,0.07,"01355.01"
"A.05.04.009","Cranberries","Peru","PE",0.022,0.07,"01355.01"
"A.05.04.009","Cranberries","Poland","PL",0.2064,0.07,"01355.01"
"A.05.04.009","Cranberries","Portugal","PT",0.0262,0.07,"01355.01"
"A.05.04.009","Cranberries","Romania","RO",0.051,0.07,"01355.01"
"A.05.04.009","Cranberries","Zimbabwe","ZW",0.0111,0.07,"01355.01"
"A.05.04.010","Currants (black, red and white)","Belgium","BE",0.0317,0.07,"01351.01"
"A.05.04.010","Currants (black, red and white)","Chile","CL",0.0203,0.07,"01351.01"
"A.05.04.010","Currants (black, red and white)","Germany","DE",0.0151,0.07,"01351.01"
"A.05.04.010","Currants (black, red and white)","Denmark","DK",0.0179,0.07,"01351.01"
"A.05.04.010","Currants (black, red and white)","Hungary","HU",0.027,0.07,"01351.01"
"A.05.04.010","Currants (black, red and white)","Ireland","IE",0.2918,0.07,"01351.01"
"A.05.04.010","Currants (black, red and white)","Netherlands (Kingdom of the)","NL",0.474,0.07,"01351.01"
"A.05.04.010","Currants (black, red and white)","Poland","PL",0.122,0.07,"01351.01"
"A.05.04.011","Gooseberries (green, red and yellow)","RoW","RoW",1,0.07,"01351.02"
"A.05.04.012","Rose hips","Bangladesh","BD",0.0119,0.07,"01699"
"A.05.04.012","Rose hips","China, mainland","CN",0.0264,0.07,"01699"
"A.05.04.012","Rose hips","Indonesia","ID",0.0182,0.07,"01699"
"A.05.04.012","Rose hips","India","IN",0.6555,0.07,"01699"
"A.05.04.012","Rose hips","Kenya","KE",0.0114,0.07,"01699"
"A.05.04.012","Rose hips","Nigeria","NG",0.0166,0.07,"01699"
"A.05.04.012","Rose hips","Peru","PE",0.0261,0.07,"01699"
"A.05.04.012","Rose hips","Pakistan","PK",0.1021,0.07,"01699"
"A.05.04.012","Rose hips","Syrian Arab Republic","SY",0.0231,0.07,"01699"
"A.05.04.012","Rose hips","Thailand","TH",0.0187,0.07,"01699"
"A.05.04.012","Rose hips","Türkiye","TR",0.0901,0.07,"01699"
"A.05.04.013","Mulberries (black and white)","Brazil","BR",0.0213,0.07,"01315"
"A.05.04.013","Mulberries (black and white)","Spain","ES",0.1944,0.07,"01315"
"A.05.04.013","Mulberries (black and white)","France","FR",0.0172,0.07,"01315"
"A.05.04.013","Mulberries (black and white)","Italy","IT",0.0144,0.07,"01315"
"A.05.04.013","Mulberries (black and white)","Peru","PE",0.0135,0.07,"01315"
"A.05.04.013","Mulberries (black and white)","Türkiye","TR",0.7392,0.07,"01315"
"A.05.04.014","Azarole (mediteranean medlar) (Crataegus azarolus)","Chile","CL",0.0954,0.07,"01355.01"
"A.05.04.014","Azarole (mediteranean medlar) (Crataegus azarolus)","Germany","DE",0.0555,0.07,"01355.01"
"A.05.04.014","Azarole (mediteranean medlar) (Crataegus azarolus)","Spain","ES",0.2709,0.07,"01355.01"
"A.05.04.014","Azarole (mediteranean medlar) (Crataegus azarolus)","France","FR",0.0721,0.07,"01355.01"
"A.05.04.014","Azarole (mediteranean medlar) (Crataegus azarolus)","Italy","IT",0.0746,0.07,"01355.01"
"A.05.04.014","Azarole (mediteranean medlar) (Crataegus azarolus)","Morocco","MA",0.0417,0.07,"01355.01"
"A.05.04.014","Azarole (mediteranean medlar) (Crataegus azarolus)","Netherlands (Kingdom of the)","NL",0.0731,0.07,"01355.01"
"A.05.04.014","Azarole (mediteranean medlar) (Crataegus azarolus)","Peru","PE",0.022,0.07,"01355.01"
"A.05.04.014","Azarole (mediteranean medlar) (Crataegus azarolus)","Poland","PL",0.2064,0.07,"01355.01"
"A.05.04.014","Azarole (mediteranean medlar) (Crataegus azarolus)","Portugal","PT",0.0262,0.07,"01355.01"
"A.05.04.014","Azarole (mediteranean medlar) (Crataegus azarolus)","Romania","RO",0.051,0.07,"01355.01"
"A.05.04.014","Azarole (mediteranean medlar) (Crataegus azarolus)","Zimbabwe","ZW",0.0111,0.07,"01355.01"
"A.05.04.015","Elderberries","Belgium","BE",0.0317,0.07,"01351.01"
"A.05.04.015","Elderberries","Chile","CL",0.0203,0.07,"01351.01"
"A.05.04.015","Elderberries","Germany","DE",0.0151,0.07,"01351.01"
"A.05.04.015","Elderberries","Denmark","DK",0.0179,0.07,"01351.01"
"A.05.04.015","Elderberries","Hungary","HU",0.027,0.07,"01351.01"
"A.05.04.015","Elderberries","Ireland","IE",0.2918,0.07,"01351.01"
"A.05.04.015","Elderberries","Netherlands (Kingdom of the)","NL",0.474,0.07,"01351.01"
"A.05.04.015","Elderberries","Poland","PL",0.122,0.07,"01351.01"
"A.05.04.016","Cloudberries","Chile","CL",0.0954,0.07,"01353.01"
"A.05.04.016","Cloudberries","Germany","DE",0.0555,0.07,"01353.01"
"A.05.04.016","Cloudberries","Spain","ES",0.2709,0.07,"01353.01"
"A.05.04.016","Cloudberries","France","FR",0.0721,0.07,"01353.01"
"A.05.04.016","Cloudberries","Italy","IT",0.0746,0.07,"01353.01"
"A.05.04.016","Cloudberries","Morocco","MA",0.0417,0.07,"01353.01"
"A.05.04.016","Cloudberries","Netherlands (Kingdom of the)","NL",0.0731,0.07,"01353.01"
"A.05.04.016","Cloudberries","Peru","PE",0.022,0.07,"01353.01"
"A.05.04.016","Cloudberries","Poland","PL",0.2064,0.07,"01353.01"
"A.05.04.016","Cloudberries","Portugal","PT",0.0262,0.07,"01353.01"
"A.05.04.016","Cloudberries","Romania","RO",0.051,0.07,"01353.01"
"A.05.04.016","Cloudberries","Zimbabwe","ZW",0.0111,0.07,"01353.01"
"A.05.04.017","Loganberry (Rubus loganobaccus)","Chile","CL",0.0954,0.07,"01355.01"
"A.05.04.017","Loganberry (Rubus loganobaccus)","Germany","DE",0.0555,0.07,"01355.01"
"A.05.04.017","Loganberry (Rubus loganobaccus)","Spain","ES",0.2709,0.07,"01355.01"
"A.05.04.017","Loganberry (Rubus loganobaccus)","France","FR",0.0721,0.07,"01355.01"
"A.05.04.017","Loganberry (Rubus loganobaccus)","Italy","IT",0.0746,0.07,"01355.01"
"A.05.04.017","Loganberry (Rubus loganobaccus)","Morocco","MA",0.0417,0.07,"01355.01"
"A.05.04.017","Loganberry (Rubus loganobaccus)","Netherlands (Kingdom of the)","NL",0.0731,0.07,"01355.01"
"A.05.04.017","Loganberry (Rubus loganobaccus)","Peru","PE",0.022,0.07,"01355.01"
"A.05.04.017","Loganberry (Rubus loganobaccus)","Poland","PL",0.2064,0.07,"01355.01"
"A.05.04.017","Loganberry (Rubus loganobaccus)","Portugal","PT",0.0262,0.07,"01355.01"
"A.05.04.017","Loganberry (Rubus loganobaccus)","Romania","RO",0.051,0.07,"01355.01"
"A.05.04.017","Loganberry (Rubus loganobaccus)","Zimbabwe","ZW",0.0111,0.07,"01355.01"
"A.05.04.022","Bilberries","Chile","CL",0.0954,0.07,"01355.01"
"A.05.04.022","Bilberries","Germany","DE",0.0555,0.07,"01355.01"
"A.05.04.022","Bilberries","Spain","ES",0.2709,0.07,"01355.01"
"A.05.04.022","Bilberries","France","FR",0.0721,0.07,"01355.01"
"A.05.04.022","Bilberries","Italy","IT",0.0746,0.07,"01355.01"
"A.05.04.022","Bilberries","Morocco","MA",0.0417,0.07,"01355.01"
"A.05.04.022","Bilberries","Netherlands (Kingdom of the)","NL",0.0731,0.07,"01355.01"
"A.05.04.022","Bilberries","Peru","PE",0.022,0.07,"01355.01"
"A.05.04.022","Bilberries","Poland","PL",0.2064,0.07,"01355.01"
"A.05.04.022","Bilberries","Portugal","PT",0.0262,0.07,"01355.01"
"A.05.04.022","Bilberries","Romania","RO",0.051,0.07,"01355.01"
"A.05.04.022","Bilberries","Zimbabwe","ZW",0.0111,0.07,"01355.01"
"A.05.04.026","Lingonberry (Vaccinium vitis-idaea)","Chile","CL",0.0954,0.07,"01355.01"
"A.05.04.026","Lingonberry (Vaccinium vitis-idaea)","Germany","DE",0.0555,0.07,"01355.01"
"A.05.04.026","Lingonberry (Vaccinium vitis-idaea)","Spain","ES",0.2709,0.07,"01355.01"
"A.05.04.026","Lingonberry (Vaccinium vitis-idaea)","France","FR",0.0721,0.07,"01355.01"
"A.05.04.026","Lingonberry (Vaccinium vitis-idaea)","Italy","IT",0.0746,0.07,"01355.01"
"A.05.04.026","Lingonberry (Vaccinium vitis-idaea)","Morocco","MA",0.0417,0.07,"01355.01"
"A.05.04.026","Lingonberry (Vaccinium vitis-idaea)","Netherlands (Kingdom of the)","NL",0.0731,0.07,"01355.01"
"A.05.04.026","Lingonberry (Vaccinium vitis-idaea)","Peru","PE",0.022,0.07,"01355.01"
"A.05.04.026","Lingonberry (Vaccinium vitis-idaea)","Poland","PL",0.2064,0.07,"01355.01"
"A.05.04.026","Lingonberry (Vaccinium vitis-idaea)","Portugal","PT",0.0262,0.07,"01355.01"
"A.05.04.026","Lingonberry (Vaccinium vitis-idaea)","Romania","RO",0.051,0.07,"01355.01"
"A.05.04.026","Lingonberry (Vaccinium vitis-idaea)","Zimbabwe","ZW",0.0111,0.07,"01355.01"
"A.05.04.029","Ground cherries (physalis etc.)","China, mainland","CN",0.0798,0.07,"01234"
"A.05.04.029","Ground cherries (physalis etc.)","Egypt","EG",0.0113,0.07,"01234"
"A.05.04.029","Ground cherries (physalis etc.)","Spain","ES",0.188,0.07,"01234"
"A.05.04.029","Ground cherries (physalis etc.)","Ireland","IE",0.0339,0.07,"01234"
"A.05.04.029","Ground cherries (physalis etc.)","Italy","IT",0.4339,0.07,"01234"
"A.05.04.029","Ground cherries (physalis etc.)","Morocco","MA",0.024,0.07,"01234"
"A.05.04.029","Ground cherries (physalis etc.)","Netherlands (Kingdom of the)","NL",0.1022,0.07,"01234"
"A.05.04.029","Ground cherries (physalis etc.)","Portugal","PT",0.0931,0.07,"01234"
"A.05.04.029","Ground cherries (physalis etc.)","Türkiye","TR",0.0125,0.07,"01234"
"A.05.04.029","Ground cherries (physalis etc.)","United States of America","US",0.0213,0.07,"01234"
"A.05.04.030","Sea buckthorns","Belgium","BE",0.0317,0.07,"01351.01"
"A.05.04.030","Sea buckthorns","Chile","CL",0.0203,0.07,"01351.01"
"A.05.04.030","Sea buckthorns","Germany","DE",0.0151,0.07,"01351.01"
"A.05.04.030","Sea buckthorns","Denmark","DK",0.0179,0.07,"01351.01"
"A.05.04.030","Sea buckthorns","Hungary","HU",0.027,0.07,"01351.01"
"A.05.04.030","Sea buckthorns","Ireland","IE",0.2918,0.07,"01351.01"
"A.05.04.030","Sea buckthorns","Netherlands (Kingdom of the)","NL",0.474,0.07,"01351.01"
"A.05.04.030","Sea buckthorns","Poland","PL",0.122,0.07,"01351.01"
"A.05.05.001","Olives for oil production","Spain","ES",0.6636,0.06,"01450"
"A.05.05.001","Olives for oil production","Greece","GR",0.0982,0.06,"01450"
"A.05.05.001","Olives for oil production","Italy","IT",0.1192,0.06,"01450"
"A.05.05.001","Olives for oil production","Morocco","MA",0.0208,0.06,"01450"
"A.05.05.001","Olives for oil production","Portugal","PT",0.0445,0.06,"01450"
"A.05.05.001","Olives for oil production","Tunisia","TN",0.0347,0.06,"01450"
"A.05.05.001","Olives for oil production","Türkiye","TR",0.0188,0.06,"01450"
"A.05.05.002","Palm nuts (palmoil kernels)","Austria","AT",0.0213,0.06,"01491.02"
"A.05.05.002","Palm nuts (palmoil kernels)","Bangladesh","BD",0.034,0.06,"01491.02"
"A.05.05.002","Palm nuts (palmoil kernels)","Canada","CA",0.0157,0.06,"01491.02"
"A.05.05.002","Palm nuts (palmoil kernels)","Côte d'Ivoire","CI",0.0788,0.06,"01491.02"
"A.05.05.002","Palm nuts (palmoil kernels)","China, mainland","CN",0.3434,0.06,"01491.02"
"A.05.05.002","Palm nuts (palmoil kernels)","Spain","ES",0.0769,0.06,"01491.02"
"A.05.05.002","Palm nuts (palmoil kernels)","Ethiopia","ET",0.0829,0.06,"01491.02"
"A.05.05.002","Palm nuts (palmoil kernels)","France","FR",0.1157,0.06,"01491.02"
"A.05.05.002","Palm nuts (palmoil kernels)","Greece","GR",0.0133,0.06,"01491.02"
"A.05.05.002","Palm nuts (palmoil kernels)","Hungary","HU",0.0258,0.06,"01491.02"
"A.05.05.002","Palm nuts (palmoil kernels)","India","IN",0.0123,0.06,"01491.02"
"A.05.05.002","Palm nuts (palmoil kernels)","Kenya","KE",0.0437,0.06,"01491.02"
"A.05.05.002","Palm nuts (palmoil kernels)","Malaysia","MY",0.0719,0.06,"01491.02"
"A.05.05.002","Palm nuts (palmoil kernels)","Poland","PL",0.0297,0.06,"01491.02"
"A.05.05.002","Palm nuts (palmoil kernels)","Ukraine","UA",0.0201,0.06,"01491.02"
"A.05.05.002","Palm nuts (palmoil kernels)","Uganda","UG",0.0146,0.06,"01491.02"
"A.05.05.003","Palmfruit (Elaeis guineensis)","Austria","AT",0.0213,0.06,"01491.01"
"A.05.05.003","Palmfruit (Elaeis guineensis)","Bangladesh","BD",0.034,0.06,"01491.01"
"A.05.05.003","Palmfruit (Elaeis guineensis)","Canada","CA",0.0157,0.06,"01491.01"
"A.05.05.003","Palmfruit (Elaeis guineensis)","Côte d'Ivoire","CI",0.0788,0.06,"01491.01"
"A.05.05.003","Palmfruit (Elaeis guineensis)","Côte d'Ivoire","CI",0.0126,0.06,"01491.01"
"A.05.05.003","Palmfruit (Elaeis guineensis)","China, mainland","CN",0.3434,0.06,"01491.01"
"A.05.05.003","Palmfruit (Elaeis guineensis)","Colombia","CO",0.0121,0.06,"01491.01"
"A.05.05.003","Palmfruit (Elaeis guineensis)","Spain","ES",0.0769,0.06,"01491.01"
"A.05.05.003","Palmfruit (Elaeis guineensis)","Ethiopia","ET",0.0829,0.06,"01491.01"
"A.05.05.003","Palmfruit (Elaeis guineensis)","France","FR",0.1157,0.06,"01491.01"
"A.05.05.003","Palmfruit (Elaeis guineensis)","Greece","GR",0.0133,0.06,"01491.01"
"A.05.05.003","Palmfruit (Elaeis guineensis)","Guatemala","GT",0.0232,0.06,"01491.01"
"A.05.05.003","Palmfruit (Elaeis guineensis)","Hungary","HU",0.0258,0.06,"01491.01"
"A.05.05.003","Palmfruit (Elaeis guineensis)","Indonesia","ID",0.6138,0.06,"01491.01"
"A.05.05.003","Palmfruit (Elaeis guineensis)","India","IN",0.0123,0.06,"01491.01"
"A.05.05.003","Palmfruit (Elaeis guineensis)","Kenya","KE",0.0437,0.06,"01491.01"
"A.05.05.003","Palmfruit (Elaeis guineensis)","Malaysia","MY",0.0719,0.06,"01491.01"
"A.05.05.003","Palmfruit (Elaeis guineensis)","Malaysia","MY",0.3073,0.06,"01491.01"
"A.05.05.003","Palmfruit (Elaeis guineensis)","Papua New Guinea","PG",0.031,0.06,"01491.01"
"A.05.05.003","Palmfruit (Elaeis guineensis)","Poland","PL",0.0297,0.06,"01491.01"
"A.05.05.003","Palmfruit (Elaeis guineensis)","Ukraine","UA",0.0201,0.06,"01491.01"
"A.05.05.003","Palmfruit (Elaeis guineensis)","Uganda","UG",0.0146,0.06,"01491.01"
"A.05.06.001","Dates","United Arab Emirates","AE",0.0632,0.07,"01314"
"A.05.06.001","Dates","Algeria","DZ",0.0975,0.07,"01314"
"A.05.06.001","Dates","Egypt","EG",0.0131,0.07,"01314"
"A.05.06.001","Dates","Israel","IL",0.2026,0.07,"01314"
"A.05.06.001","Dates","Iraq","IQ",0.0166,0.07,"01314"
"A.05.06.001","Dates","Iran (Islamic Republic of)","IR",0.0811,0.07,"01314"
"A.05.06.001","Dates","Jordan","JO",0.0333,0.07,"01314"
"A.05.06.001","Dates","Namibia","NA",0.0115,0.07,"01314"
"A.05.06.001","Dates","Pakistan","PK",0.0831,0.07,"01314"
"A.05.06.001","Dates","Palestine","PS",0.0582,0.07,"01314"
"A.05.06.001","Dates","Saudi Arabia","SA",0.1006,0.07,"01314"
"A.05.06.001","Dates","Tunisia","TN",0.2391,0.07,"01314"
"A.05.06.002","Figs","Brazil","BR",0.0213,0.07,"01315"
"A.05.06.002","Figs","Spain","ES",0.1944,0.07,"01315"
"A.05.06.002","Figs","France","FR",0.0172,0.07,"01315"
"A.05.06.002","Figs","Italy","IT",0.0144,0.07,"01315"
"A.05.06.002","Figs","Peru","PE",0.0135,0.07,"01315"
"A.05.06.002","Figs","Türkiye","TR",0.7392,0.07,"01315"
"A.05.06.003","Table olives","Spain","ES",0.6636,0.06,"01450"
"A.05.06.003","Table olives","Greece","GR",0.0982,0.06,"01450"
"A.05.06.003","Table olives","Italy","IT",0.1192,0.06,"01450"
"A.05.06.003","Table olives","Morocco","MA",0.0208,0.06,"01450"
"A.05.06.003","Table olives","Portugal","PT",0.0445,0.06,"01450"
"A.05.06.003","Table olives","Tunisia","TN",0.0347,0.06,"01450"
"A.05.06.003","Table olives","Türkiye","TR",0.0188,0.06,"01450"
"A.05.06.004","Kumquats","Argentina","AR",0.191,0.07,"01322"
"A.05.06.004","Kumquats","Brazil","BR",0.0903,0.07,"01322"
"A.05.06.004","Kumquats","Colombia","CO",0.0153,0.07,"01322"
"A.05.06.004","Kumquats","Spain","ES",0.4147,0.07,"01322"
"A.05.06.004","Kumquats","Italy","IT",0.0161,0.07,"01322"
"A.05.06.004","Kumquats","South Africa","ZA",0.2727,0.07,"01322"
"A.05.06.005","Carambolas","China, mainland","CN",0.087,0.07,"01359.90"
"A.05.06.005","Carambolas","Colombia","CO",0.0327,0.07,"01359.90"
"A.05.06.005","Carambolas","Costa Rica","CR",0.0844,0.07,"01359.90"
"A.05.06.005","Carambolas","Ecuador","EC",0.0663,0.07,"01359.90"
"A.05.06.005","Carambolas","Egypt","EG",0.1428,0.07,"01359.90"
"A.05.06.005","Carambolas","Guatemala","GT",0.0185,0.07,"01359.90"
"A.05.06.005","Carambolas","India","IN",0.0732,0.07,"01359.90"
"A.05.06.005","Carambolas","Morocco","MA",0.044,0.07,"01359.90"
"A.05.06.005","Carambolas","Mexico","MX",0.0434,0.07,"01359.90"
"A.05.06.005","Carambolas","Peru","PE",0.0638,0.07,"01359.90"
"A.05.06.005","Carambolas","Philippines","PH",0.0365,0.07,"01359.90"
"A.05.06.005","Carambolas","Serbia","RS",0.0448,0.07,"01359.90"
"A.05.06.005","Carambolas","Thailand","TH",0.0493,0.07,"01359.90"
"A.05.06.005","Carambolas","Türkiye","TR",0.1344,0.07,"01359.90"
"A.05.06.005","Carambolas","Viet Nam","VN",0.0556,0.07,"01359.90"
"A.05.06.005","Carambolas","South Africa","ZA",0.0235,0.07,"01359.90"
"A.05.06.006","Kaki","Australia","AU",0.0125,0.07,"01359.01"
"A.05.06.006","Kaki","Azerbaijan","AZ",0.0135,0.07,"01359.01"
"A.05.06.006","Kaki","Brazil","BR",0.6814,0.07,"01359.01"
"A.05.06.006","Kaki","Israel","IL",0.1818,0.07,"01359.01"
"A.05.06.006","Kaki","Iran (Islamic Republic of)","IR",0.017,0.07,"01359.01"
"A.05.06.006","Kaki","Pakistan","PK",0.0103,0.07,"01359.01"
"A.05.06.006","Kaki","Türkiye","TR",0.0836,0.07,"01359.01"
"A.05.06.008","Kiwi fruits (green, red, yellow)","Chile","CL",0.2151,0.07,"01352"
"A.05.06.008","Kiwi fruits (green, red, yellow)","France","FR",0.0176,0.07,"01352"
"A.05.06.008","Kiwi fruits (green, red, yellow)","Greece","GR",0.1134,0.07,"01352"
"A.05.06.008","Kiwi fruits (green, red, yellow)","Italy","IT",0.3807,0.07,"01352"
"A.05.06.008","Kiwi fruits (green, red, yellow)","New Zealand","NZ",0.2539,0.07,"01352"
"A.05.06.008","Kiwi fruits (green, red, yellow)","Portugal","PT",0.0192,0.07,"01352"
"A.05.06.009","Litchis","China, mainland","CN",0.087,0.07,"01359.90"
"A.05.06.009","Litchis","Colombia","CO",0.0327,0.07,"01359.90"
"A.05.06.009","Litchis","Costa Rica","CR",0.0844,0.07,"01359.90"
"A.05.06.009","Litchis","Ecuador","EC",0.0663,0.07,"01359.90"
"A.05.06.009","Litchis","Egypt","EG",0.1428,0.07,"01359.90"
"A.05.06.009","Litchis","Guatemala","GT",0.0185,0.07,"01359.90"
"A.05.06.009","Litchis","India","IN",0.0732,0.07,"01359.90"
"A.05.06.009","Litchis","Morocco","MA",0.044,0.07,"01359.90"
"A.05.06.009","Litchis","Mexico","MX",0.0434,0.07,"01359.90"
"A.05.06.009","Litchis","Peru","PE",0.0638,0.07,"01359.90"
"A.05.06.009","Litchis","Philippines","PH",0.0365,0.07,"01359.90"
"A.05.06.009","Litchis","Serbia","RS",0.0448,0.07,"01359.90"
"A.05.06.009","Litchis","Thailand","TH",0.0493,0.07,"01359.90"
"A.05.06.009","Litchis","Türkiye","TR",0.1344,0.07,"01359.90"
"A.05.06.009","Litchis","Viet Nam","VN",0.0556,0.07,"01359.90"
"A.05.06.009","Litchis","South Africa","ZA",0.0235,0.07,"01359.90"
"A.05.06.010","Passionfruits","China, mainland","CN",0.087,0.07,"01359.90"
"A.05.06.010","Passionfruits","Colombia","CO",0.0327,0.07,"01359.90"
"A.05.06.010","Passionfruits","Costa Rica","CR",0.0844,0.07,"01359.90"
"A.05.06.010","Passionfruits","Ecuador","EC",0.0663,0.07,"01359.90"
"A.05.06.010","Passionfruits","Egypt","EG",0.1428,0.07,"01359.90"
"A.05.06.010","Passionfruits","Guatemala","GT",0.0185,0.07,"01359.90"
"A.05.06.010","Passionfruits","India","IN",0.0732,0.07,"01359.90"
"A.05.06.010","Passionfruits","Morocco","MA",0.044,0.07,"01359.90"
"A.05.06.010","Passionfruits","Mexico","MX",0.0434,0.07,"01359.90"
"A.05.06.010","Passionfruits","Peru","PE",0.0638,0.07,"01359.90"
"A.05.06.010","Passionfruits","Philippines","PH",0.0365,0.07,"01359.90"
"A.05.06.010","Passionfruits","Serbia","RS",0.0448,0.07,"01359.90"
"A.05.06.010","Passionfruits","Thailand","TH",0.0493,0.07,"01359.90"
"A.05.06.010","Passionfruits","Türkiye","TR",0.1344,0.07,"01359.90"
"A.05.06.010","Passionfruits","Viet Nam","VN",0.0556,0.07,"01359.90"
"A.05.06.010","Passionfruits","South Africa","ZA",0.0235,0.07,"01359.90"
"A.05.06.011","Prickly pears","China, mainland","CN",0.087,0.07,"01359.90"
"A.05.06.011","Prickly pears","Colombia","CO",0.0327,0.07,"01359.90"
"A.05.06.011","Prickly pears","Costa Rica","CR",0.0844,0.07,"01359.90"
"A.05.06.011","Prickly pears","Ecuador","EC",0.0663,0.07,"01359.90"
"A.05.06.011","Prickly pears","Egypt","EG",0.1428,0.07,"01359.90"
"A.05.06.011","Prickly pears","Guatemala","GT",0.0185,0.07,"01359.90"
"A.05.06.011","Prickly pears","India","IN",0.0732,0.07,"01359.90"
"A.05.06.011","Prickly pears","Morocco","MA",0.044,0.07,"01359.90"
"A.05.06.011","Prickly pears","Mexico","MX",0.0434,0.07,"01359.90"
"A.05.06.011","Prickly pears","Peru","PE",0.0638,0.07,"01359.90"
"A.05.06.011","Prickly pears","Philippines","PH",0.0365,0.07,"01359.90"
"A.05.06.011","Prickly pears","Serbia","RS",0.0448,0.07,"01359.90"
"A.05.06.011","Prickly pears","Thailand","TH",0.0493,0.07,"01359.90"
"A.05.06.011","Prickly pears","Türkiye","TR",0.1344,0.07,"01359.90"
"A.05.06.011","Prickly pears","Viet Nam","VN",0.0556,0.07,"01359.90"
"A.05.06.011","Prickly pears","South Africa","ZA",0.0235,0.07,"01359.90"
"A.05.06.013","American persimmons","China, mainland","CN",0.0798,0.07,"01234"
"A.05.06.013","American persimmons","Egypt","EG",0.0113,0.07,"01234"
"A.05.06.013","American persimmons","Spain","ES",0.188,0.07,"01234"
"A.05.06.013","American persimmons","Ireland","IE",0.0339,0.07,"01234"
"A.05.06.013","American persimmons","Italy","IT",0.4339,0.07,"01234"
"A.05.06.013","American persimmons","Morocco","MA",0.024,0.07,"01234"
"A.05.06.013","American persimmons","Netherlands (Kingdom of the)","NL",0.1022,0.07,"01234"
"A.05.06.013","American persimmons","Portugal","PT",0.0931,0.07,"01234"
"A.05.06.013","American persimmons","Türkiye","TR",0.0125,0.07,"01234"
"A.05.06.013","American persimmons","United States of America","US",0.0213,0.07,"01234"
"A.05.06.014","Avocados","Chile","CL",0.0935,0.07,"01311"
"A.05.06.014","Avocados","Colombia","CO",0.1233,0.07,"01311"
"A.05.06.014","Avocados","Dominican Republic","DO",0.0162,0.07,"01311"
"A.05.06.014","Avocados","Spain","ES",0.0251,0.07,"01311"
"A.05.06.014","Avocados","Israel","IL",0.0772,0.07,"01311"
"A.05.06.014","Avocados","Kenya","KE",0.0741,0.07,"01311"
"A.05.06.014","Avocados","Morocco","MA",0.0217,0.07,"01311"
"A.05.06.014","Avocados","Mexico","MX",0.02,0.07,"01311"
"A.05.06.014","Avocados","Peru","PE",0.4438,0.07,"01311"
"A.05.06.014","Avocados","South Africa","ZA",0.1051,0.07,"01311"
"A.05.06.015","Bananas (Musa × paradisica)","Belize","BZ",0.246,0.07,"01312"
"A.05.06.015","Bananas (Musa × paradisica)","Colombia","CO",0.0254,0.07,"01312"
"A.05.06.015","Bananas (Musa × paradisica)","Costa Rica","CR",0.4898,0.07,"01312"
"A.05.06.015","Bananas (Musa × paradisica)","Dominican Republic","DO",0.1119,0.07,"01312"
"A.05.06.015","Bananas (Musa × paradisica)","Ecuador","EC",0.0478,0.07,"01312"
"A.05.06.015","Bananas (Musa × paradisica)","Guatemala","GT",0.0392,0.07,"01312"
"A.05.06.015","Bananas (Musa × paradisica)","Honduras","HN",0.0125,0.07,"01312"
"A.05.06.015","Bananas (Musa × paradisica)","Nicaragua","NI",0.0275,0.07,"01312"
"A.05.06.016","Mangoes","Burkina Faso","BF",0.0219,0.07,"01316"
"A.05.06.016","Mangoes","Brazil","BR",0.3709,0.07,"01316"
"A.05.06.016","Mangoes","Côte d'Ivoire","CI",0.0634,0.07,"01316"
"A.05.06.016","Mangoes","Dominican Republic","DO",0.0443,0.07,"01316"
"A.05.06.016","Mangoes","Israel","IL",0.0212,0.07,"01316"
"A.05.06.016","Mangoes","India","IN",0.036,0.07,"01316"
"A.05.06.016","Mangoes","Mali","ML",0.0128,0.07,"01316"
"A.05.06.016","Mangoes","Mexico","MX",0.0201,0.07,"01316"
"A.05.06.016","Mangoes","Peru","PE",0.3076,0.07,"01316"
"A.05.06.016","Mangoes","Pakistan","PK",0.0528,0.07,"01316"
"A.05.06.016","Mangoes","Senegal","SN",0.0153,0.07,"01316"
"A.05.06.016","Mangoes","South Africa","ZA",0.0337,0.07,"01316"
"A.05.06.017","Papayas","Bangladesh","BD",0.143,0.07,"01317"
"A.05.06.017","Papayas","Brazil","BR",0.81,0.07,"01317"
"A.05.06.017","Papayas","Mexico","MX",0.0126,0.07,"01317"
"A.05.06.017","Papayas","Panama","PA",0.015,0.07,"01317"
"A.05.06.017","Papayas","Thailand","TH",0.0194,0.07,"01317"
"A.05.06.018","Granate apples","China, mainland","CN",0.087,0.07,"01359.90"
"A.05.06.018","Granate apples","Colombia","CO",0.0327,0.07,"01359.90"
"A.05.06.018","Granate apples","Costa Rica","CR",0.0844,0.07,"01359.90"
"A.05.06.018","Granate apples","Ecuador","EC",0.0663,0.07,"01359.90"
"A.05.06.018","Granate apples","Egypt","EG",0.1428,0.07,"01359.90"
"A.05.06.018","Granate apples","Guatemala","GT",0.0185,0.07,"01359.90"
"A.05.06.018","Granate apples","India","IN",0.0732,0.07,"01359.90"
"A.05.06.018","Granate apples","Morocco","MA",0.044,0.07,"01359.90"
"A.05.06.018","Granate apples","Mexico","MX",0.0434,0.07,"01359.90"
"A.05.06.018","Granate apples","Peru","PE",0.0638,0.07,"01359.90"
"A.05.06.018","Granate apples","Philippines","PH",0.0365,0.07,"01359.90"
"A.05.06.018","Granate apples","Serbia","RS",0.0448,0.07,"01359.90"
"A.05.06.018","Granate apples","Thailand","TH",0.0493,0.07,"01359.90"
"A.05.06.018","Granate apples","Türkiye","TR",0.1344,0.07,"01359.90"
"A.05.06.018","Granate apples","Viet Nam","VN",0.0556,0.07,"01359.90"
"A.05.06.018","Granate apples","South Africa","ZA",0.0235,0.07,"01359.90"
"A.05.06.019","Wild sweetsops","China, mainland","CN",0.087,0.07,"01359.90"
"A.05.06.019","Wild sweetsops","Colombia","CO",0.0327,0.07,"01359.90"
"A.05.06.019","Wild sweetsops","Costa Rica","CR",0.0844,0.07,"01359.90"
"A.05.06.019","Wild sweetsops","Ecuador","EC",0.0663,0.07,"01359.90"
"A.05.06.019","Wild sweetsops","Egypt","EG",0.1428,0.07,"01359.90"
"A.05.06.019","Wild sweetsops","Guatemala","GT",0.0185,0.07,"01359.90"
"A.05.06.019","Wild sweetsops","India","IN",0.0732,0.07,"01359.90"
"A.05.06.019","Wild sweetsops","Morocco","MA",0.044,0.07,"01359.90"
"A.05.06.019","Wild sweetsops","Mexico","MX",0.0434,0.07,"01359.90"
"A.05.06.019","Wild sweetsops","Peru","PE",0.0638,0.07,"01359.90"
"A.05.06.019","Wild sweetsops","Philippines","PH",0.0365,0.07,"01359.90"
"A.05.06.019","Wild sweetsops","Serbia","RS",0.0448,0.07,"01359.90"
"A.05.06.019","Wild sweetsops","Thailand","TH",0.0493,0.07,"01359.90"
"A.05.06.019","Wild sweetsops","Türkiye","TR",0.1344,0.07,"01359.90"
"A.05.06.019","Wild sweetsops","Viet Nam","VN",0.0556,0.07,"01359.90"
"A.05.06.019","Wild sweetsops","South Africa","ZA",0.0235,0.07,"01359.90"
"A.05.06.020","Guavas","Burkina Faso","BF",0.0219,0.07,"01316"
"A.05.06.020","Guavas","Brazil","BR",0.3709,0.07,"01316"
"A.05.06.020","Guavas","Côte d'Ivoire","CI",0.0634,0.07,"01316"
"A.05.06.020","Guavas","Dominican Republic","DO",0.0443,0.07,"01316"
"A.05.06.020","Guavas","Israel","IL",0.0212,0.07,"01316"
"A.05.06.020","Guavas","India","IN",0.036,0.07,"01316"
"A.05.06.020","Guavas","Mali","ML",0.0128,0.07,"01316"
"A.05.06.020","Guavas","Mexico","MX",0.0201,0.07,"01316"
"A.05.06.020","Guavas","Peru","PE",0.3076,0.07,"01316"
"A.05.06.020","Guavas","Pakistan","PK",0.0528,0.07,"01316"
"A.05.06.020","Guavas","Senegal","SN",0.0153,0.07,"01316"
"A.05.06.020","Guavas","South Africa","ZA",0.0337,0.07,"01316"
"A.05.06.021","Pineapples","Costa Rica","CR",0.7996,0.07,"01318"
"A.05.06.021","Pineapples","Ecuador","EC",0.0149,0.07,"01318"
"A.05.06.021","Pineapples","Indonesia","ID",0.0249,0.07,"01318"
"A.05.06.021","Pineapples","Kenya","KE",0.0523,0.07,"01318"
"A.05.06.021","Pineapples","Philippines","PH",0.0287,0.07,"01318"
"A.05.06.021","Pineapples","Eswatini","SZ",0.0106,0.07,"01318"
"A.05.06.021","Pineapples","Thailand","TH",0.0585,0.07,"01318"
"A.05.06.021","Pineapples","Viet Nam","VN",0.0104,0.07,"01318"
"A.05.06.022","Bread fruit (jackfruit) (Artocarpus altilis)","China, mainland","CN",0.087,0.07,"01359.90"
"A.05.06.022","Bread fruit (jackfruit) (Artocarpus altilis)","Colombia","CO",0.0327,0.07,"01359.90"
"A.05.06.022","Bread fruit (jackfruit) (Artocarpus altilis)","Costa Rica","CR",0.0844,0.07,"01359.90"
"A.05.06.022","Bread fruit (jackfruit) (Artocarpus altilis)","Ecuador","EC",0.0663,0.07,"01359.90"
"A.05.06.022","Bread fruit (jackfruit) (Artocarpus altilis)","Egypt","EG",0.1428,0.07,"01359.90"
"A.05.06.022","Bread fruit (jackfruit) (Artocarpus altilis)","Guatemala","GT",0.0185,0.07,"01359.90"
"A.05.06.022","Bread fruit (jackfruit) (Artocarpus altilis)","India","IN",0.0732,0.07,"01359.90"
"A.05.06.022","Bread fruit (jackfruit) (Artocarpus altilis)","Morocco","MA",0.044,0.07,"01359.90"
"A.05.06.022","Bread fruit (jackfruit) (Artocarpus altilis)","Mexico","MX",0.0434,0.07,"01359.90"
"A.05.06.022","Bread fruit (jackfruit) (Artocarpus altilis)","Peru","PE",0.0638,0.07,"01359.90"
"A.05.06.022","Bread fruit (jackfruit) (Artocarpus altilis)","Philippines","PH",0.0365,0.07,"01359.90"
"A.05.06.022","Bread fruit (jackfruit) (Artocarpus altilis)","Serbia","RS",0.0448,0.07,"01359.90"
"A.05.06.022","Bread fruit (jackfruit) (Artocarpus altilis)","Thailand","TH",0.0493,0.07,"01359.90"
"A.05.06.022","Bread fruit (jackfruit) (Artocarpus altilis)","Türkiye","TR",0.1344,0.07,"01359.90"
"A.05.06.022","Bread fruit (jackfruit) (Artocarpus altilis)","Viet Nam","VN",0.0556,0.07,"01359.90"
"A.05.06.022","Bread fruit (jackfruit) (Artocarpus altilis)","South Africa","ZA",0.0235,0.07,"01359.90"
"A.05.06.029","Papayas","Bangladesh","BD",0.143,0.07,"01317"
"A.05.06.029","Papayas","Brazil","BR",0.81,0.07,"01317"
"A.05.06.029","Papayas","Mexico","MX",0.0126,0.07,"01317"
"A.05.06.029","Papayas","Panama","PA",0.015,0.07,"01317"
"A.05.06.029","Papayas","Thailand","TH",0.0194,0.07,"01317"
"A.05.06.030","Chayote (Sechium edule)","China, mainland","CN",0.087,0.07,"01359.90"
"A.05.06.030","Chayote (Sechium edule)","Colombia","CO",0.0327,0.07,"01359.90"
"A.05.06.030","Chayote (Sechium edule)","Costa Rica","CR",0.0844,0.07,"01359.90"
"A.05.06.030","Chayote (Sechium edule)","Ecuador","EC",0.0663,0.07,"01359.90"
"A.05.06.030","Chayote (Sechium edule)","Egypt","EG",0.1428,0.07,"01359.90"
"A.05.06.030","Chayote (Sechium edule)","Guatemala","GT",0.0185,0.07,"01359.90"
"A.05.06.030","Chayote (Sechium edule)","India","IN",0.0732,0.07,"01359.90"
"A.05.06.030","Chayote (Sechium edule)","Morocco","MA",0.044,0.07,"01359.90"
"A.05.06.030","Chayote (Sechium edule)","Mexico","MX",0.0434,0.07,"01359.90"
"A.05.06.030","Chayote (Sechium edule)","Peru","PE",0.0638,0.07,"01359.90"
"A.05.06.030","Chayote (Sechium edule)","Philippines","PH",0.0365,0.07,"01359.90"
"A.05.06.030","Chayote (Sechium edule)","Serbia","RS",0.0448,0.07,"01359.90"
"A.05.06.030","Chayote (Sechium edule)","Thailand","TH",0.0493,0.07,"01359.90"
"A.05.06.030","Chayote (Sechium edule)","Türkiye","TR",0.1344,0.07,"01359.90"
"A.05.06.030","Chayote (Sechium edule)","Viet Nam","VN",0.0556,0.07,"01359.90"
"A.05.06.030","Chayote (Sechium edule)","South Africa","ZA",0.0235,0.07,"01359.90"
"A.05.06.034","Longans","China, mainland","CN",0.087,0.07,"01359.90"
"A.05.06.034","Longans","Colombia","CO",0.0327,0.07,"01359.90"
"A.05.06.034","Longans","Costa Rica","CR",0.0844,0.07,"01359.90"
"A.05.06.034","Longans","Ecuador","EC",0.0663,0.07,"01359.90"
"A.05.06.034","Longans","Egypt","EG",0.1428,0.07,"01359.90"
"A.05.06.034","Longans","Guatemala","GT",0.0185,0.07,"01359.90"
"A.05.06.034","Longans","India","IN",0.0732,0.07,"01359.90"
"A.05.06.034","Longans","Morocco","MA",0.044,0.07,"01359.90"
"A.05.06.034","Longans","Mexico","MX",0.0434,0.07,"01359.90"
"A.05.06.034","Longans","Peru","PE",0.0638,0.07,"01359.90"
"A.05.06.034","Longans","Philippines","PH",0.0365,0.07,"01359.90"
"A.05.06.034","Longans","Serbia","RS",0.0448,0.07,"01359.90"
"A.05.06.034","Longans","Thailand","TH",0.0493,0.07,"01359.90"
"A.05.06.034","Longans","Türkiye","TR",0.1344,0.07,"01359.90"
"A.05.06.034","Longans","Viet Nam","VN",0.0556,0.07,"01359.90"
"A.05.06.034","Longans","South Africa","ZA",0.0235,0.07,"01359.90"
"A.06.01.001","Bovine muscle","United Kingdom of Great Britain and Northern Ireland","GB",0.031,0.057,"21111.02"
"A.06.01.001","Bovine muscle","Ireland","IE",0.969,0.057,"21111.02"
"A.06.01.002","Calf fresh meat","United Kingdom of Great Britain and Northern Ireland","GB",0.031,0.057,"21111.02"
"A.06.01.002","Calf fresh meat","Ireland","IE",0.969,0.057,"21111.02"
"A.06.01.003","Pig muscle","Germany","DE",0.0272,0.057,"21113.02"
"A.06.01.003","Pig muscle","Denmark","DK",0.0162,0.057,"21113.02"
"A.06.01.003","Pig muscle","Spain","ES",0.018,0.057,"21113.02"
"A.06.01.003","Pig muscle","United Kingdom of Great Britain and Northern Ireland","GB",0.0289,0.057,"21113.02"
"A.06.01.003","Pig muscle","Ireland","IE",0.8677,0.057,"21113.02"
"A.06.01.003","Pig muscle","Netherlands (Kingdom of the)","NL",0.0312,0.057,"21113.02"
"A.06.01.003","Pig muscle","Poland","PL",0.0108,0.057,"21113.02"
"A.06.01.004","Sheep muscle","United Kingdom of Great Britain and Northern Ireland","GB",0.0407,0.057,"21115"
"A.06.01.004","Sheep muscle","Ireland","IE",0.9593,0.057,"21115"
"A.06.01.005","Goat muscle","RoW","RoW",1,0.057,"21116"
"A.06.01.006","Equine muscle","Switzerland","CH",1,0.057,"21118.01"
"A.06.01.007","Rabbit fresh meat","Argentina","AR",0.0133,0.057,"21114"
"A.06.01.007","Rabbit fresh meat","China, mainland","CN",0.0257,0.057,"21114"
"A.06.01.007","Rabbit fresh meat","Spain","ES",0.0217,0.057,"21114"
"A.06.01.007","Rabbit fresh meat","France","FR",0.9394,0.057,"21114"
"A.06.02.001","Chicken meat (Gallus domesticus)","Belgium","BE",0.0114,0.057,"21121"
"A.06.02.001","Chicken meat (Gallus domesticus)","Brazil","BR",0.0276,0.057,"21121"
"A.06.02.001","Chicken meat (Gallus domesticus)","China, mainland","CN",0.0255,0.057,"21121"
"A.06.02.001","Chicken meat (Gallus domesticus)","Germany","DE",0.0275,0.057,"21121"
"A.06.02.001","Chicken meat (Gallus domesticus)","United Kingdom of Great Britain and Northern Ireland","GB",0.1005,0.057,"21121"
"A.06.02.001","Chicken meat (Gallus domesticus)","Ireland","IE",0.5798,0.057,"21121"
"A.06.02.001","Chicken meat (Gallus domesticus)","Netherlands (Kingdom of the)","NL",0.0744,0.057,"21121"
"A.06.02.001","Chicken meat (Gallus domesticus)","Poland","PL",0.0908,0.057,"21121"
"A.06.02.001","Chicken meat (Gallus domesticus)","Thailand","TH",0.0624,0.057,"21121"
"A.06.02.002","Turkey fresh meat","Germany","DE",0.208,0.057,"21124"
"A.06.02.002","Turkey fresh meat","France","FR",0.0144,0.057,"21124"
"A.06.02.002","Turkey fresh meat","United Kingdom of Great Britain and Northern Ireland","GB",0.0209,0.057,"21124"
"A.06.02.002","Turkey fresh meat","Ireland","IE",0.6248,0.057,"21124"
"A.06.02.002","Turkey fresh meat","Italy","IT",0.0169,0.057,"21124"
"A.06.02.002","Turkey fresh meat","Poland","PL",0.115,0.057,"21124"
"A.06.02.003","Duck fresh meat","RoW","RoW",1,0.057,"21122"
"A.06.02.004","Goose fresh meat","Austria","AT",0.0282,0.057,"21123"
"A.06.02.004","Goose fresh meat","Germany","DE",0.8621,0.057,"21123"
"A.06.02.004","Goose fresh meat","United Kingdom of Great Britain and Northern Ireland","GB",0.1097,0.057,"21123"
"A.06.02.005","Pigeon fresh meat","Botswana","BW",0.0186,0.057,"21170.01"
"A.06.02.005","Pigeon fresh meat","China, mainland","CN",0.3017,0.057,"21170.01"
"A.06.02.005","Pigeon fresh meat","United Kingdom of Great Britain and Northern Ireland","GB",0.0201,0.057,"21170.01"
"A.06.02.005","Pigeon fresh meat","Iceland","IS",0.0721,0.057,"21170.01"
"A.06.02.005","Pigeon fresh meat","Japan","JP",0.0605,0.057,"21170.01"
"A.06.02.005","Pigeon fresh meat","Republic of Korea","KR",0.0457,0.057,"21170.01"
"A.06.02.005","Pigeon fresh meat","Norway","NO",0.1161,0.057,"21170.01"
"A.06.02.005","Pigeon fresh meat","New Zealand","NZ",0.3024,0.057,"21170.01"
"A.06.02.005","Pigeon fresh meat","Pakistan","PK",0.0134,0.057,"21170.01"
"A.06.02.005","Pigeon fresh meat","Türkiye","TR",0.0142,0.057,"21170.01"
"A.06.02.005","Pigeon fresh meat","Viet Nam","VN",0.0353,0.057,"21170.01"
"A.06.02.006","Guinea-fowl fresh meat","Belgium","BE",0.0114,0.057,"21121"
"A.06.02.006","Guinea-fowl fresh meat","Brazil","BR",0.0276,0.057,"21121"
"A.06.02.006","Guinea-fowl fresh meat","China, mainland","CN",0.0255,0.057,"21121"
"A.06.02.006","Guinea-fowl fresh meat","Germany","DE",0.0275,0.057,"21121"
"A.06.02.006","Guinea-fowl fresh meat","United Kingdom of Great Britain and Northern Ireland","GB",0.1005,0.057,"21121"
"A.06.02.006","Guinea-fowl fresh meat","Ireland","IE",0.5798,0.057,"21121"
"A.06.02.006","Guinea-fowl fresh meat","Netherlands (Kingdom of the)","NL",0.0744,0.057,"21121"
"A.06.02.006","Guinea-fowl fresh meat","Poland","PL",0.0908,0.057,"21121"
"A.06.02.006","Guinea-fowl fresh meat","Thailand","TH",0.0624,0.057,"21121"
"A.06.02.007","Ratites fresh meat","RoW","RoW",1,0.057,"21170.02"
"A.06.03.001","Wild boar fresh meat","RoW","RoW",1,0.057,"21170.02"
"A.06.03.002","Deer, red fresh meat","RoW","RoW",1,0.057,"21170.02"
"A.06.03.003","European moose meat","RoW","RoW",1,0.057,"21170.02"
"A.06.03.004","Reindeer meat","RoW","RoW",1,0.057,"21170.02"
"A.06.03.006","Hare fresh meat","Argentina","AR",0.0133,0.057,"21114"
"A.06.03.006","Hare fresh meat","China, mainland","CN",0.0257,0.057,"21114"
"A.06.03.006","Hare fresh meat","Spain","ES",0.0217,0.057,"21114"
"A.06.03.006","Hare fresh meat","France","FR",0.9394,0.057,"21114"
"A.06.04.001","Pheasant fresh meat","RoW","RoW",1,0.057,"21170.02"
"A.06.04.003","Mallard fresh meat","RoW","RoW",1,0.057,"21170.02"
"A.06.04.004","Partridge fresh meat","RoW","RoW",1,0.057,"21170.02"
"A.06.04.005","Quail fresh meat","RoW","RoW",1,0.057,"21170.02"
"A.07.01.001","Herrings","Rest of World","RoW",1,0.02,"BF-01"
"A.07.01.002","Sprat","Rest of World","RoW",1,0.02,"BF-03"
"A.07.01.003","European sardine","Rest of World","RoW",1,0.02,"BF-04"
"A.07.01.004","Anchovies","Rest of World","RoW",1,0.02,"BF-05"
"A.07.01.007","Char","Rest of World","RoW",1,0.02,"BF-06"
"A.07.01.008","Smelt","Rest of World","RoW",1,0.02,"BF-07"
"A.07.01.009","Whitefishes or coregonus","Rest of World","RoW",1,0.02,"BF-08"
"A.07.01.010","Perch","Rest of World","RoW",1,0.02,"BF-09"
"A.07.01.011","Sea bass","Rest of World","RoW",1,0.02,"BF-10"
"A.07.01.013","Mackerel","Rest of World","RoW",1,0.02,"BF-11"
"A.07.01.014","Tuna and bonito (generic)","Rest of World","RoW",1,0.02,"BF-12"
"A.07.01.016","Mullets","Rest of World","RoW",1,0.02,"BF-13"
"A.07.01.018","Hakes","Rest of World","RoW",1,0.02,"BF-14"
"A.07.01.019","Flounders","Rest of World","RoW",1,0.02,"BF-15"
"A.07.01.020","Halibut","Rest of World","RoW",1,0.02,"BF-16"
"A.07.01.021","Plaice","Rest of World","RoW",1,0.02,"BF-17"
"A.07.01.022","Sole","Rest of World","RoW",1,0.02,"BF-18"
"A.07.01.024","Carps","Rest of World","RoW",1,0.02,"BF-19"
"A.07.01.026","Freshwater bream - Europe","Rest of World","RoW",1,0.02,"BF-20"
"A.07.01.027","River eels","Rest of World","RoW",1,0.02,"BF-21"
"A.07.01.029","Anglerfish and monkfish","Rest of World","RoW",1,0.02,"BF-22"
"A.07.01.030","Sharks","Rest of World","RoW",1,0.02,"BF-23"
"A.07.01.031","Rays","Rest of World","RoW",1,0.02,"BF-24"
"A.07.01.032","Sturgeon roe","Rest of World","RoW",1,0.02,"BF-25"
"A.07.01.033","Bonito","Rest of World","RoW",1,0.02,"BF-26"
"A.07.01.035","Sardines and sardine-type fishes","Rest of World","RoW",1,0.02,"BF-27"
"A.07.01.036","Swordfish","Rest of World","RoW",1,0.02,"BF-28"
"A.07.04.001","Freshwater crabs","Rest of World","RoW",1,0.02,"BF-29"
"A.07.04.002","Lobsters","Rest of World","RoW",1,0.02,"BF-30"
"A.07.04.003","Lobster, norway","Rest of World","RoW",1,0.02,"BF-31"
"A.07.04.004","Prawn, giant tiger","Rest of World","RoW",1,0.02,"BF-32"
"A.07.04.005","White shrimp","Rest of World","RoW",1,0.02,"BF-33"
"A.07.04.006","Spiny and rock lobsters","Rest of World","RoW",1,0.02,"BF-34"
"A.07.04.007","Freshwater crayfishes","Rest of World","RoW",1,0.02,"BF-35"
"A.07.05.001","Squids","Rest of World","RoW",1,0.02,"BF-36"
"A.07.05.002","Octopuses","Rest of World","RoW",1,0.02,"BF-37"
"A.07.05.003","Cuttlefishes","Rest of World","RoW",1,0.02,"BF-38"
"A.07.05.005","Clams","Rest of World","RoW",1,0.02,"BF-39"
"A.07.05.006","Cockles","Rest of World","RoW",1,0.02,"BF-40"
"A.07.05.007","Mussels","Rest of World","RoW",1,0.02,"BF-41"
"A.07.05.008","Oysters","Rest of World","RoW",1,0.02,"BF-42"
"A.07.05.010","Scallops, pectens","Rest of World","RoW",1,0.02,"BF-43"
"A.07.05.013","Whelk (Buccinum undatum, Fusus antiquus)","Rest of World","RoW",1,0.02,"BF-44"
"A.07.05.014","Winkle (Littorina littorea)","Rest of World","RoW",1,0.02,"BF-44"
"A.07.06.001","Frogs (legs)","Rest of World","RoW",1,0.02,"BF-45"
"A.07.06.004","Snails","Rest of World","RoW",1,0.02,"BF-46"
"A.08.01.001.001","Cow milk, > 4% fat (inc. Channel Island milk)","Germany","DE",0.0317,0.017,"02211"
"A.08.01.001.001","Cow milk, > 4% fat (inc. Channel Island milk)","France","FR",0.0126,0.017,"02211"
"A.08.01.001.001","Cow milk, > 4% fat (inc. Channel Island milk)","United Kingdom of Great Britain and Northern Ireland","GB",0.096,0.017,"02211"
"A.08.01.001.001","Cow milk, > 4% fat (inc. Channel Island milk)","Ireland","IE",0.838,0.017,"02211"
"A.08.01.001.001","Cow milk, > 4% fat (inc. Channel Island milk)","Netherlands (Kingdom of the)","NL",0.0217,0.017,"02211"
"A.08.01.001.002","Cow milk","Germany","DE",0.0317,0.017,"02211"
"A.08.01.001.002","Cow milk","France","FR",0.0126,0.017,"02211"
"A.08.01.001.002","Cow milk","United Kingdom of Great Britain and Northern Ireland","GB",0.096,0.017,"02211"
"A.08.01.001.002","Cow milk","Ireland","IE",0.838,0.017,"02211"
"A.08.01.001.002","Cow milk","Netherlands (Kingdom of the)","NL",0.0217,0.017,"02211"
"A.08.01.002","Sheep milk","RoW","RoW",1,0.017,"02291"
"A.08.01.003","Water buffalo milk","Indonesia","ID",0.0452,0.07,"02212"
"A.08.01.003","Water buffalo milk","Madagascar","MG",0.81,0.07,"02212"
"A.08.01.003","Water buffalo milk","Papua New Guinea","PG",0.0691,0.07,"02212"
"A.08.01.003","Water buffalo milk","Uganda","UG",0.0757,0.07,"02212"
"A.08.01.005","Goat milk","RoW","RoW",1,0.017,"02292"
"A.08.01.007","Ass milk","Germany","DE",0.0317,0.017,"02211"
"A.08.01.007","Ass milk","France","FR",0.0126,0.017,"02211"
"A.08.01.007","Ass milk","United Kingdom of Great Britain and Northern Ireland","GB",0.096,0.017,"02211"
"A.08.01.007","Ass milk","Ireland","IE",0.838,0.017,"02211"
"A.08.01.007","Ass milk","Netherlands (Kingdom of the)","NL",0.0217,0.017,"02211"
"A.08.01.009","Human milk","Rest of World","RoW",1,0,"MI-50"
"A.09.01.001","Hen eggs","Germany","DE",0.0832,0.017,"0231"
"A.09.01.001","Hen eggs","Denmark","DK",0.011,0.017,"0231"
"A.09.01.001","Hen eggs","Spain","ES",0.035,0.017,"0231"
"A.09.01.001","Hen eggs","United Kingdom of Great Britain and Northern Ireland","GB",0.4687,0.017,"0231"
"A.09.01.001","Hen eggs","Italy","IT",0.0119,0.017,"0231"
"A.09.01.001","Hen eggs","Sweden","SE",0.012,0.017,"0231"
"A.09.01.001","Hen eggs","Ukraine","UA",0.0644,0.017,"0231"
"A.09.01.001","Hen eggs","United States of America","US",0.3138,0.017,"0231"
"A.09.01.005","Duck eggs","Brazil","BR",0.0302,0.017,"0232"
"A.09.01.005","Duck eggs","China, mainland","CN",0.2592,0.017,"0232"
"A.09.01.005","Duck eggs","United Kingdom of Great Britain and Northern Ireland","GB",0.699,0.017,"0232"
"A.09.01.005","Duck eggs","Namibia","NA",0.0117,0.017,"0232"
"A.09.01.006","Goose eggs","Brazil","BR",0.0302,0.017,"0232"
"A.09.01.006","Goose eggs","China, mainland","CN",0.2592,0.017,"0232"
"A.09.01.006","Goose eggs","United Kingdom of Great Britain and Northern Ireland","GB",0.699,0.017,"0232"
"A.09.01.006","Goose eggs","Namibia","NA",0.0117,0.017,"0232"
"A.09.01.007","Quail eggs","Brazil","BR",0.0302,0.017,"0232"
"A.09.01.007","Quail eggs","China, mainland","CN",0.2592,0.017,"0232"
"A.09.01.007","Quail eggs","United Kingdom of Great Britain and Northern Ireland","GB",0.699,0.017,"0232"
"A.09.01.007","Quail eggs","Namibia","NA",0.0117,0.017,"0232"
"A.10.02.001","Nutritive sweeteners (e.g., sorbitol, manitol)","Rest of World","RoW",1,0,"MI-44"
"A.10.02.001.007","Hydrogenated starch hydrolysates","Rest of World","RoW",1,0,"MI-28"
"A.10.02.002.001","Saccharine","Rest of World","RoW",1,0,"MI-45"
"A.10.02.002.002","Aspartam","Rest of World","RoW",1,0,"MI-02"
"A.10.02.002.003","Acesulfame K","Rest of World","RoW",1,0,"MI-03"
"A.10.02.002.004","Sucralose","Rest of World","RoW",1,0,"MI-04"
"A.10.02.002.005","Cyclamate","Rest of World","RoW",1,0,"MI-46"
"A.10.07","Honey","Argentina","AR",0.0502,0.06,"02910"
"A.10.07","Honey","China, mainland","CN",0.5636,0.06,"02910"
"A.10.07","Honey","Spain","ES",0.0758,0.06,"02910"
"A.10.07","Honey","United Kingdom of Great Britain and Northern Ireland","GB",0.0213,0.06,"02910"
"A.10.07","Honey","Italy","IT",0.1202,0.06,"02910"
"A.10.07","Honey","Mexico","MX",0.012,0.06,"02910"
"A.10.07","Honey","New Zealand","NZ",0.0127,0.06,"02910"
"A.10.07","Honey","Portugal","PT",0.0131,0.06,"02910"
"A.10.07","Honey","Romania","RO",0.0167,0.06,"02910"
"A.10.07","Honey","Türkiye","TR",0.0166,0.06,"02910"
"A.10.07","Honey","Ukraine","UA",0.0868,0.06,"02910"
"A.10.07","Honey","Viet Nam","VN",0.0111,0.06,"02910"
"A.15","Drinking water","Rest of World","RoW",1,0,"MI-05"
"A.15.01","Tap water","Rest of World","RoW",1,0,"MI-06"
"A.15.02","Well water","Rest of World","RoW",1,0,"MI-07"
"A.15.03","Bottled water","Rest of World","RoW",1,0,"MI-08"
"A.15.03.001","Bottled water","Rest of World","RoW",1,0,"MI-09"
"A.15.03.002","Bottled water","Rest of World","RoW",1,0,"MI-10"
"A.15.04","Drinking water","Rest of World","RoW",1,0,"MI-11"
"A.16.01.001","Chervil","Argentina","AR",0.0147,0.07,"01654"
"A.16.01.001","Chervil","China, mainland","CN",0.0364,0.07,"01654"
"A.16.01.001","Chervil","Egypt","EG",0.057,0.07,"01654"
"A.16.01.001","Chervil","India","IN",0.5049,0.07,"01654"
"A.16.01.001","Chervil","Iran (Islamic Republic of)","IR",0.0318,0.07,"01654"
"A.16.01.001","Chervil","Morocco","MA",0.0232,0.07,"01654"
"A.16.01.001","Chervil","North Macedonia","MK",0.0271,0.07,"01654"
"A.16.01.001","Chervil","Serbia","RS",0.0138,0.07,"01654"
"A.16.01.001","Chervil","Russian Federation","RU",0.0716,0.07,"01654"
"A.16.01.001","Chervil","Syrian Arab Republic","SY",0.0597,0.07,"01654"
"A.16.01.001","Chervil","Türkiye","TR",0.0653,0.07,"01654"
"A.16.01.001","Chervil","Ukraine","UA",0.0192,0.07,"01654"
"A.16.01.001","Chervil","Viet Nam","VN",0.0754,0.07,"01654"
"A.16.01.002","Chives","Bangladesh","BD",0.0119,0.07,"01699"
"A.16.01.002","Chives","China, mainland","CN",0.0264,0.07,"01699"
"A.16.01.002","Chives","Indonesia","ID",0.0182,0.07,"01699"
"A.16.01.002","Chives","India","IN",0.6555,0.07,"01699"
"A.16.01.002","Chives","Kenya","KE",0.0114,0.07,"01699"
"A.16.01.002","Chives","Nigeria","NG",0.0166,0.07,"01699"
"A.16.01.002","Chives","Peru","PE",0.0261,0.07,"01699"
"A.16.01.002","Chives","Pakistan","PK",0.1021,0.07,"01699"
"A.16.01.002","Chives","Syrian Arab Republic","SY",0.0231,0.07,"01699"
"A.16.01.002","Chives","Thailand","TH",0.0187,0.07,"01699"
"A.16.01.002","Chives","Türkiye","TR",0.0901,0.07,"01699"
"A.16.01.003","Dill leaves","Bangladesh","BD",0.0119,0.07,"01699"
"A.16.01.003","Dill leaves","China, mainland","CN",0.0264,0.07,"01699"
"A.16.01.003","Dill leaves","Indonesia","ID",0.0182,0.07,"01699"
"A.16.01.003","Dill leaves","India","IN",0.6555,0.07,"01699"
"A.16.01.003","Dill leaves","Kenya","KE",0.0114,0.07,"01699"
"A.16.01.003","Dill leaves","Nigeria","NG",0.0166,0.07,"01699"
"A.16.01.003","Dill leaves","Peru","PE",0.0261,0.07,"01699"
"A.16.01.003","Dill leaves","Pakistan","PK",0.1021,0.07,"01699"
"A.16.01.003","Dill leaves","Syrian Arab Republic","SY",0.0231,0.07,"01699"
"A.16.01.003","Dill leaves","Thailand","TH",0.0187,0.07,"01699"
"A.16.01.003","Dill leaves","Türkiye","TR",0.0901,0.07,"01699"
"A.16.01.004","Celery leaves","Bangladesh","BD",0.0119,0.07,"01699"
"A.16.01.004","Celery leaves","China, mainland","CN",0.0264,0.07,"01699"
"A.16.01.004","Celery leaves","Indonesia","ID",0.0182,0.07,"01699"
"A.16.01.004","Celery leaves","India","IN",0.6555,0.07,"01699"
"A.16.01.004","Celery leaves","Kenya","KE",0.0114,0.07,"01699"
"A.16.01.004","Celery leaves","Nigeria","NG",0.0166,0.07,"01699"
"A.16.01.004","Celery leaves","Peru","PE",0.0261,0.07,"01699"
"A.16.01.004","Celery leaves","Pakistan","PK",0.1021,0.07,"01699"
"A.16.01.004","Celery leaves","Syrian Arab Republic","SY",0.0231,0.07,"01699"
"A.16.01.004","Celery leaves","Thailand","TH",0.0187,0.07,"01699"
"A.16.01.004","Celery leaves","Türkiye","TR",0.0901,0.07,"01699"
"A.16.01.005","Parsley","Bangladesh","BD",0.0119,0.07,"01699"
"A.16.01.005","Parsley","China, mainland","CN",0.0264,0.07,"01699"
"A.16.01.005","Parsley","Indonesia","ID",0.0182,0.07,"01699"
"A.16.01.005","Parsley","India","IN",0.6555,0.07,"01699"
"A.16.01.005","Parsley","Kenya","KE",0.0114,0.07,"01699"
"A.16.01.005","Parsley","Nigeria","NG",0.0166,0.07,"01699"
"A.16.01.005","Parsley","Peru","PE",0.0261,0.07,"01699"
"A.16.01.005","Parsley","Pakistan","PK",0.1021,0.07,"01699"
"A.16.01.005","Parsley","Syrian Arab Republic","SY",0.0231,0.07,"01699"
"A.16.01.005","Parsley","Thailand","TH",0.0187,0.07,"01699"
"A.16.01.005","Parsley","Türkiye","TR",0.0901,0.07,"01699"
"A.16.01.006","Sage","Bangladesh","BD",0.0119,0.07,"01699"
"A.16.01.006","Sage","China, mainland","CN",0.0264,0.07,"01699"
"A.16.01.006","Sage","Indonesia","ID",0.0182,0.07,"01699"
"A.16.01.006","Sage","India","IN",0.6555,0.07,"01699"
"A.16.01.006","Sage","Kenya","KE",0.0114,0.07,"01699"
"A.16.01.006","Sage","Nigeria","NG",0.0166,0.07,"01699"
"A.16.01.006","Sage","Peru","PE",0.0261,0.07,"01699"
"A.16.01.006","Sage","Pakistan","PK",0.1021,0.07,"01699"
"A.16.01.006","Sage","Syrian Arab Republic","SY",0.0231,0.07,"01699"
"A.16.01.006","Sage","Thailand","TH",0.0187,0.07,"01699"
"A.16.01.006","Sage","Türkiye","TR",0.0901,0.07,"01699"
"A.16.01.007","Rosemary","Bangladesh","BD",0.0119,0.07,"01699"
"A.16.01.007","Rosemary","China, mainland","CN",0.0264,0.07,"01699"
"A.16.01.007","Rosemary","Indonesia","ID",0.0182,0.07,"01699"
"A.16.01.007","Rosemary","India","IN",0.6555,0.07,"01699"
"A.16.01.007","Rosemary","Kenya","KE",0.0114,0.07,"01699"
"A.16.01.007","Rosemary","Nigeria","NG",0.0166,0.07,"01699"
"A.16.01.007","Rosemary","Peru","PE",0.0261,0.07,"01699"
"A.16.01.007","Rosemary","Pakistan","PK",0.1021,0.07,"01699"
"A.16.01.007","Rosemary","Syrian Arab Republic","SY",0.0231,0.07,"01699"
"A.16.01.007","Rosemary","Thailand","TH",0.0187,0.07,"01699"
"A.16.01.007","Rosemary","Türkiye","TR",0.0901,0.07,"01699"
"A.16.01.008","Thyme","Bangladesh","BD",0.0119,0.07,"01699"
"A.16.01.008","Thyme","China, mainland","CN",0.0264,0.07,"01699"
"A.16.01.008","Thyme","Indonesia","ID",0.0182,0.07,"01699"
"A.16.01.008","Thyme","India","IN",0.6555,0.07,"01699"
"A.16.01.008","Thyme","Kenya","KE",0.0114,0.07,"01699"
"A.16.01.008","Thyme","Nigeria","NG",0.0166,0.07,"01699"
"A.16.01.008","Thyme","Peru","PE",0.0261,0.07,"01699"
"A.16.01.008","Thyme","Pakistan","PK",0.1021,0.07,"01699"
"A.16.01.008","Thyme","Syrian Arab Republic","SY",0.0231,0.07,"01699"
"A.16.01.008","Thyme","Thailand","TH",0.0187,0.07,"01699"
"A.16.01.008","Thyme","Türkiye","TR",0.0901,0.07,"01699"
"A.16.01.009","Basil","Bangladesh","BD",0.0119,0.07,"01699"
"A.16.01.009","Basil","China, mainland","CN",0.0264,0.07,"01699"
"A.16.01.009","Basil","Indonesia","ID",0.0182,0.07,"01699"
"A.16.01.009","Basil","India","IN",0.6555,0.07,"01699"
"A.16.01.009","Basil","Kenya","KE",0.0114,0.07,"01699"
"A.16.01.009","Basil","Nigeria","NG",0.0166,0.07,"01699"
"A.16.01.009","Basil","Peru","PE",0.0261,0.07,"01699"
"A.16.01.009","Basil","Pakistan","PK",0.1021,0.07,"01699"
"A.16.01.009","Basil","Syrian Arab Republic","SY",0.0231,0.07,"01699"
"A.16.01.009","Basil","Thailand","TH",0.0187,0.07,"01699"
"A.16.01.009","Basil","Türkiye","TR",0.0901,0.07,"01699"
"A.16.01.010","Laurel","Bangladesh","BD",0.0119,0.07,"01699"
"A.16.01.010","Laurel","China, mainland","CN",0.0264,0.07,"01699"
"A.16.01.010","Laurel","Indonesia","ID",0.0182,0.07,"01699"
"A.16.01.010","Laurel","India","IN",0.6555,0.07,"01699"
"A.16.01.010","Laurel","Kenya","KE",0.0114,0.07,"01699"
"A.16.01.010","Laurel","Nigeria","NG",0.0166,0.07,"01699"
"A.16.01.010","Laurel","Peru","PE",0.0261,0.07,"01699"
"A.16.01.010","Laurel","Pakistan","PK",0.1021,0.07,"01699"
"A.16.01.010","Laurel","Syrian Arab Republic","SY",0.0231,0.07,"01699"
"A.16.01.010","Laurel","Thailand","TH",0.0187,0.07,"01699"
"A.16.01.010","Laurel","Türkiye","TR",0.0901,0.07,"01699"
"A.16.01.011","Tarragon","Bangladesh","BD",0.0119,0.07,"01699"
"A.16.01.011","Tarragon","China, mainland","CN",0.0264,0.07,"01699"
"A.16.01.011","Tarragon","Indonesia","ID",0.0182,0.07,"01699"
"A.16.01.011","Tarragon","India","IN",0.6555,0.07,"01699"
"A.16.01.011","Tarragon","Kenya","KE",0.0114,0.07,"01699"
"A.16.01.011","Tarragon","Nigeria","NG",0.0166,0.07,"01699"
"A.16.01.011","Tarragon","Peru","PE",0.0261,0.07,"01699"
"A.16.01.011","Tarragon","Pakistan","PK",0.1021,0.07,"01699"
"A.16.01.011","Tarragon","Syrian Arab Republic","SY",0.0231,0.07,"01699"
"A.16.01.011","Tarragon","Thailand","TH",0.0187,0.07,"01699"
"A.16.01.011","Tarragon","Türkiye","TR",0.0901,0.07,"01699"
"A.16.02.004","Allspice fruit","Bangladesh","BD",0.0119,0.07,"01699"
"A.16.02.004","Allspice fruit","China, mainland","CN",0.0264,0.07,"01699"
"A.16.02.004","Allspice fruit","Indonesia","ID",0.0182,0.07,"01699"
"A.16.02.004","Allspice fruit","India","IN",0.6555,0.07,"01699"
"A.16.02.004","Allspice fruit","Kenya","KE",0.0114,0.07,"01699"
"A.16.02.004","Allspice fruit","Nigeria","NG",0.0166,0.07,"01699"
"A.16.02.004","Allspice fruit","Peru","PE",0.0261,0.07,"01699"
"A.16.02.004","Allspice fruit","Pakistan","PK",0.1021,0.07,"01699"
"A.16.02.004","Allspice fruit","Syrian Arab Republic","SY",0.0231,0.07,"01699"
"A.16.02.004","Allspice fruit","Thailand","TH",0.0187,0.07,"01699"
"A.16.02.004","Allspice fruit","Türkiye","TR",0.0901,0.07,"01699"
"A.16.02.006","Anise seed","Argentina","AR",0.0147,0.07,"01654"
"A.16.02.006","Anise seed","China, mainland","CN",0.0364,0.07,"01654"
"A.16.02.006","Anise seed","Egypt","EG",0.057,0.07,"01654"
"A.16.02.006","Anise seed","India","IN",0.5049,0.07,"01654"
"A.16.02.006","Anise seed","Iran (Islamic Republic of)","IR",0.0318,0.07,"01654"
"A.16.02.006","Anise seed","Morocco","MA",0.0232,0.07,"01654"
"A.16.02.006","Anise seed","North Macedonia","MK",0.0271,0.07,"01654"
"A.16.02.006","Anise seed","Serbia","RS",0.0138,0.07,"01654"
"A.16.02.006","Anise seed","Russian Federation","RU",0.0716,0.07,"01654"
"A.16.02.006","Anise seed","Syrian Arab Republic","SY",0.0597,0.07,"01654"
"A.16.02.006","Anise seed","Türkiye","TR",0.0653,0.07,"01654"
"A.16.02.006","Anise seed","Ukraine","UA",0.0192,0.07,"01654"
"A.16.02.006","Anise seed","Viet Nam","VN",0.0754,0.07,"01654"
"A.16.02.008","Black caraway seed","Argentina","AR",0.0147,0.07,"01654"
"A.16.02.008","Black caraway seed","China, mainland","CN",0.0364,0.07,"01654"
"A.16.02.008","Black caraway seed","Egypt","EG",0.057,0.07,"01654"
"A.16.02.008","Black caraway seed","India","IN",0.5049,0.07,"01654"
"A.16.02.008","Black caraway seed","Iran (Islamic Republic of)","IR",0.0318,0.07,"01654"
"A.16.02.008","Black caraway seed","Morocco","MA",0.0232,0.07,"01654"
"A.16.02.008","Black caraway seed","North Macedonia","MK",0.0271,0.07,"01654"
"A.16.02.008","Black caraway seed","Serbia","RS",0.0138,0.07,"01654"
"A.16.02.008","Black caraway seed","Russian Federation","RU",0.0716,0.07,"01654"
"A.16.02.008","Black caraway seed","Syrian Arab Republic","SY",0.0597,0.07,"01654"
"A.16.02.008","Black caraway seed","Türkiye","TR",0.0653,0.07,"01654"
"A.16.02.008","Black caraway seed","Ukraine","UA",0.0192,0.07,"01654"
"A.16.02.008","Black caraway seed","Viet Nam","VN",0.0754,0.07,"01654"
"A.16.02.009","Capers buds","Bangladesh","BD",0.0119,0.07,"01699"
"A.16.02.009","Capers buds","China, mainland","CN",0.0264,0.07,"01699"
"A.16.02.009","Capers buds","Indonesia","ID",0.0182,0.07,"01699"
"A.16.02.009","Capers buds","India","IN",0.6555,0.07,"01699"
"A.16.02.009","Capers buds","Kenya","KE",0.0114,0.07,"01699"
"A.16.02.009","Capers buds","Nigeria","NG",0.0166,0.07,"01699"
"A.16.02.009","Capers buds","Peru","PE",0.0261,0.07,"01699"
"A.16.02.009","Capers buds","Pakistan","PK",0.1021,0.07,"01699"
"A.16.02.009","Capers buds","Syrian Arab Republic","SY",0.0231,0.07,"01699"
"A.16.02.009","Capers buds","Thailand","TH",0.0187,0.07,"01699"
"A.16.02.009","Capers buds","Türkiye","TR",0.0901,0.07,"01699"
"A.16.02.010","Caraway fruit","Argentina","AR",0.0147,0.07,"01654"
"A.16.02.010","Caraway fruit","China, mainland","CN",0.0364,0.07,"01654"
"A.16.02.010","Caraway fruit","Egypt","EG",0.057,0.07,"01654"
"A.16.02.010","Caraway fruit","India","IN",0.5049,0.07,"01654"
"A.16.02.010","Caraway fruit","Iran (Islamic Republic of)","IR",0.0318,0.07,"01654"
"A.16.02.010","Caraway fruit","Morocco","MA",0.0232,0.07,"01654"
"A.16.02.010","Caraway fruit","North Macedonia","MK",0.0271,0.07,"01654"
"A.16.02.010","Caraway fruit","Serbia","RS",0.0138,0.07,"01654"
"A.16.02.010","Caraway fruit","Russian Federation","RU",0.0716,0.07,"01654"
"A.16.02.010","Caraway fruit","Syrian Arab Republic","SY",0.0597,0.07,"01654"
"A.16.02.010","Caraway fruit","Türkiye","TR",0.0653,0.07,"01654"
"A.16.02.010","Caraway fruit","Ukraine","UA",0.0192,0.07,"01654"
"A.16.02.010","Caraway fruit","Viet Nam","VN",0.0754,0.07,"01654"
"A.16.02.011","Cardamom fruit","Bangladesh","BD",0.0119,0.07,"01699"
"A.16.02.011","Cardamom fruit","China, mainland","CN",0.0264,0.07,"01699"
"A.16.02.011","Cardamom fruit","Indonesia","ID",0.0182,0.07,"01699"
"A.16.02.011","Cardamom fruit","India","IN",0.6555,0.07,"01699"
"A.16.02.011","Cardamom fruit","Kenya","KE",0.0114,0.07,"01699"
"A.16.02.011","Cardamom fruit","Nigeria","NG",0.0166,0.07,"01699"
"A.16.02.011","Cardamom fruit","Peru","PE",0.0261,0.07,"01699"
"A.16.02.011","Cardamom fruit","Pakistan","PK",0.1021,0.07,"01699"
"A.16.02.011","Cardamom fruit","Syrian Arab Republic","SY",0.0231,0.07,"01699"
"A.16.02.011","Cardamom fruit","Thailand","TH",0.0187,0.07,"01699"
"A.16.02.011","Cardamom fruit","Türkiye","TR",0.0901,0.07,"01699"
"A.16.02.014","Cinnamon bark","Bangladesh","BD",0.0119,0.07,"01699"
"A.16.02.014","Cinnamon bark","China, mainland","CN",0.0264,0.07,"01699"
"A.16.02.014","Cinnamon bark","Indonesia","ID",0.0182,0.07,"01699"
"A.16.02.014","Cinnamon bark","India","IN",0.6555,0.07,"01699"
"A.16.02.014","Cinnamon bark","Kenya","KE",0.0114,0.07,"01699"
"A.16.02.014","Cinnamon bark","Nigeria","NG",0.0166,0.07,"01699"
"A.16.02.014","Cinnamon bark","Peru","PE",0.0261,0.07,"01699"
"A.16.02.014","Cinnamon bark","Pakistan","PK",0.1021,0.07,"01699"
"A.16.02.014","Cinnamon bark","Syrian Arab Republic","SY",0.0231,0.07,"01699"
"A.16.02.014","Cinnamon bark","Thailand","TH",0.0187,0.07,"01699"
"A.16.02.014","Cinnamon bark","Türkiye","TR",0.0901,0.07,"01699"
"A.16.02.015","Cloves buds","Bangladesh","BD",0.0119,0.07,"01699"
"A.16.02.015","Cloves buds","China, mainland","CN",0.0264,0.07,"01699"
"A.16.02.015","Cloves buds","Indonesia","ID",0.0182,0.07,"01699"
"A.16.02.015","Cloves buds","India","IN",0.6555,0.07,"01699"
"A.16.02.015","Cloves buds","Kenya","KE",0.0114,0.07,"01699"
"A.16.02.015","Cloves buds","Nigeria","NG",0.0166,0.07,"01699"
"A.16.02.015","Cloves buds","Peru","PE",0.0261,0.07,"01699"
"A.16.02.015","Cloves buds","Pakistan","PK",0.1021,0.07,"01699"
"A.16.02.015","Cloves buds","Syrian Arab Republic","SY",0.0231,0.07,"01699"
"A.16.02.015","Cloves buds","Thailand","TH",0.0187,0.07,"01699"
"A.16.02.015","Cloves buds","Türkiye","TR",0.0901,0.07,"01699"
"A.16.02.016","Coriander seed","Argentina","AR",0.0147,0.07,"01654"
"A.16.02.016","Coriander seed","China, mainland","CN",0.0364,0.07,"01654"
"A.16.02.016","Coriander seed","Egypt","EG",0.057,0.07,"01654"
"A.16.02.016","Coriander seed","India","IN",0.5049,0.07,"01654"
"A.16.02.016","Coriander seed","Iran (Islamic Republic of)","IR",0.0318,0.07,"01654"
"A.16.02.016","Coriander seed","Morocco","MA",0.0232,0.07,"01654"
"A.16.02.016","Coriander seed","North Macedonia","MK",0.0271,0.07,"01654"
"A.16.02.016","Coriander seed","Serbia","RS",0.0138,0.07,"01654"
"A.16.02.016","Coriander seed","Russian Federation","RU",0.0716,0.07,"01654"
"A.16.02.016","Coriander seed","Syrian Arab Republic","SY",0.0597,0.07,"01654"
"A.16.02.016","Coriander seed","Türkiye","TR",0.0653,0.07,"01654"
"A.16.02.016","Coriander seed","Ukraine","UA",0.0192,0.07,"01654"
"A.16.02.016","Coriander seed","Viet Nam","VN",0.0754,0.07,"01654"
"A.16.02.017","Cumin seed","Argentina","AR",0.0147,0.07,"01654"
"A.16.02.017","Cumin seed","China, mainland","CN",0.0364,0.07,"01654"
"A.16.02.017","Cumin seed","Egypt","EG",0.057,0.07,"01654"
"A.16.02.017","Cumin seed","India","IN",0.5049,0.07,"01654"
"A.16.02.017","Cumin seed","Iran (Islamic Republic of)","IR",0.0318,0.07,"01654"
"A.16.02.017","Cumin seed","Morocco","MA",0.0232,0.07,"01654"
"A.16.02.017","Cumin seed","North Macedonia","MK",0.0271,0.07,"01654"
"A.16.02.017","Cumin seed","Serbia","RS",0.0138,0.07,"01654"
"A.16.02.017","Cumin seed","Russian Federation","RU",0.0716,0.07,"01654"
"A.16.02.017","Cumin seed","Syrian Arab Republic","SY",0.0597,0.07,"01654"
"A.16.02.017","Cumin seed","Türkiye","TR",0.0653,0.07,"01654"
"A.16.02.017","Cumin seed","Ukraine","UA",0.0192,0.07,"01654"
"A.16.02.017","Cumin seed","Viet Nam","VN",0.0754,0.07,"01654"
"A.16.02.018","Dill seed (Anethum graveolens)","Argentina","AR",0.0147,0.07,"01654"
"A.16.02.018","Dill seed (Anethum graveolens)","China, mainland","CN",0.0364,0.07,"01654"
"A.16.02.018","Dill seed (Anethum graveolens)","Egypt","EG",0.057,0.07,"01654"
"A.16.02.018","Dill seed (Anethum graveolens)","India","IN",0.5049,0.07,"01654"
"A.16.02.018","Dill seed (Anethum graveolens)","Iran (Islamic Republic of)","IR",0.0318,0.07,"01654"
"A.16.02.018","Dill seed (Anethum graveolens)","Morocco","MA",0.0232,0.07,"01654"
"A.16.02.018","Dill seed (Anethum graveolens)","North Macedonia","MK",0.0271,0.07,"01654"
"A.16.02.018","Dill seed (Anethum graveolens)","Serbia","RS",0.0138,0.07,"01654"
"A.16.02.018","Dill seed (Anethum graveolens)","Russian Federation","RU",0.0716,0.07,"01654"
"A.16.02.018","Dill seed (Anethum graveolens)","Syrian Arab Republic","SY",0.0597,0.07,"01654"
"A.16.02.018","Dill seed (Anethum graveolens)","Türkiye","TR",0.0653,0.07,"01654"
"A.16.02.018","Dill seed (Anethum graveolens)","Ukraine","UA",0.0192,0.07,"01654"
"A.16.02.018","Dill seed (Anethum graveolens)","Viet Nam","VN",0.0754,0.07,"01654"
"A.16.02.019","Fennel seed","Argentina","AR",0.0147,0.07,"01654"
"A.16.02.019","Fennel seed","China, mainland","CN",0.0364,0.07,"01654"
"A.16.02.019","Fennel seed","Egypt","EG",0.057,0.07,"01654"
"A.16.02.019","Fennel seed","India","IN",0.5049,0.07,"01654"
"A.16.02.019","Fennel seed","Iran (Islamic Republic of)","IR",0.0318,0.07,"01654"
"A.16.02.019","Fennel seed","Morocco","MA",0.0232,0.07,"01654"
"A.16.02.019","Fennel seed","North Macedonia","MK",0.0271,0.07,"01654"
"A.16.02.019","Fennel seed","Serbia","RS",0.0138,0.07,"01654"
"A.16.02.019","Fennel seed","Russian Federation","RU",0.0716,0.07,"01654"
"A.16.02.019","Fennel seed","Syrian Arab Republic","SY",0.0597,0.07,"01654"
"A.16.02.019","Fennel seed","Türkiye","TR",0.0653,0.07,"01654"
"A.16.02.019","Fennel seed","Ukraine","UA",0.0192,0.07,"01654"
"A.16.02.019","Fennel seed","Viet Nam","VN",0.0754,0.07,"01654"
"A.16.02.020","Fenugreek seed","Bangladesh","BD",0.0119,0.07,"01699"
"A.16.02.020","Fenugreek seed","China, mainland","CN",0.0264,0.07,"01699"
"A.16.02.020","Fenugreek seed","Indonesia","ID",0.0182,0.07,"01699"
"A.16.02.020","Fenugreek seed","India","IN",0.6555,0.07,"01699"
"A.16.02.020","Fenugreek seed","Kenya","KE",0.0114,0.07,"01699"
"A.16.02.020","Fenugreek seed","Nigeria","NG",0.0166,0.07,"01699"
"A.16.02.020","Fenugreek seed","Peru","PE",0.0261,0.07,"01699"
"A.16.02.020","Fenugreek seed","Pakistan","PK",0.1021,0.07,"01699"
"A.16.02.020","Fenugreek seed","Syrian Arab Republic","SY",0.0231,0.07,"01699"
"A.16.02.020","Fenugreek seed","Thailand","TH",0.0187,0.07,"01699"
"A.16.02.020","Fenugreek seed","Türkiye","TR",0.0901,0.07,"01699"
"A.16.02.022","Ginger roots","Bangladesh","BD",0.0119,0.07,"01699"
"A.16.02.022","Ginger roots","China, mainland","CN",0.0264,0.07,"01699"
"A.16.02.022","Ginger roots","Indonesia","ID",0.0182,0.07,"01699"
"A.16.02.022","Ginger roots","India","IN",0.6555,0.07,"01699"
"A.16.02.022","Ginger roots","Kenya","KE",0.0114,0.07,"01699"
"A.16.02.022","Ginger roots","Nigeria","NG",0.0166,0.07,"01699"
"A.16.02.022","Ginger roots","Peru","PE",0.0261,0.07,"01699"
"A.16.02.022","Ginger roots","Pakistan","PK",0.1021,0.07,"01699"
"A.16.02.022","Ginger roots","Syrian Arab Republic","SY",0.0231,0.07,"01699"
"A.16.02.022","Ginger roots","Thailand","TH",0.0187,0.07,"01699"
"A.16.02.022","Ginger roots","Türkiye","TR",0.0901,0.07,"01699"
"A.16.02.024","Juniper berry","Bangladesh","BD",0.0119,0.07,"01699"
"A.16.02.024","Juniper berry","China, mainland","CN",0.0264,0.07,"01699"
"A.16.02.024","Juniper berry","Indonesia","ID",0.0182,0.07,"01699"
"A.16.02.024","Juniper berry","India","IN",0.6555,0.07,"01699"
"A.16.02.024","Juniper berry","Kenya","KE",0.0114,0.07,"01699"
"A.16.02.024","Juniper berry","Nigeria","NG",0.0166,0.07,"01699"
"A.16.02.024","Juniper berry","Peru","PE",0.0261,0.07,"01699"
"A.16.02.024","Juniper berry","Pakistan","PK",0.1021,0.07,"01699"
"A.16.02.024","Juniper berry","Syrian Arab Republic","SY",0.0231,0.07,"01699"
"A.16.02.024","Juniper berry","Thailand","TH",0.0187,0.07,"01699"
"A.16.02.024","Juniper berry","Türkiye","TR",0.0901,0.07,"01699"
"A.16.02.025","Mace aril","Bangladesh","BD",0.0119,0.07,"01699"
"A.16.02.025","Mace aril","China, mainland","CN",0.0264,0.07,"01699"
"A.16.02.025","Mace aril","Indonesia","ID",0.0182,0.07,"01699"
"A.16.02.025","Mace aril","India","IN",0.6555,0.07,"01699"
"A.16.02.025","Mace aril","Kenya","KE",0.0114,0.07,"01699"
"A.16.02.025","Mace aril","Nigeria","NG",0.0166,0.07,"01699"
"A.16.02.025","Mace aril","Peru","PE",0.0261,0.07,"01699"
"A.16.02.025","Mace aril","Pakistan","PK",0.1021,0.07,"01699"
"A.16.02.025","Mace aril","Syrian Arab Republic","SY",0.0231,0.07,"01699"
"A.16.02.025","Mace aril","Thailand","TH",0.0187,0.07,"01699"
"A.16.02.025","Mace aril","Türkiye","TR",0.0901,0.07,"01699"
"A.16.02.027","Nutmeg seed","Bangladesh","BD",0.0119,0.07,"01699"
"A.16.02.027","Nutmeg seed","China, mainland","CN",0.0264,0.07,"01699"
"A.16.02.027","Nutmeg seed","Indonesia","ID",0.0182,0.07,"01699"
"A.16.02.027","Nutmeg seed","India","IN",0.6555,0.07,"01699"
"A.16.02.027","Nutmeg seed","Kenya","KE",0.0114,0.07,"01699"
"A.16.02.027","Nutmeg seed","Nigeria","NG",0.0166,0.07,"01699"
"A.16.02.027","Nutmeg seed","Peru","PE",0.0261,0.07,"01699"
"A.16.02.027","Nutmeg seed","Pakistan","PK",0.1021,0.07,"01699"
"A.16.02.027","Nutmeg seed","Syrian Arab Republic","SY",0.0231,0.07,"01699"
"A.16.02.027","Nutmeg seed","Thailand","TH",0.0187,0.07,"01699"
"A.16.02.027","Nutmeg seed","Türkiye","TR",0.0901,0.07,"01699"
"A.16.02.028","Peppercorn (black, green and white)","Bangladesh","BD",0.0119,0.07,"01699"
"A.16.02.028","Peppercorn (black, green and white)","China, mainland","CN",0.0264,0.07,"01699"
"A.16.02.028","Peppercorn (black, green and white)","Indonesia","ID",0.0182,0.07,"01699"
"A.16.02.028","Peppercorn (black, green and white)","India","IN",0.6555,0.07,"01699"
"A.16.02.028","Peppercorn (black, green and white)","Kenya","KE",0.0114,0.07,"01699"
"A.16.02.028","Peppercorn (black, green and white)","Nigeria","NG",0.0166,0.07,"01699"
"A.16.02.028","Peppercorn (black, green and white)","Peru","PE",0.0261,0.07,"01699"
"A.16.02.028","Peppercorn (black, green and white)","Pakistan","PK",0.1021,0.07,"01699"
"A.16.02.028","Peppercorn (black, green and white)","Syrian Arab Republic","SY",0.0231,0.07,"01699"
"A.16.02.028","Peppercorn (black, green and white)","Thailand","TH",0.0187,0.07,"01699"
"A.16.02.028","Peppercorn (black, green and white)","Türkiye","TR",0.0901,0.07,"01699"
"A.16.02.029","Saffron","Bangladesh","BD",0.0119,0.07,"01699"
"A.16.02.029","Saffron","China, mainland","CN",0.0264,0.07,"01699"
"A.16.02.029","Saffron","Indonesia","ID",0.0182,0.07,"01699"
"A.16.02.029","Saffron","India","IN",0.6555,0.07,"01699"
"A.16.02.029","Saffron","Kenya","KE",0.0114,0.07,"01699"
"A.16.02.029","Saffron","Nigeria","NG",0.0166,0.07,"01699"
"A.16.02.029","Saffron","Peru","PE",0.0261,0.07,"01699"
"A.16.02.029","Saffron","Pakistan","PK",0.1021,0.07,"01699"
"A.16.02.029","Saffron","Syrian Arab Republic","SY",0.0231,0.07,"01699"
"A.16.02.029","Saffron","Thailand","TH",0.0187,0.07,"01699"
"A.16.02.029","Saffron","Türkiye","TR",0.0901,0.07,"01699"
"A.16.02.030","Tamarind","Bangladesh","BD",0.0119,0.07,"01699"
"A.16.02.030","Tamarind","China, mainland","CN",0.0264,0.07,"01699"
"A.16.02.030","Tamarind","Indonesia","ID",0.0182,0.07,"01699"
"A.16.02.030","Tamarind","India","IN",0.6555,0.07,"01699"
"A.16.02.030","Tamarind","Kenya","KE",0.0114,0.07,"01699"
"A.16.02.030","Tamarind","Nigeria","NG",0.0166,0.07,"01699"
"A.16.02.030","Tamarind","Peru","PE",0.0261,0.07,"01699"
"A.16.02.030","Tamarind","Pakistan","PK",0.1021,0.07,"01699"
"A.16.02.030","Tamarind","Syrian Arab Republic","SY",0.0231,0.07,"01699"
"A.16.02.030","Tamarind","Thailand","TH",0.0187,0.07,"01699"
"A.16.02.030","Tamarind","Türkiye","TR",0.0901,0.07,"01699"
"A.16.02.031","Turmeric roots","Bangladesh","BD",0.0119,0.07,"01699"
"A.16.02.031","Turmeric roots","China, mainland","CN",0.0264,0.07,"01699"
"A.16.02.031","Turmeric roots","Indonesia","ID",0.0182,0.07,"01699"
"A.16.02.031","Turmeric roots","India","IN",0.6555,0.07,"01699"
"A.16.02.031","Turmeric roots","Kenya","KE",0.0114,0.07,"01699"
"A.16.02.031","Turmeric roots","Nigeria","NG",0.0166,0.07,"01699"
"A.16.02.031","Turmeric roots","Peru","PE",0.0261,0.07,"01699"
"A.16.02.031","Turmeric roots","Pakistan","PK",0.1021,0.07,"01699"
"A.16.02.031","Turmeric roots","Syrian Arab Republic","SY",0.0231,0.07,"01699"
"A.16.02.031","Turmeric roots","Thailand","TH",0.0187,0.07,"01699"
"A.16.02.031","Turmeric roots","Türkiye","TR",0.0901,0.07,"01699"
"A.16.04.001","Salt","Rest of World","RoW",1,0,"MI-12"
"A.16.04.015","Yeast extract","Rest of World","RoW",1,0,"MI-13"
"A.16.04.016","Monosodium glutamate","Rest of World","RoW",1,0,"MI-14"
"A.16.09.003","Vanilla","Bangladesh","BD",0.0119,0.07,"01699"
"A.16.09.003","Vanilla","China, mainland","CN",0.0264,0.07,"01699"
"A.16.09.003","Vanilla","Indonesia","ID",0.0182,0.07,"01699"
"A.16.09.003","Vanilla","India","IN",0.6555,0.07,"01699"
"A.16.09.003","Vanilla","Kenya","KE",0.0114,0.07,"01699"
"A.16.09.003","Vanilla","Nigeria","NG",0.0166,0.07,"01699"
"A.16.09.003","Vanilla","Peru","PE",0.0261,0.07,"01699"
"A.16.09.003","Vanilla","Pakistan","PK",0.1021,0.07,"01699"
"A.16.09.003","Vanilla","Syrian Arab Republic","SY",0.0231,0.07,"01699"
"A.16.09.003","Vanilla","Thailand","TH",0.0187,0.07,"01699"
"A.16.09.003","Vanilla","Türkiye","TR",0.0901,0.07,"01699"
"A.16.09.006","Rum essence","Rest of World","RoW",1,0,"MI-29"
"A.16.09.008","Liquorice (Glycyrrhiza glabra)","Rest of World","RoW",1,0,"MI-15"
"A.16.10.001","Yeast","Rest of World","RoW",1,0,"MI-16"
"A.16.10.002","Sodium bicarbonate","Rest of World","RoW",1,0,"MI-17"
"A.16.10.006","Pectin","Rest of World","RoW",1,0,"MI-30"
"A.16.10.007","Gum","Rest of World","RoW",1,0,"MI-18"
"A.16.10.008","Gelatine","Rest of World","RoW",1,0,"MI-19"
"A.16.10.009","Cream of tartar","Rest of World","RoW",1,0,"MI-20"
"A.18.02","Dietary supplements","Rest of World","RoW",1,0,"MI-31"
"A.18.02.001","Vitamin supplements","Rest of World","RoW",1,0,"MI-32"
"A.18.02.002","Mineral supplements","Rest of World","RoW",1,0,"MI-33"
"A.18.02.003","Combination of vitamins and minerals supplements","Rest of World","RoW",1,0,"MI-34"
"A.18.02.004","Supplements containing special fatty acids (e.g. omega-3, essential fatty acids)","Rest of World","RoW",1,0,"MI-35"
"A.18.02.005","Protein and amino acids supplements","Rest of World","RoW",1,0,"MI-36"
"A.18.02.006","Fiber supplements","Rest of World","RoW",1,0,"MI-27"
"A.18.02.007","Plant extract formula","Rest of World","RoW",1,0,"MI-37"
"A.18.02.008","Coenzyme Q10 supplement","Rest of World","RoW",1,0,"MI-38"
"A.18.02.009","Enzyme-based supplement","Rest of World","RoW",1,0,"MI-39"
"A.18.02.010","Yeast based supplement","Rest of World","RoW",1,0,"MI-40"
"A.18.02.011","Algea","Rest of World","RoW",1,0.02,"BF-57"
"A.18.02.012","Pollen-based supplement","Rest of World","RoW",1,0,"MI-41"
"A.18.03.005","Carnitine-based supplement for sports people","Rest of World","RoW",1,0,"MI-42"
"A.18.05","Medical food (are specially formulated and intended for the dietary management of a disease that has distinctive nutritional needs that cannot be met by normal diet alone; intended to be used under medical supervision)","Rest of World","RoW",1,0,"MI-58"
"A.18.05.001","Nutritionally complete formulas","Rest of World","RoW",1,0,"MI-47"
"A.18.05.002","Nutritionally incomplete formulas","Rest of World","RoW",1,0,"MI-48"
"A.18.05.004","Oral rehydration products","Rest of World","RoW",1,0,"MI-49"
"A.X1.01.01","Cultured Meat (Bos. Spp.)","Israel","IL",0.25,0.057,"NF-01"
"A.X1.01.01","Cultured Meat (Bos. Spp.)","Netherlands","NL",0.25,0.057,"NF-01"
"A.X1.01.01","Cultured Meat (Bos. Spp.)","Sweden","SE",0.25,0.057,"NF-01"
"A.X1.01.01","Cultured Meat (Bos. Spp.)","USA","US",0.25,0.057,"NF-01"
"A.X1.01.02","Microbial Protein (Solein)","Finland","FI",0.5,0.057,"NF-04"
"A.X1.01.02","Microbial Protein (Solein)","Sweden","SE",0.5,0.057,"NF-04"
"A.X1.01.03","Mycoprotein (Quorn)","UK","GB",0.5,0.057,"NF-05"
"A.X1.01.03","Mycoprotein (Quorn)","Sweden","SE",0.5,0.057,"NF-05"
"A.X1.02.01","Microbial Milk (T. reesei)","Switzerland","CH",0.2,0.017,"NF-02"
"A.X1.02.01","Microbial Milk (T. reesei)","Germany","DE",0.2,0.017,"NF-02"
"A.X1.02.01","Microbial Milk (T. reesei)","Denmark","DK",0.2,0.017,"NF-02"
"A.X1.02.01","Microbial Milk (T. reesei)","Sweden","SE",0.2,0.017,"NF-02"
"A.X1.02.01","Microbial Milk (T. reesei)","USA","US",0.2,0.017,"NF-02"
"A.X1.03.01","Microbial Ovalbumin (T. reesei)","Switzerland","CH",0.2,0.017,"NF-03"
"A.X1.03.01","Microbial Ovalbumin (T. reesei)","Germany","DE",0.2,0.017,"NF-03"
"A.X1.03.01","Microbial Ovalbumin (T. reesei)","Denmark","DK",0.2,0.017,"NF-03"
"A.X1.03.01","Microbial Ovalbumin (T. reesei)","Sweden","SE",0.2,0.017,"NF-03"
"A.X1.03.01","Microbial Ovalbumin (T. reesei)","USA","US",0.2,0.017,"NF-03"
"A.X1.04.01","Microbial Fat (yeast - M. pulcherrima)","Israel","IL",0.25,0.06,"NF-06"
"A.X1.04.01","Microbial Fat (yeast - M. pulcherrima)","Netherlands","NL",0.25,0.06,"NF-06"
"A.X1.04.01","Microbial Fat (yeast - M. pulcherrima)","Sweden","SE",0.25,0.06,"NF-06"
"A.X1.04.01","Microbial Fat (yeast - M. pulcherrima)","USA","US",0.25,0.06,"NF-06"
"A.X1.04.02","Algae Fat (Schizochytrium)","Switzerland","CH",0.2,0.06,"NF-07"
"A.X1.04.02","Algae Fat (Schizochytrium)","Germany","DE",0.2,0.06,"NF-07"
"A.X1.04.02","Algae Fat (Schizochytrium)","Denmark","DK",0.2,0.06,"NF-07"
"A.X1.04.02","Algae Fat (Schizochytrium)","Sweden","SE",0.2,0.06,"NF-07"
"A.X1.04.02","Algae Fat (Schizochytrium)","USA","US",0.2,0.06,"NF-07"
"I.01.02.010.006","Quinoa grain","Bolivia (Plurinational State of)","BO",0.136,0.06,"01194"
"I.01.02.010.006","Quinoa grain","Peru","PE",0.864,0.06,"01194"
"I.02.08.004","Agave tequilana","Rest of World","RoW",1,0,"MI-21"
"I.02.08.005","Maples (trunk sap)","Rest of World","RoW",1,0,"MI-22"
"I.07.01.006.001","Salmons","Rest of World","RoW",1,0.02,"BF-47"
"I.07.01.006.002","Trouts","Rest of World","RoW",1,0.02,"BF-48"
"I.07.01.015.001","Catfishes (freshwater)","Rest of World","RoW",1,0.02,"BF-49"
"I.07.01.015.002","Wolffish","Rest of World","RoW",1,0.02,"BF-50"
"I.07.01.017.001","Cod","Rest of World","RoW",1,0.02,"BF-51"
"I.07.01.017.002","Whiting","Rest of World","RoW",1,0.02,"BF-54"
"I.07.01.017.004","Haddock","Rest of World","RoW",1,0.02,"BF-55"
"I.07.03.001.001","Cod roe","Rest of World","RoW",1,0.02,"BF-53"
"I.07.03.001.002","Herring roe","Rest of World","RoW",1,0.02,"BF-02"
"I.07.03.001.003","Lumpfish roe","Rest of World","RoW",1,0.02,"BF-56"
"I.07.03.002.001","Cod liver","Rest of World","RoW",1,0.02,"BF-52"
"I.16.01.012","Marjoram","Bangladesh","BD",0.0119,0.07,"01699"
"I.16.01.012","Marjoram","China, mainland","CN",0.0264,0.07,"01699"
"I.16.01.012","Marjoram","Indonesia","ID",0.0182,0.07,"01699"
"I.16.01.012","Marjoram","India","IN",0.6555,0.07,"01699"
"I.16.01.012","Marjoram","Kenya","KE",0.0114,0.07,"01699"
"I.16.01.012","Marjoram","Nigeria","NG",0.0166,0.07,"01699"
"I.16.01.012","Marjoram","Peru","PE",0.0261,0.07,"01699"
"I.16.01.012","Marjoram","Pakistan","PK",0.1021,0.07,"01699"
"I.16.01.012","Marjoram","Syrian Arab Republic","SY",0.0231,0.07,"01699"
"I.16.01.012","Marjoram","Thailand","TH",0.0187,0.07,"01699"
"I.16.01.012","Marjoram","Türkiye","TR",0.0901,0.07,"01699"
"I.16.01.013","Oregano","Bangladesh","BD",0.0119,0.07,"01699"
"I.16.01.013","Oregano","China, mainland","CN",0.0264,0.07,"01699"
"I.16.01.013","Oregano","Indonesia","ID",0.0182,0.07,"01699"
"I.16.01.013","Oregano","India","IN",0.6555,0.07,"01699"
"I.16.01.013","Oregano","Kenya","KE",0.0114,0.07,"01699"
"I.16.01.013","Oregano","Nigeria","NG",0.0166,0.07,"01699"
"I.16.01.013","Oregano","Peru","PE",0.0261,0.07,"01699"
"I.16.01.013","Oregano","Pakistan","PK",0.1021,0.07,"01699"
"I.16.01.013","Oregano","Syrian Arab Republic","SY",0.0231,0.07,"01699"
"I.16.01.013","Oregano","Thailand","TH",0.0187,0.07,"01699"
"I.16.01.013","Oregano","Türkiye","TR",0.0901,0.07,"01699"
"I.16.01.014","Mints","Bangladesh","BD",0.0119,0.07,"01699"
"I.16.01.014","Mints","China, mainland","CN",0.0264,0.07,"01699"
"I.16.01.014","Mints","Indonesia","ID",0.0182,0.07,"01699"
"I.16.01.014","Mints","India","IN",0.6555,0.07,"01699"
"I.16.01.014","Mints","Kenya","KE",0.0114,0.07,"01699"
"I.16.01.014","Mints","Nigeria","NG",0.0166,0.07,"01699"
"I.16.01.014","Mints","Peru","PE",0.0261,0.07,"01699"
"I.16.01.014","Mints","Pakistan","PK",0.1021,0.07,"01699"
"I.16.01.014","Mints","Syrian Arab Republic","SY",0.0231,0.07,"01699"
"I.16.01.014","Mints","Thailand","TH",0.0187,0.07,"01699"
"I.16.01.014","Mints","Türkiye","TR",0.0901,0.07,"01699"
"I.16.01.015","Coriander leaves","Bangladesh","BD",0.0119,0.07,"01699"
"I.16.01.015","Coriander leaves","China, mainland","CN",0.0264,0.07,"01699"
"I.16.01.015","Coriander leaves","Indonesia","ID",0.0182,0.07,"01699"
"I.16.01.015","Coriander leaves","India","IN",0.6555,0.07,"01699"
"I.16.01.015","Coriander leaves","Kenya","KE",0.0114,0.07,"01699"
"I.16.01.015","Coriander leaves","Nigeria","NG",0.0166,0.07,"01699"
"I.16.01.015","Coriander leaves","Peru","PE",0.0261,0.07,"01699"
"I.16.01.015","Coriander leaves","Pakistan","PK",0.1021,0.07,"01699"
"I.16.01.015","Coriander leaves","Syrian Arab Republic","SY",0.0231,0.07,"01699"
"I.16.01.015","Coriander leaves","Thailand","TH",0.0187,0.07,"01699"
"I.16.01.015","Coriander leaves","Türkiye","TR",0.0901,0.07,"01699"
"I.16.01.016","Lovage leaves","Bangladesh","BD",0.0119,0.07,"01699"
"I.16.01.016","Lovage leaves","China, mainland","CN",0.0264,0.07,"01699"
"I.16.01.016","Lovage leaves","Indonesia","ID",0.0182,0.07,"01699"
"I.16.01.016","Lovage leaves","India","IN",0.6555,0.07,"01699"
"I.16.01.016","Lovage leaves","Kenya","KE",0.0114,0.07,"01699"
"I.16.01.016","Lovage leaves","Nigeria","NG",0.0166,0.07,"01699"
"I.16.01.016","Lovage leaves","Peru","PE",0.0261,0.07,"01699"
"I.16.01.016","Lovage leaves","Pakistan","PK",0.1021,0.07,"01699"
"I.16.01.016","Lovage leaves","Syrian Arab Republic","SY",0.0231,0.07,"01699"
"I.16.01.016","Lovage leaves","Thailand","TH",0.0187,0.07,"01699"
"I.16.01.016","Lovage leaves","Türkiye","TR",0.0901,0.07,"01699"
"I.16.01.017","Winter savory","Bangladesh","BD",0.0119,0.07,"01699"
"I.16.01.017","Winter savory","China, mainland","CN",0.0264,0.07,"01699"
"I.16.01.017","Winter savory","Indonesia","ID",0.0182,0.07,"01699"
"I.16.01.017","Winter savory","India","IN",0.6555,0.07,"01699"
"I.16.01.017","Winter savory","Kenya","KE",0.0114,0.07,"01699"
"I.16.01.017","Winter savory","Nigeria","NG",0.0166,0.07,"01699"
"I.16.01.017","Winter savory","Peru","PE",0.0261,0.07,"01699"
"I.16.01.017","Winter savory","Pakistan","PK",0.1021,0.07,"01699"
"I.16.01.017","Winter savory","Syrian Arab Republic","SY",0.0231,0.07,"01699"
"I.16.01.017","Winter savory","Thailand","TH",0.0187,0.07,"01699"
"I.16.01.017","Winter savory","Türkiye","TR",0.0901,0.07,"01699"
"I.16.09.009","Citric acid","Rest of World","RoW",1,0,"MI-23"
"I.16.09.010","Quinine essence","Rest of World","RoW",1,0,"MI-43"
"I.16.09.011","Caffeine","Rest of World","RoW",1,0,"MI-24"
"I.16.09.012","Caramel color","Rest of World","RoW",1,0,"MI-25"
"I.16.09.013","Phosphoric acid","Rest of World","RoW",1,0,"MI-26"
