"SUA code","SUA name","Country code","Carbon footprint, primary production_pct_diff","Carbon dioxide, primary production_pct_diff","Methane, fossil, primary production_pct_diff","Methane, biogenic, primary production_pct_diff","Nitrous oxide, primary production_pct_diff","Yield_pct_diff","Land_pct_diff","N input_pct_diff","P input_pct_diff","Water_pct_diff","Pesticides_pct_diff","Biodiversity_pct_diff","Ammonia_pct_diff","Animal welfare_pct_diff","Antibiotics_pct_diff","Mineral fertiliser production (CO2e)_pct_diff","Capital goods (CO2e)_pct_diff","Soil emissions (CO2e)_pct_diff","Energy primary production (CO2e)_pct_diff","Land use change (CO2e)_pct_diff","Enteric fermentation (CO2e)_pct_diff","Manure management (CO2e)_pct_diff","Mineral fertiliser production (CO2)_pct_diff","Capital goods (CO2)_pct_diff","Energy primary production (CO2)_pct_diff","Land use change (CO2)_pct_diff","Mineral fertiliser production (CH4, fossil)_pct_diff","Capital goods (CH4, fossil)_pct_diff","Energy primary production (CH4, fossil)_pct_diff","Soil emissions (CH4, biogenic)_pct_diff","Enteric fermentation (CH4, biogenic)_pct_diff","Manure management (CH4, biogenic)_pct_diff","Mineral fertiliser production (N2O)_pct_diff","Capital goods (N2O)_pct_diff","Soil emissions (N2O)_pct_diff","Energy primary production (N2O)_pct_diff","Manure management (N2O)_pct_diff","Carbon footprint, primary production_abs_diff","Carbon dioxide, primary production_abs_diff","Methane, fossil, primary production_abs_diff","Methane, biogenic, primary production_abs_diff","Nitrous oxide, primary production_abs_diff","Yield_abs_diff","Land_abs_diff","N input_abs_diff","P input_abs_diff","Water_abs_diff","Pesticides_abs_diff","Biodiversity_abs_diff","Ammonia_abs_diff","Animal welfare_abs_diff","Antibiotics_abs_diff","Mineral fertiliser production (CO2e)_abs_diff","Capital goods (CO2e)_abs_diff","Soil emissions (CO2e)_abs_diff","Energy primary production (CO2e)_abs_diff","Land use change (CO2e)_abs_diff","Enteric fermentation (CO2e)_abs_diff","Manure management (CO2e)_abs_diff","Mineral fertiliser production (CO2)_abs_diff","Capital goods (CO2)_abs_diff","Energy primary production (CO2)_abs_diff","Land use change (CO2)_abs_diff","Mineral fertiliser production (CH4, fossil)_abs_diff","Capital goods (CH4, fossil)_abs_diff","Energy primary production (CH4, fossil)_abs_diff","Soil emissions (CH4, biogenic)_abs_diff","Enteric fermentation (CH4, biogenic)_abs_diff","Manure management (CH4, biogenic)_abs_diff","Mineral fertiliser production (N2O)_abs_diff","Capital goods (N2O)_abs_diff","Soil emissions (N2O)_abs_diff","Energy primary production (N2O)_abs_diff","Manure management (N2O)_abs_diff"
"0111","Wheat","AT",0,0,0,NA,0,0,0,0,0,0,NA,0,0,NA,NA,0,0,0,0,0,NA,NA,0,0,0,0,NA,0,0,NA,NA,NA,0,0,0,0,NA,0,0,0,0,0,0,0,0,0,0,NA,0,0,0,0,0,0,0,0,0,0,0,0,0,0,0,0,0,0,0,0,0,0,0,0,0,0
"0111","Wheat","BE",0,0,0,NA,0,0,0,0,0,0,NA,0,0,NA,NA,0,0,0,0,0,NA,NA,0,0,0,0,NA,0,0,NA,NA,NA,0,0,0,0,NA,0,0,0,0,0,0,0,0,0,0,NA,0,0,0,0,0,0,0,0,0,0,0,0,0,0,0,0,0,0,0,0,0,0,0,0,0,0
"0111","Wheat","BG",0,0,0,NA,0,0,0,0,0,NA,NA,0,0,NA,NA,0,0,0,0,0,NA,NA,0,0,0,0,NA,0,0,NA,NA,NA,0,0,0,0,NA,0,0,0,0,0,0,0,0,0,0,NA,0,0,0,0,0,0,0,0,0,0,0,0,0,0,0,0,0,0,0,0,0,0,0,0,0,0
"0111","Wheat","CA",0,0,0,NA,0,0,0,0,0,0,NA,0,0,NA,NA,0,0,0,0,0,NA,NA,0,0,0,0,NA,0,0,NA,NA,NA,0,0,0,0,NA,0,0,0,0,0,0,0,0,0,0,NA,0,0,0,0,0,0,0,0,0,0,0,0,0,0,0,0,0,0,0,0,0,0,0,0,0,0
"0111","Wheat","CZ",0,0,0,NA,0,0,0,0,0,NA,NA,0,0,NA,NA,0,0,0,0,0,NA,NA,0,0,0,0,NA,0,0,NA,NA,NA,0,0,0,0,NA,0,0,0,0,0,0,0,0,0,0,NA,0,0,0,0,0,0,0,0,0,0,0,0,0,0,0,0,0,0,0,0,0,0,0,0,0,0
"0111","Wheat","DE",0,0,0,NA,0,0,0,0,0,0,NA,0,0,NA,NA,0,0,0,0,0,NA,NA,0,0,0,0,NA,0,0,NA,NA,NA,0,0,0,0,NA,0,0,0,0,0,0,0,0,0,0,NA,0,0,0,0,0,0,0,0,0,0,0,0,0,0,0,0,0,0,0,0,0,0,0,0,0,0
"0111","Wheat","DK",0,0,0,NA,0,0,0,0,0,0,0,0,0,NA,NA,0,0,0,0,0,NA,NA,0,0,0,0,NA,0,0,NA,NA,NA,0,0,0,0,NA,0,0,0,0,0,0,0,0,0,0,0,0,0,0,0,0,0,0,0,0,0,0,0,0,0,0,0,0,0,0,0,0,0,0,0,0,0
"0111","Wheat","ES",0,0,0,NA,0,0,0,0,0,0,NA,0,0,NA,NA,0,0,0,0,0,NA,NA,0,0,0,0,NA,0,0,NA,NA,NA,0,0,0,0,NA,0,0,0,0,0,0,0,0,0,0,NA,0,0,0,0,0,0,0,0,0,0,0,0,0,0,0,0,0,0,0,0,0,0,0,0,0,0
"0111","Wheat","FR",0,0,0,NA,0,0,0,0,0,0,NA,0,0,NA,NA,0,0,0,0,0,NA,NA,0,0,0,0,NA,0,0,NA,NA,NA,0,0,0,0,NA,0,0,0,0,0,0,0,0,0,0,NA,0,0,0,0,0,0,0,0,0,0,0,0,0,0,0,0,0,0,0,0,0,0,0,0,0,0
"0111","Wheat","GB",0,0,0,NA,0,0,0,0,0,NA,NA,0,0,NA,NA,0,0,0,0,NA,NA,NA,0,0,0,NA,NA,0,0,NA,NA,NA,0,0,0,0,NA,0,0,0,0,0,0,0,0,0,0,NA,0,0,0,0,0,0,0,0,0,0,0,0,0,0,0,0,0,0,0,0,0,0,0,0,0,0
"0111","Wheat","GR",0,0,0,NA,0,0,0,0,0,0,NA,0,0,NA,NA,0,0,0,0,0,NA,NA,0,0,0,0,NA,0,0,NA,NA,NA,0,0,0,0,NA,0,0,0,0,0,0,0,0,0,0,NA,0,0,0,0,0,0,0,0,0,0,0,0,0,0,0,0,0,0,0,0,0,0,0,0,0,0
"0111","Wheat","HR",0,0,0,NA,0,0,0,0,0,NA,NA,0,0,NA,NA,0,0,0,0,0,NA,NA,0,0,0,0,NA,0,0,NA,NA,NA,0,0,0,0,NA,0,0,0,0,0,0,0,0,0,0,NA,0,0,0,0,0,0,0,0,0,0,0,0,0,0,0,0,0,0,0,0,0,0,0,0,0,0
"0111","Wheat","HU",0,0,0,NA,0,0,0,0,0,NA,NA,0,0,NA,NA,0,0,0,0,0,NA,NA,0,0,0,0,NA,0,0,NA,NA,NA,0,0,0,0,NA,0,0,0,0,0,0,0,0,0,0,NA,0,0,0,0,0,0,0,0,0,0,0,0,0,0,0,0,0,0,0,0,0,0,0,0,0,0
"0111","Wheat","IE",0,0,0,NA,0,0,0,0,0,NA,NA,0,0,NA,NA,0,0,0,0,0,NA,NA,0,0,0,0,NA,0,0,NA,NA,NA,0,0,0,0,NA,0,0,0,0,0,0,0,0,0,0,NA,0,0,0,0,0,0,0,0,0,0,0,0,0,0,0,0,0,0,0,0,0,0,0,0,0,0
"0111","Wheat","IT",0,0,0,NA,0,0,0,0,0,0,NA,0,0,NA,NA,0,0,0,0,0,NA,NA,0,0,0,0,NA,0,0,NA,NA,NA,0,0,0,0,NA,0,0,0,0,0,0,0,0,0,0,NA,0,0,0,0,0,0,0,0,0,0,0,0,0,0,0,0,0,0,0,0,0,0,0,0,0,0
"0111","Wheat","KZ",0,0,0,NA,0,0,0,0,0,0,NA,0,0,NA,NA,0,0,0,0,0,NA,NA,0,0,0,0,NA,0,0,NA,NA,NA,0,0,0,0,NA,0,0,0,0,0,0,0,0,0,0,NA,0,0,0,0,0,0,0,0,0,0,0,0,0,0,0,0,0,0,0,0,0,0,0,0,0,0
"0111","Wheat","LT",0,0,0,NA,0,0,0,0,0,0,NA,0,0,NA,NA,0,0,0,0,0,NA,NA,0,0,0,0,NA,0,0,NA,NA,NA,0,0,0,0,NA,0,0,0,0,0,0,0,0,0,0,NA,0,0,0,0,0,0,0,0,0,0,0,0,0,0,0,0,0,0,0,0,0,0,0,0,0,0
"0111","Wheat","LV",0,0,0,NA,0,0,0,0,0,0,NA,0,0,NA,NA,0,0,0,0,0,NA,NA,0,0,0,0,NA,0,0,NA,NA,NA,0,0,0,0,NA,0,0,0,0,0,0,0,0,0,0,NA,0,0,0,0,0,0,0,0,0,0,0,0,0,0,0,0,0,0,0,0,0,0,0,0,0,0
"0111","Wheat","MD",0,0,0,NA,0,0,0,0,0,0,NA,0,0,NA,NA,0,0,0,0,NA,NA,NA,0,0,0,NA,NA,0,0,NA,NA,NA,0,0,0,0,NA,0,0,0,0,0,0,0,0,0,0,NA,0,0,0,0,0,0,0,0,0,0,0,0,0,0,0,0,0,0,0,0,0,0,0,0,0,0
"0111","Wheat","PL",0,0,0,NA,0,0,0,0,0,0,NA,0,0,NA,NA,0,0,0,0,0,NA,NA,0,0,0,0,NA,0,0,NA,NA,NA,0,0,0,0,NA,0,0,0,0,0,0,0,0,0,0,NA,0,0,0,0,0,0,0,0,0,0,0,0,0,0,0,0,0,0,0,0,0,0,0,0,0,0
"0111","Wheat","RO",0,0,0,NA,0,0,0,0,0,NA,NA,0,0,NA,NA,0,0,0,0,0,NA,NA,0,0,0,0,NA,0,0,NA,NA,NA,0,0,0,0,NA,0,0,0,0,0,0,0,0,0,0,NA,0,0,0,0,0,0,0,0,0,0,0,0,0,0,0,0,0,0,0,0,0,0,0,0,0,0
"0111","Wheat","RS",0,0,0,NA,0,0,0,0,0,NA,NA,0,0,NA,NA,0,0,0,0,NA,NA,NA,0,0,0,NA,NA,0,0,NA,NA,NA,0,0,0,0,NA,0,0,0,0,0,0,0,0,0,0,NA,0,0,0,0,0,0,0,0,0,0,0,0,0,0,0,0,0,0,0,0,0,0,0,0,0,0
"0111","Wheat","RU",0,0,0,NA,0,0,0,0,0,0,NA,0,0,NA,NA,0,0,0,0,NA,NA,NA,0,0,0,NA,NA,0,0,NA,NA,NA,0,0,0,0,NA,0,0,0,0,0,0,0,0,0,0,NA,0,0,0,0,0,0,0,0,0,0,0,0,0,0,0,0,0,0,0,0,0,0,0,0,0,0
"0111","Wheat","SE",0,0,0,NA,0,0,0,0,0,NA,NA,0,0,NA,NA,0,0,0,0,0,NA,NA,0,0,0,0,NA,0,0,NA,NA,NA,0,0,0,0,NA,0,0,0,0,0,0,0,0,0,0,NA,0,0,0,0,0,0,0,0,0,0,0,0,0,0,0,0,0,0,0,0,0,0,0,0,0,0
"0111","Wheat","SK",0,0,0,NA,0,0,0,0,0,0,NA,0,0,NA,NA,0,0,0,0,0,NA,NA,0,0,0,0,NA,0,0,NA,NA,NA,0,0,0,0,NA,0,0,0,0,0,0,0,0,0,0,NA,0,0,0,0,0,0,0,0,0,0,0,0,0,0,0,0,0,0,0,0,0,0,0,0,0,0
"0111","Wheat","UA",0,0,0,NA,0,0,0,0,0,0,NA,0,0,NA,NA,0,0,0,0,0,NA,NA,0,0,0,0,NA,0,0,NA,NA,NA,0,0,0,0,NA,0,0,0,0,0,0,0,0,0,0,NA,0,0,0,0,0,0,0,0,0,0,0,0,0,0,0,0,0,0,0,0,0,0,0,0,0,0
"0111","Wheat","US",0,0,0,NA,0,0,0,0,0,0,NA,0,0,NA,NA,0,0,0,0,NA,NA,NA,0,0,0,NA,NA,0,0,NA,NA,NA,0,0,0,0,NA,0,0,0,0,0,0,0,0,0,0,NA,0,0,0,0,0,0,0,0,0,0,0,0,0,0,0,0,0,0,0,0,0,0,0,0,0,0
"0112","Maize (corn)","AR",0,0,0,NA,0,0,0,0,0,0,NA,0,0,NA,NA,0,0,0,0,0,NA,NA,0,0,0,0,NA,0,0,NA,NA,NA,0,0,0,0,NA,0,0,0,0,0,0,0,0,0,0,NA,0,0,0,0,0,0,0,0,0,0,0,0,0,0,0,0,0,0,0,0,0,0,0,0,0,0
"0112","Maize (corn)","AT",0,0,0,NA,0,0,0,0,0,0,NA,0,0,NA,NA,0,0,0,0,0,NA,NA,0,0,0,0,NA,0,0,NA,NA,NA,0,0,0,0,NA,0,0,0,0,0,0,0,0,0,0,NA,0,0,0,0,0,0,0,0,0,0,0,0,0,0,0,0,0,0,0,0,0,0,0,0,0,0
"0112","Maize (corn)","BG",0,0,0,NA,0,0,0,0,0,0,NA,0,0,NA,NA,0,0,0,0,0,NA,NA,0,0,0,0,NA,0,0,NA,NA,NA,0,0,0,0,NA,0,0,0,0,0,0,0,0,0,0,NA,0,0,0,0,0,0,0,0,0,0,0,0,0,0,0,0,0,0,0,0,0,0,0,0,0,0
"0112","Maize (corn)","BR",0,0,0,NA,0,0,0,0,0,0,NA,0,0,NA,NA,0,0,0,0,0,NA,NA,0,0,0,0,NA,0,0,NA,NA,NA,0,0,0,0,NA,0,0,0,0,0,0,0,0,0,0,NA,0,0,0,0,0,0,0,0,0,0,0,0,0,0,0,0,0,0,0,0,0,0,0,0,0,0
"0112","Maize (corn)","CA",0,0,0,NA,0,0,0,0,0,0,NA,0,0,NA,NA,0,0,0,0,0,NA,NA,0,0,0,0,NA,0,0,NA,NA,NA,0,0,0,0,NA,0,0,0,0,0,0,0,0,0,0,NA,0,0,0,0,0,0,0,0,0,0,0,0,0,0,0,0,0,0,0,0,0,0,0,0,0,0
"0112","Maize (corn)","CZ",0,0,0,NA,0,0,0,0,0,NA,NA,0,0,NA,NA,0,0,0,0,0,NA,NA,0,0,0,0,NA,0,0,NA,NA,NA,0,0,0,0,NA,0,0,0,0,0,0,0,0,0,0,NA,0,0,0,0,0,0,0,0,0,0,0,0,0,0,0,0,0,0,0,0,0,0,0,0,0,0
"0112","Maize (corn)","DE",0,0,0,NA,0,0,0,0,0,0,NA,0,0,NA,NA,0,0,0,0,0,NA,NA,0,0,0,0,NA,0,0,NA,NA,NA,0,0,0,0,NA,0,0,0,0,0,0,0,0,0,0,NA,0,0,0,0,0,0,0,0,0,0,0,0,0,0,0,0,0,0,0,0,0,0,0,0,0,0
"0112","Maize (corn)","DK",0,0,0,NA,0,0,0,0,0,NA,0,0,0,NA,NA,0,0,0,0,0,NA,NA,0,0,0,0,NA,0,0,NA,NA,NA,0,0,0,0,NA,0,0,0,0,0,0,0,0,0,0,0,0,0,0,0,0,0,0,0,0,0,0,0,0,0,0,0,0,0,0,0,0,0,0,0,0,0
"0112","Maize (corn)","ES",0,0,0,NA,0,0,0,0,0,0,NA,0,0,NA,NA,0,0,0,0,0,NA,NA,0,0,0,0,NA,0,0,NA,NA,NA,0,0,0,0,NA,0,0,0,0,0,0,0,0,0,0,NA,0,0,0,0,0,0,0,0,0,0,0,0,0,0,0,0,0,0,0,0,0,0,0,0,0,0
"0112","Maize (corn)","FR",0,0,0,NA,0,0,0,0,0,0,NA,0,0,NA,NA,0,0,0,0,0,NA,NA,0,0,0,0,NA,0,0,NA,NA,NA,0,0,0,0,NA,0,0,0,0,0,0,0,0,0,0,NA,0,0,0,0,0,0,0,0,0,0,0,0,0,0,0,0,0,0,0,0,0,0,0,0,0,0
"0112","Maize (corn)","GR",0,0,0,NA,0,0,0,0,0,0,NA,0,0,NA,NA,0,0,0,0,0,NA,NA,0,0,0,0,NA,0,0,NA,NA,NA,0,0,0,0,NA,0,0,0,0,0,0,0,0,0,0,NA,0,0,0,0,0,0,0,0,0,0,0,0,0,0,0,0,0,0,0,0,0,0,0,0,0,0
"0112","Maize (corn)","HR",0,0,0,NA,0,0,0,0,0,0,NA,0,0,NA,NA,0,0,0,0,0,NA,NA,0,0,0,0,NA,0,0,NA,NA,NA,0,0,0,0,NA,0,0,0,0,0,0,0,0,0,0,NA,0,0,0,0,0,0,0,0,0,0,0,0,0,0,0,0,0,0,0,0,0,0,0,0,0,0
"0112","Maize (corn)","HU",0,0,0,NA,0,0,0,0,0,0,NA,0,0,NA,NA,0,0,0,0,0,NA,NA,0,0,0,0,NA,0,0,NA,NA,NA,0,0,0,0,NA,0,0,0,0,0,0,0,0,0,0,NA,0,0,0,0,0,0,0,0,0,0,0,0,0,0,0,0,0,0,0,0,0,0,0,0,0,0
"0112","Maize (corn)","IT",0,0,0,NA,0,0,0,0,0,0,NA,0,0,NA,NA,0,0,0,0,0,NA,NA,0,0,0,0,NA,0,0,NA,NA,NA,0,0,0,0,NA,0,0,0,0,0,0,0,0,0,0,NA,0,0,0,0,0,0,0,0,0,0,0,0,0,0,0,0,0,0,0,0,0,0,0,0,0,0
"0112","Maize (corn)","LT",0,0,0,NA,0,0,0,0,0,NA,NA,0,0,NA,NA,0,0,0,0,0,NA,NA,0,0,0,0,NA,0,0,NA,NA,NA,0,0,0,0,NA,0,0,0,0,0,0,0,0,0,0,NA,0,0,0,0,0,0,0,0,0,0,0,0,0,0,0,0,0,0,0,0,0,0,0,0,0,0
"0112","Maize (corn)","MD",0,0,0,NA,0,0,0,0,0,0,NA,0,0,NA,NA,0,0,0,0,NA,NA,NA,0,0,0,NA,NA,0,0,NA,NA,NA,0,0,0,0,NA,0,0,0,0,0,0,0,0,0,0,NA,0,0,0,0,0,0,0,0,0,0,0,0,0,0,0,0,0,0,0,0,0,0,0,0,0,0
"0112","Maize (corn)","PL",0,0,0,NA,0,0,0,0,0,0,NA,0,0,NA,NA,0,0,0,0,0,NA,NA,0,0,0,0,NA,0,0,NA,NA,NA,0,0,0,0,NA,0,0,0,0,0,0,0,0,0,0,NA,0,0,0,0,0,0,0,0,0,0,0,0,0,0,0,0,0,0,0,0,0,0,0,0,0,0
"0112","Maize (corn)","RO",0,0,0,NA,0,0,0,0,0,0,NA,0,0,NA,NA,0,0,0,0,0,NA,NA,0,0,0,0,NA,0,0,NA,NA,NA,0,0,0,0,NA,0,0,0,0,0,0,0,0,0,0,NA,0,0,0,0,0,0,0,0,0,0,0,0,0,0,0,0,0,0,0,0,0,0,0,0,0,0
"0112","Maize (corn)","RS",0,0,0,NA,0,0,0,0,0,0,NA,0,0,NA,NA,0,0,0,0,NA,NA,NA,0,0,0,NA,NA,0,0,NA,NA,NA,0,0,0,0,NA,0,0,0,0,0,0,0,0,0,0,NA,0,0,0,0,0,0,0,0,0,0,0,0,0,0,0,0,0,0,0,0,0,0,0,0,0,0
"0112","Maize (corn)","RU",0,0,0,NA,0,0,0,0,0,0,NA,0,0,NA,NA,0,0,0,0,NA,NA,NA,0,0,0,NA,NA,0,0,NA,NA,NA,0,0,0,0,NA,0,0,0,0,0,0,0,0,0,0,NA,0,0,0,0,0,0,0,0,0,0,0,0,0,0,0,0,0,0,0,0,0,0,0,0,0,0
"0112","Maize (corn)","SE",0,0,0,NA,0,0,0,0,0,NA,NA,0,0,NA,NA,0,0,0,0,0,NA,NA,0,0,0,0,NA,0,0,NA,NA,NA,0,0,0,0,NA,0,0,0,0,0,0,0,0,0,NA,NA,0,0,0,0,0,0,0,0,0,0,0,0,0,0,0,0,0,0,0,0,0,0,0,0,0,0
"0112","Maize (corn)","SI",0,0,0,NA,0,0,0,0,0,0,NA,0,0,NA,NA,0,0,0,0,0,NA,NA,0,0,0,0,NA,0,0,NA,NA,NA,0,0,0,0,NA,0,0,0,0,0,0,0,0,0,0,NA,0,0,0,0,0,0,0,0,0,0,0,0,0,0,0,0,0,0,0,0,0,0,0,0,0,0
"0112","Maize (corn)","TR",0,0,0,NA,0,0,0,0,0,NA,NA,0,0,NA,NA,0,0,0,0,NA,NA,NA,0,0,0,NA,NA,0,0,NA,NA,NA,0,0,0,0,NA,0,0,0,0,0,0,0,0,0,NA,NA,0,0,0,0,0,0,0,0,0,0,0,0,0,0,0,0,0,0,0,0,0,0,0,0,0,0
"0112","Maize (corn)","UA",0,0,0,NA,0,0,0,0,0,0,NA,0,0,NA,NA,0,0,0,0,0,NA,NA,0,0,0,0,NA,0,0,NA,NA,NA,0,0,0,0,NA,0,0,0,0,0,0,0,0,0,0,NA,0,0,0,0,0,0,0,0,0,0,0,0,0,0,0,0,0,0,0,0,0,0,0,0,0,0
"0112","Maize (corn)","US",0,0,0,NA,0,0,0,0,0,0,NA,0,0,NA,NA,0,0,0,0,NA,NA,NA,0,0,0,NA,NA,0,0,NA,NA,NA,0,0,0,0,NA,0,0,0,0,0,0,0,0,0,0,NA,0,0,0,0,0,0,0,0,0,0,0,0,0,0,0,0,0,0,0,0,0,0,0,0,0,0
"0112","Maize (corn)","ZA",0,0,0,NA,0,0,0,0,0,0,NA,0,0,NA,NA,0,0,0,0,0,NA,NA,0,0,0,0,NA,0,0,NA,NA,NA,0,0,0,0,NA,0,0,0,0,0,0,0,0,0,0,NA,0,0,0,0,0,0,0,0,0,0,0,0,0,0,0,0,0,0,0,0,0,0,0,0,0,0
"0113","Rice","ES",0,0,0,0,0,0,0,0,0,0,NA,0,0,NA,NA,0,0,0,0,0,NA,NA,0,0,0,0,NA,0,0,0,NA,NA,0,0,0,0,NA,0,0,0,0,0,0,0,0,0,0,NA,0,0,0,0,0,0,0,0,0,0,0,0,0,0,0,0,0,0,0,0,0,0,0,0,0,0
"0113","Rice","FR",0,0,0,0,0,0,0,0,0,0,NA,0,0,NA,NA,0,0,0,0,0,NA,NA,0,0,0,0,NA,0,0,0,NA,NA,0,0,0,0,NA,0,0,0,0,0,0,0,0,0,0,NA,0,0,0,0,0,0,0,0,0,0,0,0,0,0,0,0,0,0,0,0,0,0,0,0,0,0
"0113","Rice","GR",0,0,0,0,0,0,0,0,0,0,NA,0,0,NA,NA,0,0,0,0,0,NA,NA,0,0,0,0,NA,0,0,0,NA,NA,0,0,0,0,NA,0,0,0,0,0,0,0,0,0,0,NA,0,0,0,0,0,0,0,0,0,0,0,0,0,0,0,0,0,0,0,0,0,0,0,0,0,0
"0113","Rice","IT",0,0,0,0,0,0,0,0,0,NA,NA,0,0,NA,NA,0,0,0,0,0,NA,NA,0,0,0,0,NA,0,0,0,NA,NA,0,0,0,0,NA,0,0,0,0,0,0,0,0,0,NA,NA,0,0,0,0,0,0,0,0,0,0,0,0,0,0,0,0,0,0,0,0,0,0,0,0,0,0
"0113","Rice","UA",0,0,0,0,0,0,0,0,0,0,NA,0,0,NA,NA,0,0,0,0,0,NA,NA,0,0,0,0,NA,0,0,0,NA,NA,0,0,0,0,NA,0,0,0,0,0,0,0,0,0,0,NA,0,0,0,0,0,0,0,0,0,0,0,0,0,0,0,0,0,0,0,0,0,0,0,0,0,0
"0114","Sorghum","AT",0,0,0,NA,0,0,0,0,0,NA,NA,0,0,NA,NA,0,0,0,0,0,NA,NA,0,0,0,0,NA,0,0,NA,NA,NA,0,0,0,0,NA,0,0,0,0,0,0,0,0,0,0,NA,0,0,0,0,0,0,0,0,0,0,0,0,0,0,0,0,0,0,0,0,0,0,0,0,0,0
"0114","Sorghum","ES",0,0,0,NA,0,0,0,0,0,NA,NA,0,0,NA,NA,0,0,0,0,0,NA,NA,0,0,0,0,NA,0,0,NA,NA,NA,0,0,0,0,NA,0,0,0,0,0,0,0,0,0,0,NA,0,0,0,0,0,0,0,0,0,0,0,0,0,0,0,0,0,0,0,0,0,0,0,0,0,0
"0114","Sorghum","FR",0,0,0,NA,0,0,0,0,0,NA,NA,0,0,NA,NA,0,0,0,0,0,NA,NA,0,0,0,0,NA,0,0,NA,NA,NA,0,0,0,0,NA,0,0,0,0,0,0,0,0,0,0,NA,0,0,0,0,0,0,0,0,0,0,0,0,0,0,0,0,0,0,0,0,0,0,0,0,0,0
"0114","Sorghum","GR",0,0,0,NA,0,0,0,0,0,NA,NA,0,0,NA,NA,0,0,0,0,0,NA,NA,0,0,0,0,NA,0,0,NA,NA,NA,0,0,0,0,NA,0,0,0,0,0,0,0,0,0,0,NA,0,0,0,0,0,0,0,0,0,0,0,0,0,0,0,0,0,0,0,0,0,0,0,0,0,0
"0114","Sorghum","HU",0,0,0,NA,0,0,0,0,0,NA,NA,0,0,NA,NA,0,0,0,0,0,NA,NA,0,0,0,0,NA,0,0,NA,NA,NA,0,0,0,0,NA,0,0,0,0,0,0,0,0,0,0,NA,0,0,0,0,0,0,0,0,0,0,0,0,0,0,0,0,0,0,0,0,0,0,0,0,0,0
"0114","Sorghum","IN",0,0,0,NA,0,0,0,0,0,0,NA,0,0,NA,NA,0,0,0,0,0,NA,NA,0,0,0,0,NA,0,0,NA,NA,NA,NA,0,0,0,NA,0,0,0,0,0,0,0,0,0,0,NA,0,0,0,0,0,0,0,0,0,0,0,0,0,0,0,0,0,0,0,0,0,0,0,0,0,0
"0114","Sorghum","IT",0,0,0,NA,0,0,0,0,NA,NA,NA,0,0,NA,NA,0,0,0,0,0,NA,NA,0,0,0,0,NA,0,0,NA,NA,NA,0,0,0,0,NA,0,0,0,0,0,0,0,0,0,0,NA,0,0,0,0,0,0,0,0,0,0,0,0,0,0,0,0,0,0,0,0,0,0,0,0,0,0
"0114","Sorghum","MD",0,0,0,NA,0,0,0,0,0,NA,NA,0,0,NA,NA,0,0,0,0,NA,NA,NA,0,0,0,NA,NA,0,0,NA,NA,NA,0,0,0,0,NA,0,0,0,0,0,0,0,0,0,0,NA,0,0,0,0,0,0,0,0,0,0,0,0,0,0,0,0,0,0,0,0,0,0,0,0,0,0
"0114","Sorghum","RO",0,0,0,NA,0,0,0,0,0,NA,NA,0,0,NA,NA,0,0,0,0,0,NA,NA,0,0,0,0,NA,0,0,NA,NA,NA,0,0,0,0,NA,0,0,0,0,0,0,0,0,0,0,NA,0,0,0,0,0,0,0,0,0,0,0,0,0,0,0,0,0,0,0,0,0,0,0,0,0,0
"0114","Sorghum","RU",0,0,0,NA,0,0,0,0,0,NA,NA,0,0,NA,NA,0,0,0,0,NA,NA,NA,0,0,0,NA,NA,0,0,NA,NA,NA,0,0,0,0,NA,0,0,0,0,0,0,0,0,0,0,NA,0,0,0,0,0,0,0,0,0,0,0,0,0,0,0,0,0,0,0,0,0,0,0,0,0,0
"0114","Sorghum","SK",0,0,0,NA,0,0,0,0,0,NA,NA,0,0,NA,NA,0,0,0,0,0,NA,NA,0,0,0,0,NA,0,0,NA,NA,NA,0,0,0,0,NA,0,0,0,0,0,0,0,0,0,0,NA,0,0,0,0,0,0,0,0,0,0,0,0,0,0,0,0,0,0,0,0,0,0,0,0,0,0
"0114","Sorghum","UA",0,0,0,NA,0,0,0,0,0,NA,NA,0,0,NA,NA,0,0,0,0,0,NA,NA,0,0,0,0,NA,0,0,NA,NA,NA,0,0,0,0,NA,0,0,0,0,0,0,0,0,0,0,NA,0,0,0,0,0,0,0,0,0,0,0,0,0,0,0,0,0,0,0,0,0,0,0,0,0,0
"0114","Sorghum","US",0,0,0,NA,0,0,0,0,0,0,NA,0,0,NA,NA,0,0,0,0,NA,NA,NA,0,0,0,NA,NA,0,0,NA,NA,NA,0,0,0,0,NA,0,0,0,0,0,0,0,0,0,0,NA,0,0,0,0,0,0,0,0,0,0,0,0,0,0,0,0,0,0,0,0,0,0,0,0,0,0
"0115","Barley","AT",0,0,0,NA,0,0,0,0,0,NA,NA,0,0,NA,NA,0,0,0,0,0,NA,NA,0,0,0,0,NA,0,0,NA,NA,NA,0,0,0,0,NA,0,0,0,0,0,0,0,0,0,0,NA,0,0,0,0,0,0,0,0,0,0,0,0,0,0,0,0,0,0,0,0,0,0,0,0,0,0
"0115","Barley","BG",0,0,0,NA,0,0,0,0,0,NA,NA,0,0,NA,NA,0,0,0,0,0,NA,NA,0,0,0,0,NA,0,0,NA,NA,NA,0,0,0,0,NA,0,0,0,0,0,0,0,0,0,0,NA,0,0,0,0,0,0,0,0,0,0,0,0,0,0,0,0,0,0,0,0,0,0,0,0,0,0
"0115","Barley","CA",0,0,0,NA,0,0,0,0,0,0,NA,0,0,NA,NA,0,0,0,0,0,NA,NA,0,0,0,0,NA,0,0,NA,NA,NA,0,0,0,0,NA,0,0,0,0,0,0,0,0,0,0,NA,0,0,0,0,0,0,0,0,0,0,0,0,0,0,0,0,0,0,0,0,0,0,0,0,0,0
"0115","Barley","CZ",0,0,0,NA,0,0,0,0,0,NA,NA,0,0,NA,NA,0,0,0,0,0,NA,NA,0,0,0,0,NA,0,0,NA,NA,NA,0,0,0,0,NA,0,0,0,0,0,0,0,0,0,0,NA,0,0,0,0,0,0,0,0,0,0,0,0,0,0,0,0,0,0,0,0,0,0,0,0,0,0
"0115","Barley","DE",0,0,0,NA,0,0,0,0,0,0,NA,0,0,NA,NA,0,0,0,0,0,NA,NA,0,0,0,0,NA,0,0,NA,NA,NA,0,0,0,0,NA,0,0,0,0,0,0,0,0,0,0,NA,0,0,0,0,0,0,0,0,0,0,0,0,0,0,0,0,0,0,0,0,0,0,0,0,0,0
"0115","Barley","DK",0,0,0,NA,0,0,0,0,0,NA,0,0,0,NA,NA,0,0,0,0,0,NA,NA,0,0,0,0,NA,0,0,NA,NA,NA,0,0,0,0,NA,0,0,0,0,0,0,0,0,0,0,0,0,0,0,0,0,0,0,0,0,0,0,0,0,0,0,0,0,0,0,0,0,0,0,0,0,0
"0115","Barley","ES",0,0,0,NA,0,0,0,0,0,0,NA,0,0,NA,NA,0,0,0,0,0,NA,NA,0,0,0,0,NA,0,0,NA,NA,NA,0,0,0,0,NA,0,0,0,0,0,0,0,0,0,0,NA,0,0,0,0,0,0,0,0,0,0,0,0,0,0,0,0,0,0,0,0,0,0,0,0,0,0
"0115","Barley","FR",0,0,0,NA,0,0,0,0,0,0,NA,0,0,NA,NA,0,0,0,0,0,NA,NA,0,0,0,0,NA,0,0,NA,NA,NA,0,0,0,0,NA,0,0,0,0,0,0,0,0,0,0,NA,0,0,0,0,0,0,0,0,0,0,0,0,0,0,0,0,0,0,0,0,0,0,0,0,0,0
"0115","Barley","GB",0,0,0,NA,0,0,0,0,0,NA,NA,0,0,NA,NA,0,0,0,0,NA,NA,NA,0,0,0,NA,NA,0,0,NA,NA,NA,0,0,0,0,NA,0,0,0,0,0,0,0,0,0,0,NA,0,0,0,0,0,0,0,0,0,0,0,0,0,0,0,0,0,0,0,0,0,0,0,0,0,0
"0115","Barley","GR",0,0,0,NA,0,0,0,0,0,NA,NA,0,0,NA,NA,0,0,0,0,0,NA,NA,0,0,0,0,NA,0,0,NA,NA,NA,0,0,0,0,NA,0,0,0,0,0,0,0,0,0,0,NA,0,0,0,0,0,0,0,0,0,0,0,0,0,0,0,0,0,0,0,0,0,0,0,0,0,0
"0115","Barley","HR",0,0,0,NA,0,0,0,0,0,NA,NA,0,0,NA,NA,0,0,0,0,0,NA,NA,0,0,0,0,NA,0,0,NA,NA,NA,0,0,0,0,NA,0,0,0,0,0,0,0,0,0,0,NA,0,0,0,0,0,0,0,0,0,0,0,0,0,0,0,0,0,0,0,0,0,0,0,0,0,0
"0115","Barley","HU",0,0,0,NA,0,0,0,0,0,NA,NA,0,0,NA,NA,0,0,0,0,0,NA,NA,0,0,0,0,NA,0,0,NA,NA,NA,0,0,0,0,NA,0,0,0,0,0,0,0,0,0,0,NA,0,0,0,0,0,0,0,0,0,0,0,0,0,0,0,0,0,0,0,0,0,0,0,0,0,0
"0115","Barley","IE",0,0,0,NA,0,0,0,0,0,NA,NA,0,0,NA,NA,0,0,0,0,0,NA,NA,0,0,0,0,NA,0,0,NA,NA,NA,0,0,0,0,NA,0,0,0,0,0,0,0,0,0,0,NA,0,0,0,0,0,0,0,0,0,0,0,0,0,0,0,0,0,0,0,0,0,0,0,0,0,0
"0115","Barley","IT",0,0,0,NA,0,0,0,0,0,NA,NA,0,0,NA,NA,0,0,0,0,0,NA,NA,0,0,0,0,NA,0,0,NA,NA,NA,0,0,0,0,NA,0,0,0,0,0,0,0,0,0,0,NA,0,0,0,0,0,0,0,0,0,0,0,0,0,0,0,0,0,0,0,0,0,0,0,0,0,0
"0115","Barley","MK",0,0,0,NA,0,0,0,0,0,0,NA,0,0,NA,NA,0,0,0,0,0,NA,NA,0,0,0,0,NA,0,0,NA,NA,NA,0,0,0,0,NA,0,0,0,0,0,0,0,0,0,0,NA,0,0,0,0,0,0,0,0,0,0,0,0,0,0,0,0,0,0,0,0,0,0,0,0,0,0
"0115","Barley","PL",0,0,0,NA,0,0,0,0,0,0,NA,0,0,NA,NA,0,0,0,0,0,NA,NA,0,0,0,0,NA,0,0,NA,NA,NA,0,0,0,0,NA,0,0,0,0,0,0,0,0,0,0,NA,0,0,0,0,0,0,0,0,0,0,0,0,0,0,0,0,0,0,0,0,0,0,0,0,0,0
"0115","Barley","RO",0,0,0,NA,0,0,0,0,0,NA,NA,0,0,NA,NA,0,0,0,0,0,NA,NA,0,0,0,0,NA,0,0,NA,NA,NA,0,0,0,0,NA,0,0,0,0,0,0,0,0,0,0,NA,0,0,0,0,0,0,0,0,0,0,0,0,0,0,0,0,0,0,0,0,0,0,0,0,0,0
"0115","Barley","SE",0,0,0,NA,0,0,0,0,0,0,NA,0,0,NA,NA,0,0,0,0,0,NA,NA,0,0,0,0,NA,0,0,NA,NA,NA,0,0,0,0,NA,0,0,0,0,0,0,0,0,0,0,NA,0,0,0,0,0,0,0,0,0,0,0,0,0,0,0,0,0,0,0,0,0,0,0,0,0,0
"0115","Barley","SK",0,0,0,NA,0,0,0,0,0,NA,NA,0,0,NA,NA,0,0,0,0,0,NA,NA,0,0,0,0,NA,0,0,NA,NA,NA,0,0,0,0,NA,0,0,0,0,0,0,0,0,0,0,NA,0,0,0,0,0,0,0,0,0,0,0,0,0,0,0,0,0,0,0,0,0,0,0,0,0,0
"0115","Barley","UA",0,0,0,NA,0,0,0,0,0,0,NA,0,0,NA,NA,0,0,0,0,0,NA,NA,0,0,0,0,NA,0,0,NA,NA,NA,0,0,0,0,NA,0,0,0,0,0,0,0,0,0,0,NA,0,0,0,0,0,0,0,0,0,0,0,0,0,0,0,0,0,0,0,0,0,0,0,0,0,0
"0115","Barley","US",0,0,0,NA,0,0,0,0,0,0,NA,0,0,NA,NA,0,0,0,0,NA,NA,NA,0,0,0,NA,NA,0,0,NA,NA,NA,0,0,0,0,NA,0,0,0,0,0,0,0,0,0,0,NA,0,0,0,0,0,0,0,0,0,0,0,0,0,0,0,0,0,0,0,0,0,0,0,0,0,0
"0116","Rye","AT",0,0,0,NA,0,0,0,0,0,0,NA,0,0,NA,NA,0,0,0,0,0,NA,NA,0,0,0,0,NA,0,0,NA,NA,NA,0,0,0,0,NA,0,0,0,0,0,0,0,0,0,0,NA,0,0,0,0,0,0,0,0,0,0,0,0,0,0,0,0,0,0,0,0,0,0,0,0,0,0
"0116","Rye","BG",0,0,0,NA,0,0,0,0,0,NA,NA,0,0,NA,NA,0,0,0,0,0,NA,NA,0,0,0,0,NA,0,0,NA,NA,NA,0,0,0,0,NA,0,0,0,0,0,0,0,0,0,0,NA,0,0,0,0,0,0,0,0,0,0,0,0,0,0,0,0,0,0,0,0,0,0,0,0,0,0
"0116","Rye","DE",0,0,0,NA,0,0,0,0,0,0,NA,0,0,NA,NA,0,0,0,0,0,NA,NA,0,0,0,0,NA,0,0,NA,NA,NA,0,0,0,0,NA,0,0,0,0,0,0,0,0,0,0,NA,0,0,0,0,0,0,0,0,0,0,0,0,0,0,0,0,0,0,0,0,0,0,0,0,0,0
"0116","Rye","DK",0,0,0,NA,0,0,0,0,0,0,0,0,0,NA,NA,0,0,0,0,0,NA,NA,0,0,0,0,NA,0,0,NA,NA,NA,0,0,0,0,NA,0,0,0,0,0,0,0,0,0,0,0,0,0,0,0,0,0,0,0,0,0,0,0,0,0,0,0,0,0,0,0,0,0,0,0,0,0
"0116","Rye","ES",0,0,0,NA,0,0,0,0,0,0,NA,0,0,NA,NA,0,0,0,0,0,NA,NA,0,0,0,0,NA,0,0,NA,NA,NA,0,0,0,0,NA,0,0,0,0,0,0,0,0,0,0,NA,0,0,0,0,0,0,0,0,0,0,0,0,0,0,0,0,0,0,0,0,0,0,0,0,0,0
"0116","Rye","FR",0,0,0,NA,0,0,0,0,0,0,NA,0,0,NA,NA,0,0,0,0,0,NA,NA,0,0,0,0,NA,0,0,NA,NA,NA,0,0,0,0,NA,0,0,0,0,0,0,0,0,0,0,NA,0,0,0,0,0,0,0,0,0,0,0,0,0,0,0,0,0,0,0,0,0,0,0,0,0,0
"0116","Rye","GB",0,0,0,NA,0,0,0,0,0,NA,NA,0,0,NA,NA,0,0,0,0,NA,NA,NA,0,0,0,NA,NA,0,0,NA,NA,NA,0,0,0,0,NA,0,0,0,0,0,0,0,0,0,0,NA,0,0,0,0,0,0,0,0,0,0,0,0,0,0,0,0,0,0,0,0,0,0,0,0,0,0
"0116","Rye","GR",0,0,0,NA,0,0,0,0,0,0,NA,0,0,NA,NA,0,0,0,0,0,NA,NA,0,0,0,0,NA,0,0,NA,NA,NA,0,0,0,0,NA,0,0,0,0,0,0,0,0,0,0,NA,0,0,0,0,0,0,0,0,0,0,0,0,0,0,0,0,0,0,0,0,0,0,0,0,0,0
"0116","Rye","HU",0,0,0,NA,0,0,0,0,0,NA,NA,0,0,NA,NA,0,0,0,0,0,NA,NA,0,0,0,0,NA,0,0,NA,NA,NA,0,0,0,0,NA,0,0,0,0,0,0,0,0,0,0,NA,0,0,0,0,0,0,0,0,0,0,0,0,0,0,0,0,0,0,0,0,0,0,0,0,0,0
"0116","Rye","IT",0,0,0,NA,0,0,0,0,0,0,NA,0,0,NA,NA,0,0,0,0,0,NA,NA,0,0,0,0,NA,0,0,NA,NA,NA,0,0,0,0,NA,0,0,0,0,0,0,0,0,0,0,NA,0,0,0,0,0,0,0,0,0,0,0,0,0,0,0,0,0,0,0,0,0,0,0,0,0,0
"0116","Rye","KZ",0,0,0,NA,0,0,0,0,0,0,NA,0,0,NA,NA,0,0,0,0,0,NA,NA,0,0,0,0,NA,0,0,NA,NA,NA,0,0,0,0,NA,0,0,0,0,0,0,0,0,0,0,NA,0,0,0,0,0,0,0,0,0,0,0,0,0,0,0,0,0,0,0,0,0,0,0,0,0,0
"0116","Rye","LV",0,0,0,NA,0,0,0,0,0,0,NA,0,0,NA,NA,0,0,0,0,0,NA,NA,0,0,0,0,NA,0,0,NA,NA,NA,0,0,0,0,NA,0,0,0,0,0,0,0,0,0,0,NA,0,0,0,0,0,0,0,0,0,0,0,0,0,0,0,0,0,0,0,0,0,0,0,0,0,0
"0116","Rye","PL",0,0,0,NA,0,0,0,0,0,0,NA,0,0,NA,NA,0,0,0,0,0,NA,NA,0,0,0,0,NA,0,0,NA,NA,NA,0,0,0,0,NA,0,0,0,0,0,0,0,0,0,0,NA,0,0,0,0,0,0,0,0,0,0,0,0,0,0,0,0,0,0,0,0,0,0,0,0,0,0
"0116","Rye","RU",0,0,0,NA,0,0,0,0,0,0,NA,0,0,NA,NA,0,0,0,0,NA,NA,NA,0,0,0,NA,NA,0,0,NA,NA,NA,0,0,0,0,NA,0,0,0,0,0,0,0,0,0,0,NA,0,0,0,0,0,0,0,0,0,0,0,0,0,0,0,0,0,0,0,0,0,0,0,0,0,0
"0116","Rye","SE",0,0,0,NA,0,0,0,0,0,NA,NA,0,0,NA,NA,0,0,0,0,0,NA,NA,0,0,0,0,NA,0,0,NA,NA,NA,0,0,0,0,NA,0,0,0,0,0,0,0,0,0,0,NA,0,0,0,0,0,0,0,0,0,0,0,0,0,0,0,0,0,0,0,0,0,0,0,0,0,0
"0116","Rye","SK",0,0,0,NA,0,0,0,0,0,0,NA,0,0,NA,NA,0,0,0,0,0,NA,NA,0,0,0,0,NA,0,0,NA,NA,NA,0,0,0,0,NA,0,0,0,0,0,0,0,0,0,0,NA,0,0,0,0,0,0,0,0,0,0,0,0,0,0,0,0,0,0,0,0,0,0,0,0,0,0
"0116","Rye","UA",0,0,0,NA,0,0,0,0,0,0,NA,0,0,NA,NA,0,0,0,0,0,NA,NA,0,0,0,0,NA,0,0,NA,NA,NA,0,0,0,0,NA,0,0,0,0,0,0,0,0,0,0,NA,0,0,0,0,0,0,0,0,0,0,0,0,0,0,0,0,0,0,0,0,0,0,0,0,0,0
"0117","Oats","AT",0,0,0,NA,0,0,0,0,0,0,NA,0,0,NA,NA,0,0,0,0,0,NA,NA,0,0,0,0,NA,0,0,NA,NA,NA,0,0,0,0,NA,0,0,0,0,0,0,0,0,0,0,NA,0,0,0,0,0,0,0,0,0,0,0,0,0,0,0,0,0,0,0,0,0,0,0,0,0,0
"0117","Oats","BG",0,0,0,NA,0,0,0,0,0,NA,NA,0,0,NA,NA,0,0,0,0,0,NA,NA,0,0,0,0,NA,0,0,NA,NA,NA,0,0,0,0,NA,0,0,0,0,0,0,0,0,0,0,NA,0,0,0,0,0,0,0,0,0,0,0,0,0,0,0,0,0,0,0,0,0,0,0,0,0,0
"0117","Oats","CZ",0,0,0,NA,0,0,0,0,0,NA,NA,0,0,NA,NA,0,0,0,0,0,NA,NA,0,0,0,0,NA,0,0,NA,NA,NA,0,0,0,0,NA,0,0,0,0,0,0,0,0,0,0,NA,0,0,0,0,0,0,0,0,0,0,0,0,0,0,0,0,0,0,0,0,0,0,0,0,0,0
"0117","Oats","DE",0,0,0,NA,0,0,0,0,0,0,NA,0,0,NA,NA,0,0,0,0,0,NA,NA,0,0,0,0,NA,0,0,NA,NA,NA,0,0,0,0,NA,0,0,0,0,0,0,0,0,0,0,NA,0,0,0,0,0,0,0,0,0,0,0,0,0,0,0,0,0,0,0,0,0,0,0,0,0,0
"0117","Oats","DK",0,0,0,NA,0,0,0,0,0,0,0,0,0,NA,NA,0,0,0,0,0,NA,NA,0,0,0,0,NA,0,0,NA,NA,NA,0,0,0,0,NA,0,0,0,0,0,0,0,0,0,0,0,0,0,0,0,0,0,0,0,0,0,0,0,0,0,0,0,0,0,0,0,0,0,0,0,0,0
"0117","Oats","EE",0,0,0,NA,0,0,0,0,0,NA,NA,0,0,NA,NA,0,0,0,0,0,NA,NA,0,0,0,0,NA,0,0,NA,NA,NA,0,0,0,0,NA,0,0,0,0,0,0,0,0,0,0,NA,0,0,0,0,0,0,0,0,0,0,0,0,0,0,0,0,0,0,0,0,0,0,0,0,0,0
"0117","Oats","ES",0,0,0,NA,0,0,0,0,0,0,NA,0,0,NA,NA,0,0,0,0,0,NA,NA,0,0,0,0,NA,0,0,NA,NA,NA,0,0,0,0,NA,0,0,0,0,0,0,0,0,0,0,NA,0,0,0,0,0,0,0,0,0,0,0,0,0,0,0,0,0,0,0,0,0,0,0,0,0,0
"0117","Oats","FI",0,0,0,NA,0,0,0,0,0,0,NA,0,0,NA,NA,0,0,0,0,0,NA,NA,0,0,0,0,NA,0,0,NA,NA,NA,0,0,0,0,NA,0,0,0,0,0,0,0,0,0,0,NA,0,0,0,0,0,0,0,0,0,0,0,0,0,0,0,0,0,0,0,0,0,0,0,0,0,0
"0117","Oats","FR",0,0,0,NA,0,0,0,0,0,0,NA,0,0,NA,NA,0,0,0,0,0,NA,NA,0,0,0,0,NA,0,0,NA,NA,NA,0,0,0,0,NA,0,0,0,0,0,0,0,0,0,0,NA,0,0,0,0,0,0,0,0,0,0,0,0,0,0,0,0,0,0,0,0,0,0,0,0,0,0
"0117","Oats","GB",0,0,0,NA,0,0,0,0,0,NA,NA,0,0,NA,NA,0,0,0,0,NA,NA,NA,0,0,0,NA,NA,0,0,NA,NA,NA,0,0,0,0,NA,0,0,0,0,0,0,0,0,0,0,NA,0,0,0,0,0,0,0,0,0,0,0,0,0,0,0,0,0,0,0,0,0,0,0,0,0,0
"0117","Oats","GR",0,0,0,NA,0,0,0,0,0,0,NA,0,0,NA,NA,0,0,0,0,0,NA,NA,0,0,0,0,NA,0,0,NA,NA,NA,0,0,0,0,NA,0,0,0,0,0,0,0,0,0,0,NA,0,0,0,0,0,0,0,0,0,0,0,0,0,0,0,0,0,0,0,0,0,0,0,0,0,0
"0117","Oats","HU",0,0,0,NA,0,0,0,0,0,NA,NA,0,0,NA,NA,0,0,0,0,0,NA,NA,0,0,0,0,NA,0,0,NA,NA,NA,0,0,0,0,NA,0,0,0,0,0,0,0,0,0,0,NA,0,0,0,0,0,0,0,0,0,0,0,0,0,0,0,0,0,0,0,0,0,0,0,0,0,0
"0117","Oats","IE",0,0,0,NA,0,0,0,0,0,NA,NA,0,0,NA,NA,0,0,0,0,0,NA,NA,0,0,0,0,NA,0,0,NA,NA,NA,0,0,0,0,NA,0,0,0,0,0,0,0,0,0,0,NA,0,0,0,0,0,0,0,0,0,0,0,0,0,0,0,0,0,0,0,0,0,0,0,0,0,0
"0117","Oats","IT",0,0,0,NA,0,0,0,0,0,NA,NA,0,0,NA,NA,0,0,0,0,0,NA,NA,0,0,0,0,NA,0,0,NA,NA,NA,0,0,0,0,NA,0,0,0,0,0,0,0,0,0,0,NA,0,0,0,0,0,0,0,0,0,0,0,0,0,0,0,0,0,0,0,0,0,0,0,0,0,0
"0117","Oats","LT",0,0,0,NA,0,0,0,0,0,0,NA,0,0,NA,NA,0,0,0,0,0,NA,NA,0,0,0,0,NA,0,0,NA,NA,NA,0,0,0,0,NA,0,0,0,0,0,0,0,0,0,0,NA,0,0,0,0,0,0,0,0,0,0,0,0,0,0,0,0,0,0,0,0,0,0,0,0,0,0
"0117","Oats","LV",0,0,0,NA,0,0,0,0,0,NA,NA,0,0,NA,NA,0,0,0,0,0,NA,NA,0,0,0,0,NA,0,0,NA,NA,NA,0,0,0,0,NA,0,0,0,0,0,0,0,0,0,0,NA,0,0,0,0,0,0,0,0,0,0,0,0,0,0,0,0,0,0,0,0,0,0,0,0,0,0
"0117","Oats","PL",0,0,0,NA,0,0,0,0,0,0,NA,0,0,NA,NA,0,0,0,0,0,NA,NA,0,0,0,0,NA,0,0,NA,NA,NA,0,0,0,0,NA,0,0,0,0,0,0,0,0,0,0,NA,0,0,0,0,0,0,0,0,0,0,0,0,0,0,0,0,0,0,0,0,0,0,0,0,0,0
"0117","Oats","SE",0,0,0,NA,0,0,0,0,0,0,NA,0,0,NA,NA,0,0,0,0,0,NA,NA,0,0,0,0,NA,0,0,NA,NA,NA,0,0,0,0,NA,0,0,0,0,0,0,0,0,0,0,NA,0,0,0,0,0,0,0,0,0,0,0,0,0,0,0,0,0,0,0,0,0,0,0,0,0,0
"0117","Oats","SK",0,0,0,NA,0,0,0,0,0,0,NA,0,0,NA,NA,0,0,0,0,0,NA,NA,0,0,0,0,NA,0,0,NA,NA,NA,0,0,0,0,NA,0,0,0,0,0,0,0,0,0,0,NA,0,0,0,0,0,0,0,0,0,0,0,0,0,0,0,0,0,0,0,0,0,0,0,0,0,0
"0117","Oats","UA",0,0,0,NA,0,0,0,0,0,0,NA,0,0,NA,NA,0,0,0,0,0,NA,NA,0,0,0,0,NA,0,0,NA,NA,NA,0,0,0,0,NA,0,0,0,0,0,0,0,0,0,0,NA,0,0,0,0,0,0,0,0,0,0,0,0,0,0,0,0,0,0,0,0,0,0,0,0,0,0
"0118","Millet","AR",0,0,0,NA,0,0,0,0,0,NA,NA,0,0,NA,NA,0,0,0,0,0,NA,NA,0,0,0,0,NA,0,0,NA,NA,NA,0,0,0,0,NA,0,0,0,0,0,0,0,0,0,NA,NA,0,0,0,0,0,0,0,0,0,0,0,0,0,0,0,0,0,0,0,0,0,0,0,0,0,0
"0118","Millet","CN",0,0,0,NA,0,0,0,0,0,0,NA,0,0,NA,NA,0,0,0,0,0,NA,NA,0,0,0,0,NA,0,0,NA,NA,NA,0,0,0,0,NA,0,0,0,0,0,0,0,0,0,0,NA,0,0,0,0,0,0,0,0,0,0,0,0,0,0,0,0,0,0,0,0,0,0,0,0,0,0
"0118","Millet","ET",0,0,0,NA,0,0,0,0,0,NA,NA,0,0,NA,NA,0,0,0,0,0,NA,NA,0,0,0,0,NA,0,0,NA,NA,NA,NA,0,0,0,NA,0,0,0,0,0,0,0,0,0,0,NA,0,0,0,0,0,0,0,0,0,0,0,0,0,0,0,0,0,0,0,0,0,0,0,0,0,0
"0118","Millet","IN",0,0,0,NA,0,0,0,0,0,0,NA,0,0,NA,NA,0,0,0,0,0,NA,NA,0,0,0,0,NA,0,0,NA,NA,NA,NA,0,0,0,NA,0,0,0,0,0,0,0,0,0,0,NA,0,0,0,0,0,0,0,0,0,0,0,0,0,0,0,0,0,0,0,0,0,0,0,0,0,0
"0118","Millet","KZ",0,0,0,NA,0,0,0,0,0,NA,NA,0,0,NA,NA,0,0,0,0,0,NA,NA,0,0,0,0,NA,0,0,NA,NA,NA,0,0,0,0,NA,0,0,0,0,0,0,0,0,0,NA,NA,0,0,0,0,0,0,0,0,0,0,0,0,0,0,0,0,0,0,0,0,0,0,0,0,0,0
"0118","Millet","LY",0,0,0,NA,0,0,0,0,0,NA,NA,0,0,NA,NA,0,0,0,0,NA,NA,NA,0,0,0,NA,NA,0,0,NA,NA,NA,NA,0,0,0,NA,0,0,0,0,0,0,0,0,0,NA,NA,0,0,0,0,0,0,0,0,0,0,0,0,0,0,0,0,0,0,0,0,0,0,0,0,0,0
"0118","Millet","RU",0,0,0,NA,0,0,0,0,0,NA,NA,0,0,NA,NA,0,0,0,0,NA,NA,NA,0,0,0,NA,NA,0,0,NA,NA,NA,0,0,0,0,NA,0,0,0,0,0,0,0,0,0,0,NA,0,0,0,0,0,0,0,0,0,0,0,0,0,0,0,0,0,0,0,0,0,0,0,0,0,0
"0118","Millet","UA",0,0,0,NA,0,0,0,0,0,NA,NA,0,0,NA,NA,0,0,0,0,0,NA,NA,0,0,0,0,NA,0,0,NA,NA,NA,0,0,0,0,NA,0,0,0,0,0,0,0,0,0,NA,NA,0,0,0,0,0,0,0,0,0,0,0,0,0,0,0,0,0,0,0,0,0,0,0,0,0,0
"0118","Millet","US",0,0,0,NA,0,0,0,0,0,NA,NA,0,0,NA,NA,0,0,0,0,NA,NA,NA,0,0,0,NA,NA,0,0,NA,NA,NA,0,0,0,0,NA,0,0,0,0,0,0,0,0,0,NA,NA,0,0,0,0,0,0,0,0,0,0,0,0,0,0,0,0,0,0,0,0,0,0,0,0,0,0
"01192","Buckwheat","BY",0,0,0,NA,0,0,0,0,0,0,NA,0,0,NA,NA,0,0,0,0,0,NA,NA,0,0,0,0,NA,0,0,NA,NA,NA,0,0,0,0,NA,0,0,0,0,0,0,0,0,0,0,NA,0,0,0,0,0,0,0,0,0,0,0,0,0,0,0,0,0,0,0,0,0,0,0,0,0,0
"01192","Buckwheat","CN",0,0,0,NA,0,0,0,0,0,0,NA,0,0,NA,NA,0,0,0,0,0,NA,NA,0,0,0,0,NA,0,0,NA,NA,NA,0,0,0,0,NA,0,0,0,0,0,0,0,0,0,0,NA,0,0,0,0,0,0,0,0,0,0,0,0,0,0,0,0,0,0,0,0,0,0,0,0,0,0
"01192","Buckwheat","KZ",0,0,0,NA,0,0,0,0,0,0,NA,0,0,NA,NA,0,0,0,0,0,NA,NA,0,0,0,0,NA,0,0,NA,NA,NA,0,0,0,0,NA,0,0,0,0,0,0,0,0,0,0,NA,0,0,0,0,0,0,0,0,0,0,0,0,0,0,0,0,0,0,0,0,0,0,0,0,0,0
"01192","Buckwheat","LT",0,0,0,NA,0,0,0,0,0,0,NA,0,0,NA,NA,0,0,0,0,0,NA,NA,0,0,0,0,NA,0,0,NA,NA,NA,0,0,0,0,NA,0,0,0,0,0,0,0,0,0,0,NA,0,0,0,0,0,0,0,0,0,0,0,0,0,0,0,0,0,0,0,0,0,0,0,0,0,0
"01192","Buckwheat","RU",0,0,0,NA,0,0,0,0,0,0,NA,0,0,NA,NA,0,0,0,0,NA,NA,NA,0,0,0,NA,NA,0,0,NA,NA,NA,0,0,0,0,NA,0,0,0,0,0,0,0,0,0,0,NA,0,0,0,0,0,0,0,0,0,0,0,0,0,0,0,0,0,0,0,0,0,0,0,0,0,0
"01192","Buckwheat","UA",0,0,0,NA,0,0,0,0,0,0,NA,0,0,NA,NA,0,0,0,0,0,NA,NA,0,0,0,0,NA,0,0,NA,NA,NA,0,0,0,0,NA,0,0,0,0,0,0,0,0,0,0,NA,0,0,0,0,0,0,0,0,0,0,0,0,0,0,0,0,0,0,0,0,0,0,0,0,0,0
"01194","Quinoa","BO",0,0,0,NA,0,0,0,0,0,0,NA,0,NA,NA,NA,NA,0,0,0,NA,NA,NA,NA,0,0,NA,NA,0,0,NA,NA,NA,NA,0,0,0,NA,0,0,0,0,0,0,0,0,0,0,NA,0,0,0,0,0,0,0,0,0,0,0,0,0,0,0,0,0,0,0,0,0,0,0,0,0,0
"01194","Quinoa","BT",0,0,0,NA,0,0,0,0,0,NA,NA,0,NA,NA,NA,NA,0,0,0,NA,NA,NA,NA,0,0,NA,NA,0,0,NA,NA,NA,NA,0,0,0,NA,0,0,0,0,0,0,0,0,0,NA,NA,0,0,0,0,0,0,0,0,0,0,0,0,0,0,0,0,0,0,0,0,0,0,0,0,0,0
"01194","Quinoa","EC",0,0,0,NA,0,0,0,0,0,0,NA,0,0,NA,NA,0,0,0,0,0,NA,NA,0,0,0,0,NA,0,0,NA,NA,NA,0,0,0,0,NA,0,0,0,0,0,0,0,0,0,0,NA,0,0,0,0,0,0,0,0,0,0,0,0,0,0,0,0,0,0,0,0,0,0,0,0,0,0
"01194","Quinoa","PE",0,0,0,NA,0,0,0,0,0,0,NA,0,0,NA,NA,0,0,0,0,0,NA,NA,0,0,0,0,NA,0,0,NA,NA,NA,0,0,0,0,NA,0,0,0,0,0,0,0,0,0,0,NA,0,0,0,0,0,0,0,0,0,0,0,0,0,0,0,0,0,0,0,0,0,0,0,0,0,0
"01211","Asparagus","BE",0,0,0,NA,0,0,0,0,0,0,NA,0,0,NA,NA,0,0,0,0,0,NA,NA,0,0,0,0,NA,0,0,NA,NA,NA,0,0,0,0,NA,0,0,0,0,0,0,0,0,0,0,NA,0,0,0,0,0,0,0,0,0,0,0,0,0,0,0,0,0,0,0,0,0,0,0,0,0,0
"01211","Asparagus","CN",0,0,0,NA,0,0,0,0,0,0,NA,0,0,NA,NA,0,0,0,0,0,NA,NA,0,0,0,0,NA,0,0,NA,NA,NA,0,0,0,0,NA,0,0,0,0,0,0,0,0,0,0,NA,0,0,0,0,0,0,0,0,0,0,0,0,0,0,0,0,0,0,0,0,0,0,0,0,0,0
"01211","Asparagus","DE",0,0,0,NA,0,0,0,0,0,0,NA,0,0,NA,NA,0,0,0,0,0,NA,NA,0,0,0,0,NA,0,0,NA,NA,NA,0,0,0,0,NA,0,0,0,0,0,0,0,0,0,0,NA,0,0,0,0,0,0,0,0,0,0,0,0,0,0,0,0,0,0,0,0,0,0,0,0,0,0
"01211","Asparagus","DK",0,0,0,NA,0,0,0,0,0,0,0,0,0,NA,NA,0,0,0,0,0,NA,NA,0,0,0,0,NA,0,0,NA,NA,NA,0,0,0,0,NA,0,0,0,0,0,0,0,0,0,0,0,0,0,0,0,0,0,0,0,0,0,0,0,0,0,0,0,0,0,0,0,0,0,0,0,0,0
"01211","Asparagus","ES",0,0,0,NA,0,0,0,0,0,0,NA,0,0,NA,NA,0,0,0,0,0,NA,NA,0,0,0,0,NA,0,0,NA,NA,NA,0,0,0,0,NA,0,0,0,0,0,0,0,0,0,0,NA,0,0,0,0,0,0,0,0,0,0,0,0,0,0,0,0,0,0,0,0,0,0,0,0,0,0
"01211","Asparagus","FR",0,0,0,NA,0,0,0,0,0,0,NA,0,0,NA,NA,0,0,0,0,0,NA,NA,0,0,0,0,NA,0,0,NA,NA,NA,0,0,0,0,NA,0,0,0,0,0,0,0,0,0,0,NA,0,0,0,0,0,0,0,0,0,0,0,0,0,0,0,0,0,0,0,0,0,0,0,0,0,0
"01211","Asparagus","GR",0,0,0,NA,0,0,0,0,0,0,NA,0,0,NA,NA,0,0,0,0,0,NA,NA,0,0,0,0,NA,0,0,NA,NA,NA,0,0,0,0,NA,0,0,0,0,0,0,0,0,0,0,NA,0,0,0,0,0,0,0,0,0,0,0,0,0,0,0,0,0,0,0,0,0,0,0,0,0,0
"01211","Asparagus","HU",0,0,0,NA,0,0,0,0,0,0,NA,0,0,NA,NA,0,0,0,0,0,NA,NA,0,0,0,0,NA,0,0,NA,NA,NA,0,0,0,0,NA,0,0,0,0,0,0,0,0,0,0,NA,0,0,0,0,0,0,0,0,0,0,0,0,0,0,0,0,0,0,0,0,0,0,0,0,0,0
"01211","Asparagus","IT",0,0,0,NA,0,0,0,0,0,0,NA,0,0,NA,NA,0,0,0,0,0,NA,NA,0,0,0,0,NA,0,0,NA,NA,NA,0,0,0,0,NA,0,0,0,0,0,0,0,0,0,0,NA,0,0,0,0,0,0,0,0,0,0,0,0,0,0,0,0,0,0,0,0,0,0,0,0,0,0
"01211","Asparagus","MX",0,0,0,NA,0,0,0,0,0,0,NA,0,0,NA,NA,0,0,0,0,NA,NA,NA,0,0,0,NA,NA,0,0,NA,NA,NA,0,0,0,0,NA,0,0,0,0,0,0,0,0,0,0,NA,0,0,0,0,0,0,0,0,0,0,0,0,0,0,0,0,0,0,0,0,0,0,0,0,0,0
"01211","Asparagus","NL",0,0,0,NA,0,0,0,0,0,NA,NA,0,0,NA,NA,0,0,0,0,NA,NA,NA,0,0,0,NA,NA,0,0,NA,NA,NA,0,0,0,0,NA,0,0,0,0,0,0,0,0,0,NA,NA,0,0,0,0,0,0,0,0,0,0,0,0,0,0,0,0,0,0,0,0,0,0,0,0,0,0
"01211","Asparagus","PE",0,0,0,NA,0,0,0,0,0,0,NA,0,0,NA,NA,0,0,0,0,0,NA,NA,0,0,0,0,NA,0,0,NA,NA,NA,0,0,0,0,NA,0,0,0,0,0,0,0,0,0,0,NA,0,0,0,0,0,0,0,0,0,0,0,0,0,0,0,0,0,0,0,0,0,0,0,0,0,0
"01211","Asparagus","PL",0,0,0,NA,0,0,0,0,0,0,NA,0,0,NA,NA,0,0,0,0,0,NA,NA,0,0,0,0,NA,0,0,NA,NA,NA,0,0,0,0,NA,0,0,0,0,0,0,0,0,0,0,NA,0,0,0,0,0,0,0,0,0,0,0,0,0,0,0,0,0,0,0,0,0,0,0,0,0,0
"01211","Asparagus","SE",0,0,0,NA,0,0,0,0,0,0,NA,0,0,NA,NA,0,0,0,0,0,NA,NA,0,0,0,0,NA,0,0,NA,NA,NA,0,0,0,0,NA,0,0,0,0,0,0,0,0,0,0,NA,0,0,0,0,0,0,0,0,0,0,0,0,0,0,0,0,0,0,0,0,0,0,0,0,0,0
"01211","Asparagus","US",0,0,0,NA,0,0,0,0,0,0,NA,0,0,NA,NA,0,0,0,0,NA,NA,NA,0,0,0,NA,NA,0,0,NA,NA,NA,0,0,0,0,NA,0,0,0,0,0,0,0,0,0,0,NA,0,0,0,0,0,0,0,0,0,0,0,0,0,0,0,0,0,0,0,0,0,0,0,0,0,0
"01212","Cabbages","BE",0,0,0,NA,0,0,0,0,0,0,NA,0,0,NA,NA,0,0,0,0,0,NA,NA,0,0,0,0,NA,0,0,NA,NA,NA,0,0,0,0,NA,0,0,0,0,0,0,0,0,0,0,NA,0,0,0,0,0,0,0,0,0,0,0,0,0,0,0,0,0,0,0,0,0,0,0,0,0,0
"01212","Cabbages","DE",0,0,0,NA,0,0,0,0,0,0,NA,0,0,NA,NA,0,0,0,0,0,NA,NA,0,0,0,0,NA,0,0,NA,NA,NA,0,0,0,0,NA,0,0,0,0,0,0,0,0,0,0,NA,0,0,0,0,0,0,0,0,0,0,0,0,0,0,0,0,0,0,0,0,0,0,0,0,0,0
"01212","Cabbages","DK",0,0,0,NA,0,0,0,0,0,0,0,0,0,NA,NA,0,0,0,0,0,NA,NA,0,0,0,0,NA,0,0,NA,NA,NA,0,0,0,0,NA,0,0,0,0,0,0,0,0,0,0,0,0,0,0,0,0,0,0,0,0,0,0,0,0,0,0,0,0,0,0,0,0,0,0,0,0,0
"01212","Cabbages","ES",0,0,0,NA,0,0,0,0,0,0,NA,0,0,NA,NA,0,0,0,0,0,NA,NA,0,0,0,0,NA,0,0,NA,NA,NA,0,0,0,0,NA,0,0,0,0,0,0,0,0,0,0,NA,0,0,0,0,0,0,0,0,0,0,0,0,0,0,0,0,0,0,0,0,0,0,0,0,0,0
"01212","Cabbages","FR",0,0,0,NA,0,0,0,0,0,0,NA,0,0,NA,NA,0,0,0,0,0,NA,NA,0,0,0,0,NA,0,0,NA,NA,NA,0,0,0,0,NA,0,0,0,0,0,0,0,0,0,0,NA,0,0,0,0,0,0,0,0,0,0,0,0,0,0,0,0,0,0,0,0,0,0,0,0,0,0
"01212","Cabbages","GB",0,0,0,NA,0,0,0,0,0,0,NA,0,0,NA,NA,0,0,0,0,NA,NA,NA,0,0,0,NA,NA,0,0,NA,NA,NA,0,0,0,0,NA,0,0,0,0,0,0,0,0,0,0,NA,0,0,0,0,0,0,0,0,0,0,0,0,0,0,0,0,0,0,0,0,0,0,0,0,0,0
"01212","Cabbages","GR",0,0,0,NA,0,0,0,0,0,0,NA,0,0,NA,NA,0,0,0,0,0,NA,NA,0,0,0,0,NA,0,0,NA,NA,NA,0,0,0,0,NA,0,0,0,0,0,0,0,0,0,0,NA,0,0,0,0,0,0,0,0,0,0,0,0,0,0,0,0,0,0,0,0,0,0,0,0,0,0
"01212","Cabbages","HU",0,0,0,NA,0,0,0,0,0,0,NA,0,0,NA,NA,0,0,0,0,0,NA,NA,0,0,0,0,NA,0,0,NA,NA,NA,0,0,0,0,NA,0,0,0,0,0,0,0,0,0,0,NA,0,0,0,0,0,0,0,0,0,0,0,0,0,0,0,0,0,0,0,0,0,0,0,0,0,0
"01212","Cabbages","IE",0,0,0,NA,0,0,0,0,0,0,NA,0,0,NA,NA,0,0,0,0,0,NA,NA,0,0,0,0,NA,0,0,NA,NA,NA,0,0,0,0,NA,0,0,0,0,0,0,0,0,0,0,NA,0,0,0,0,0,0,0,0,0,0,0,0,0,0,0,0,0,0,0,0,0,0,0,0,0,0
"01212","Cabbages","IT",0,0,0,NA,0,0,0,0,0,0,NA,0,0,NA,NA,0,0,0,0,0,NA,NA,0,0,0,0,NA,0,0,NA,NA,NA,0,0,0,0,NA,0,0,0,0,0,0,0,0,0,0,NA,0,0,0,0,0,0,0,0,0,0,0,0,0,0,0,0,0,0,0,0,0,0,0,0,0,0
"01212","Cabbages","MK",0,0,0,NA,0,0,0,0,0,0,NA,0,0,NA,NA,0,0,0,0,0,NA,NA,0,0,0,0,NA,0,0,NA,NA,NA,0,0,0,0,NA,0,0,0,0,0,0,0,0,0,0,NA,0,0,0,0,0,0,0,0,0,0,0,0,0,0,0,0,0,0,0,0,0,0,0,0,0,0
"01212","Cabbages","NL",0,0,0,NA,0,0,0,0,0,NA,NA,0,0,NA,NA,0,0,0,0,NA,NA,NA,0,0,0,NA,NA,0,0,NA,NA,NA,0,0,0,0,NA,0,0,0,0,0,0,0,0,0,NA,NA,0,0,0,0,0,0,0,0,0,0,0,0,0,0,0,0,0,0,0,0,0,0,0,0,0,0
"01212","Cabbages","PL",0,0,0,NA,0,0,0,0,0,0,NA,0,0,NA,NA,0,0,0,0,0,NA,NA,0,0,0,0,NA,0,0,NA,NA,NA,0,0,0,0,NA,0,0,0,0,0,0,0,0,0,0,NA,0,0,0,0,0,0,0,0,0,0,0,0,0,0,0,0,0,0,0,0,0,0,0,0,0,0
"01212","Cabbages","PT",0,0,0,NA,0,0,0,0,0,0,NA,0,0,NA,NA,0,0,0,0,0,NA,NA,0,0,0,0,NA,0,0,NA,NA,NA,0,0,0,0,NA,0,0,0,0,0,0,0,0,0,0,NA,0,0,0,0,0,0,0,0,0,0,0,0,0,0,0,0,0,0,0,0,0,0,0,0,0,0
"01212","Cabbages","SE",0,0,0,NA,0,0,0,0,0,0,NA,0,0,NA,NA,0,0,0,0,0,NA,NA,0,0,0,0,NA,0,0,NA,NA,NA,0,0,0,0,NA,0,0,0,0,0,0,0,0,0,0,NA,0,0,0,0,0,0,0,0,0,0,0,0,0,0,0,0,0,0,0,0,0,0,0,0,0,0
"01213","Cauliflowers and broccoli","CR",0,0,0,NA,0,0,0,0,0,0,NA,0,0,NA,NA,0,0,0,0,0,NA,NA,0,0,0,0,NA,0,0,NA,NA,NA,0,0,0,0,NA,0,0,0,0,0,0,0,0,0,0,NA,0,0,0,0,0,0,0,0,0,0,0,0,0,0,0,0,0,0,0,0,0,0,0,0,0,0
"01213","Cauliflowers and broccoli","ES",0,0,0,NA,0,0,0,0,0,0,NA,0,0,NA,NA,0,0,0,0,0,NA,NA,0,0,0,0,NA,0,0,NA,NA,NA,0,0,0,0,NA,0,0,0,0,0,0,0,0,0,0,NA,0,0,0,0,0,0,0,0,0,0,0,0,0,0,0,0,0,0,0,0,0,0,0,0,0,0
"01213","Cauliflowers and broccoli","FR",0,0,0,NA,0,0,0,0,0,0,NA,0,0,NA,NA,0,0,0,0,-0,NA,NA,0,0,0,-0,NA,0,0,NA,NA,NA,0,0,0,0,NA,0,0,0,0,0,0,0,0,0,0,NA,0,0,0,0,0,0,0,0,0,0,0,0,0,0,0,0,0,0,0,0,0,0,0,0,0,0
"01213","Cauliflowers and broccoli","GR",0,0,0,NA,0,0,0,0,0,0,NA,0,0,NA,NA,0,0,0,0,0,NA,NA,0,0,0,0,NA,0,0,NA,NA,NA,0,0,0,0,NA,0,0,0,0,0,0,0,0,0,0,NA,0,0,0,0,0,0,0,0,0,0,0,0,0,0,0,0,0,0,0,0,0,0,0,0,0,0
"01213","Cauliflowers and broccoli","HN",0,0,0,NA,0,0,0,0,0,0,NA,0,0,NA,NA,0,0,0,0,0,NA,NA,0,0,0,0,NA,0,0,NA,NA,NA,0,0,0,0,NA,0,0,0,0,0,0,0,0,0,0,NA,0,0,0,0,0,0,0,0,0,0,0,0,0,0,0,0,0,0,0,0,0,0,0,0,0,0
"01213","Cauliflowers and broccoli","HU",0,0,0,NA,0,0,0,0,0,0,NA,0,0,NA,NA,0,0,0,0,0,NA,NA,0,0,0,0,NA,0,0,NA,NA,NA,0,0,0,0,NA,0,0,0,0,0,0,0,0,0,0,NA,0,0,0,0,0,0,0,0,0,0,0,0,0,0,0,0,0,0,0,0,0,0,0,0,0,0
"01213","Cauliflowers and broccoli","IR",0,0,0,NA,0,0,0,0,0,0,NA,0,0,NA,NA,0,0,0,0,NA,NA,NA,0,0,0,NA,NA,0,0,NA,NA,NA,0,0,0,0,NA,0,0,0,0,0,0,0,0,0,0,NA,0,0,0,0,0,0,0,0,0,0,0,0,0,0,0,0,0,0,0,0,0,0,0,0,0,0
"01213","Cauliflowers and broccoli","IT",0,0,0,NA,0,0,0,0,0,0,NA,0,0,NA,NA,0,0,0,0,0,NA,NA,0,0,0,0,NA,0,0,NA,NA,NA,0,0,0,0,NA,0,0,0,0,0,0,0,0,0,0,NA,0,0,0,0,0,0,0,0,0,0,0,0,0,0,0,0,0,0,0,0,0,0,0,0,0,0
"01213","Cauliflowers and broccoli","KZ",0,0,0,NA,0,0,0,0,0,0,NA,0,0,NA,NA,0,0,0,0,0,NA,NA,0,0,0,0,NA,0,0,NA,NA,NA,0,0,0,0,NA,0,0,0,0,0,0,0,0,0,0,NA,0,0,0,0,0,0,0,0,0,0,0,0,0,0,0,0,0,0,0,0,0,0,0,0,0,0
"01213","Cauliflowers and broccoli","MA",0,0,0,NA,0,0,0,0,0,0,NA,0,0,NA,NA,0,0,0,0,0,NA,NA,0,0,0,0,NA,0,0,NA,NA,NA,0,0,0,0,NA,0,0,0,0,0,0,0,0,0,0,NA,0,0,0,0,0,0,0,0,0,0,0,0,0,0,0,0,0,0,0,0,0,0,0,0,0,0
"01213","Cauliflowers and broccoli","PL",0,0,0,NA,0,0,0,0,0,NA,NA,0,0,NA,NA,0,0,0,0,0,NA,NA,0,0,0,0,NA,0,0,NA,NA,NA,0,0,0,0,NA,0,0,0,0,0,0,0,0,0,NA,NA,0,0,0,0,0,0,0,0,0,0,0,0,0,0,0,0,0,0,0,0,0,0,0,0,0,0
"01213","Cauliflowers and broccoli","PT",0,0,0,NA,0,0,0,0,0,0,NA,0,0,NA,NA,0,0,0,0,0,NA,NA,0,0,0,0,NA,0,0,NA,NA,NA,0,0,0,0,NA,0,0,0,0,0,0,0,0,0,0,NA,0,0,0,0,0,0,0,0,0,0,0,0,0,0,0,0,0,0,0,0,0,0,0,0,0,0
"01213","Cauliflowers and broccoli","TR",0,0,0,NA,0,0,0,0,0,NA,NA,0,0,NA,NA,0,0,0,0,NA,NA,NA,0,0,0,NA,NA,0,0,NA,NA,NA,0,0,0,0,NA,0,0,0,0,0,0,0,0,0,NA,NA,0,0,0,0,0,0,0,0,0,0,0,0,0,0,0,0,0,0,0,0,0,0,0,0,0,0
"01214","Lettuce and chicory","AT",0,0,0,NA,0,0,0,0,0,0,NA,0,0,NA,NA,0,0,0,0,0,NA,NA,0,0,0,0,NA,0,0,NA,NA,NA,0,0,0,0,NA,0,0,0,0,0,0,0,0,0,0,NA,0,0,0,0,0,0,0,0,0,0,0,0,0,0,0,0,0,0,0,0,0,0,0,0,0,0
"01214","Lettuce and chicory","BE",0,0,0,NA,0,0,0,0,0,0,NA,0,0,NA,NA,0,0,0,0,0,NA,NA,0,0,0,0,NA,0,0,NA,NA,NA,0,0,0,0,NA,0,0,0,0,0,0,0,0,0,0,NA,0,0,0,0,0,0,0,0,0,0,0,0,0,0,0,0,0,0,0,0,0,0,0,0,0,0
"01214","Lettuce and chicory","DE",0,0,0,NA,0,0,0,0,0,0,NA,0,0,NA,NA,0,0,0,0,0,NA,NA,0,0,0,0,NA,0,0,NA,NA,NA,0,0,0,0,NA,0,0,0,0,0,0,0,0,0,0,NA,0,0,0,0,0,0,0,0,0,0,0,0,0,0,0,0,0,0,0,0,0,0,0,0,0,0
"01214","Lettuce and chicory","DK",0,0,0,NA,0,0,0,0,0,0,0,0,0,NA,NA,0,0,0,0,0,NA,NA,0,0,0,0,NA,0,0,NA,NA,NA,0,0,0,0,NA,0,0,0,0,0,0,0,0,0,0,0,0,0,0,0,0,0,0,0,0,0,0,0,0,0,0,0,0,0,0,0,0,0,0,0,0,0
"01214","Lettuce and chicory","EG",0,0,0,NA,0,0,0,0,0,0,NA,NA,0,NA,NA,0,0,0,0,0,NA,NA,0,0,0,0,NA,0,0,NA,NA,NA,0,0,0,0,NA,0,0,0,0,0,0,0,0,0,0,NA,NA,0,0,0,0,0,0,0,0,0,0,0,0,0,0,0,0,0,0,0,0,0,0,0,0,0
"01214","Lettuce and chicory","ES",0,0,0,NA,0,0,0,0,0,0,NA,0,0,NA,NA,0,0,0,0,0,NA,NA,0,0,0,0,NA,0,0,NA,NA,NA,0,0,0,0,NA,0,0,0,0,0,0,0,0,0,0,NA,0,0,0,0,0,0,0,0,0,0,0,0,0,0,0,0,0,0,0,0,0,0,0,0,0,0
"01214","Lettuce and chicory","FR",0,0,0,NA,0,0,0,0,0,0,NA,0,0,NA,NA,0,0,0,0,0,NA,NA,0,0,0,0,NA,0,0,NA,NA,NA,0,0,0,0,NA,0,0,0,0,0,0,0,0,0,0,NA,0,0,0,0,0,0,0,0,0,0,0,0,0,0,0,0,0,0,0,0,0,0,0,0,0,0
"01214","Lettuce and chicory","GB",0,0,0,NA,0,0,0,0,0,0,NA,0,0,NA,NA,0,0,0,0,NA,NA,NA,0,0,0,NA,NA,0,0,NA,NA,NA,0,0,0,0,NA,0,0,0,0,0,0,0,0,0,0,NA,0,0,0,0,0,0,0,0,0,0,0,0,0,0,0,0,0,0,0,0,0,0,0,0,0,0
"01214","Lettuce and chicory","GR",0,0,0,NA,0,0,0,0,0,0,NA,0,0,NA,NA,0,0,0,0,0,NA,NA,0,0,0,0,NA,0,0,NA,NA,NA,0,0,0,0,NA,0,0,0,0,0,0,0,0,0,0,NA,0,0,0,0,0,0,0,0,0,0,0,0,0,0,0,0,0,0,0,0,0,0,0,0,0,0
"01214","Lettuce and chicory","HU",0,0,0,NA,0,0,0,0,0,0,NA,0,0,NA,NA,0,0,0,0,0,NA,NA,0,0,0,0,NA,0,0,NA,NA,NA,0,0,0,0,NA,0,0,0,0,0,0,0,0,0,0,NA,0,0,0,0,0,0,0,0,0,0,0,0,0,0,0,0,0,0,0,0,0,0,0,0,0,0
"01214","Lettuce and chicory","IE",0,0,0,NA,0,0,0,0,0,0,NA,0,0,NA,NA,0,0,0,0,0,NA,NA,0,0,0,0,NA,0,0,NA,NA,NA,0,0,0,0,NA,0,0,0,0,0,0,0,0,0,0,NA,0,0,0,0,0,0,0,0,0,0,0,0,0,0,0,0,0,0,0,0,0,0,0,0,0,0
"01214","Lettuce and chicory","IT",0,0,0,NA,0,0,0,0,0,0,NA,0,0,NA,NA,0,0,0,0,0,NA,NA,0,0,0,0,NA,0,0,NA,NA,NA,0,0,0,0,NA,0,0,0,0,0,0,0,0,0,0,NA,0,0,0,0,0,0,0,0,0,0,0,0,0,0,0,0,0,0,0,0,0,0,0,0,0,0
"01214","Lettuce and chicory","NL",0,0,0,NA,0,0,0,0,0,NA,NA,0,0,NA,NA,0,0,0,0,NA,NA,NA,0,0,0,NA,NA,0,0,NA,NA,NA,0,0,0,0,NA,0,0,0,0,0,0,0,0,0,NA,NA,0,0,0,0,0,0,0,0,0,0,0,0,0,0,0,0,0,0,0,0,0,0,0,0,0,0
"01214","Lettuce and chicory","PL",0,0,0,NA,0,0,0,0,0,0,NA,0,0,NA,NA,0,0,0,0,0,NA,NA,0,0,0,0,NA,0,0,NA,NA,NA,0,0,0,0,NA,0,0,0,0,0,0,0,0,0,0,NA,0,0,0,0,0,0,0,0,0,0,0,0,0,0,0,0,0,0,0,0,0,0,0,0,0,0
"01214","Lettuce and chicory","SE",0,0,0,NA,0,0,0,0,0,0,NA,0,0,NA,NA,0,0,0,0,0,NA,NA,0,0,0,0,NA,0,0,NA,NA,NA,0,0,0,0,NA,0,0,0,0,0,0,0,0,0,0,NA,0,0,0,0,0,0,0,0,0,0,0,0,0,0,0,0,0,0,0,0,0,0,0,0,0,0
"01214","Lettuce and chicory","TR",0,0,0,NA,0,0,0,0,0,NA,NA,0,0,NA,NA,0,0,0,0,NA,NA,NA,0,0,0,NA,NA,0,0,NA,NA,NA,0,0,0,0,NA,0,0,0,0,0,0,0,0,0,NA,NA,0,0,0,0,0,0,0,0,0,0,0,0,0,0,0,0,0,0,0,0,0,0,0,0,0,0
"01215","Spinach","BE",0,0,0,NA,0,0,0,0,0,0,NA,0,0,NA,NA,0,0,0,0,0,NA,NA,0,0,0,0,NA,0,0,NA,NA,NA,0,0,0,0,NA,0,0,0,0,0,0,0,0,0,0,NA,0,0,0,0,0,0,0,0,0,0,0,0,0,0,0,0,0,0,0,0,0,0,0,0,0,0
"01215","Spinach","DE",0,0,0,NA,0,0,0,0,0,0,NA,0,0,NA,NA,0,0,0,0,0,NA,NA,0,0,0,0,NA,0,0,NA,NA,NA,0,0,0,0,NA,0,0,0,0,0,0,0,0,0,0,NA,0,0,0,0,0,0,0,0,0,0,0,0,0,0,0,0,0,0,0,0,0,0,0,0,0,0
"01215","Spinach","DK",0,0,0,NA,0,0,0,0,0,0,0,0,0,NA,NA,0,0,0,0,0,NA,NA,0,0,0,0,NA,0,0,NA,NA,NA,0,0,0,0,NA,0,0,0,0,0,0,0,0,0,0,0,0,0,0,0,0,0,0,0,0,0,0,0,0,0,0,0,0,0,0,0,0,0,0,0,0,0
"01215","Spinach","ES",0,0,0,NA,0,0,0,0,0,0,NA,0,0,NA,NA,0,0,0,0,0,NA,NA,0,0,0,0,NA,0,0,NA,NA,NA,0,0,0,0,NA,0,0,0,0,0,0,0,0,0,0,NA,0,0,0,0,0,0,0,0,0,0,0,0,0,0,0,0,0,0,0,0,0,0,0,0,0,0
"01215","Spinach","FR",0,0,0,NA,0,0,0,0,0,0,NA,0,0,NA,NA,0,0,0,0,0,NA,NA,0,0,0,0,NA,0,0,NA,NA,NA,0,0,0,0,NA,0,0,0,0,0,0,0,0,0,0,NA,0,0,0,0,0,0,0,0,0,0,0,0,0,0,0,0,0,0,0,0,0,0,0,0,0,0
"01215","Spinach","GR",0,0,0,NA,0,0,0,0,0,0,NA,0,0,NA,NA,0,0,0,0,0,NA,NA,0,0,0,0,NA,0,0,NA,NA,NA,0,0,0,0,NA,0,0,0,0,0,0,0,0,0,0,NA,0,0,0,0,0,0,0,0,0,0,0,0,0,0,0,0,0,0,0,0,0,0,0,0,0,0
"01215","Spinach","HU",0,0,0,NA,0,0,0,0,0,0,NA,0,0,NA,NA,0,0,0,0,0,NA,NA,0,0,0,0,NA,0,0,NA,NA,NA,0,0,0,0,NA,0,0,0,0,0,0,0,0,0,0,NA,0,0,0,0,0,0,0,0,0,0,0,0,0,0,0,0,0,0,0,0,0,0,0,0,0,0
"01215","Spinach","IE",0,0,0,NA,0,0,0,0,0,0,NA,0,0,NA,NA,0,0,0,0,0,NA,NA,0,0,0,0,NA,0,0,NA,NA,NA,0,0,0,0,NA,0,0,0,0,0,0,0,0,0,0,NA,0,0,0,0,0,0,0,0,0,0,0,0,0,0,0,0,0,0,0,0,0,0,0,0,0,0
"01215","Spinach","IT",0,0,0,NA,0,0,0,0,0,0,NA,0,0,NA,NA,0,0,0,0,0,NA,NA,0,0,0,0,NA,0,0,NA,NA,NA,0,0,0,0,NA,0,0,0,0,0,0,0,0,0,0,NA,0,0,0,0,0,0,0,0,0,0,0,0,0,0,0,0,0,0,0,0,0,0,0,0,0,0
"01215","Spinach","NL",0,0,0,NA,0,0,0,0,0,NA,NA,0,0,NA,NA,0,0,0,0,NA,NA,NA,0,0,0,NA,NA,0,0,NA,NA,NA,0,0,0,0,NA,0,0,0,0,0,0,0,0,0,NA,NA,0,0,0,0,0,0,0,0,0,0,0,0,0,0,0,0,0,0,0,0,0,0,0,0,0,0
"01215","Spinach","PL",0,0,0,NA,0,0,0,0,0,0,NA,0,0,NA,NA,0,0,0,0,0,NA,NA,0,0,0,0,NA,0,0,NA,NA,NA,0,0,0,0,NA,0,0,0,0,0,0,0,0,0,0,NA,0,0,0,0,0,0,0,0,0,0,0,0,0,0,0,0,0,0,0,0,0,0,0,0,0,0
"01215","Spinach","SE",0,0,0,NA,0,0,0,0,0,0,NA,0,0,NA,NA,0,0,0,0,0,NA,NA,0,0,0,0,NA,0,0,NA,NA,NA,0,0,0,0,NA,0,0,0,0,0,0,0,0,0,0,NA,0,0,0,0,0,0,0,0,0,0,0,0,0,0,0,0,0,0,0,0,0,0,0,0,0,0
"01216","Artichokes","EG",0,0,0,NA,0,0,0,0,0,0,NA,NA,0,NA,NA,0,0,0,0,0,NA,NA,0,0,0,0,NA,0,0,NA,NA,NA,0,0,0,0,NA,0,0,0,0,0,0,0,0,0,0,NA,NA,0,0,0,0,0,0,0,0,0,0,0,0,0,0,0,0,0,0,0,0,0,0,0,0,0
"01216","Artichokes","ES",0,0,0,NA,0,0,0,0,0,0,NA,0,0,NA,NA,0,0,0,0,0,NA,NA,0,0,0,0,NA,0,0,NA,NA,NA,0,0,0,0,NA,0,0,0,0,0,0,0,0,0,0,NA,0,0,0,0,0,0,0,0,0,0,0,0,0,0,0,0,0,0,0,0,0,0,0,0,0,0
"01216","Artichokes","FR",0,0,0,NA,0,0,0,0,0,0,NA,0,0,NA,NA,0,0,0,0,0,NA,NA,0,0,0,0,NA,0,0,NA,NA,NA,0,0,0,0,NA,0,0,0,0,0,0,0,0,0,0,NA,0,0,0,0,0,0,0,0,0,0,0,0,0,0,0,0,0,0,0,0,0,0,0,0,0,0
"01216","Artichokes","GR",0,0,0,NA,0,0,0,0,0,0,NA,0,0,NA,NA,0,0,0,0,0,NA,NA,0,0,0,0,NA,0,0,NA,NA,NA,0,0,0,0,NA,0,0,0,0,0,0,0,0,0,0,NA,0,0,0,0,0,0,0,0,0,0,0,0,0,0,0,0,0,0,0,0,0,0,0,0,0,0
"01216","Artichokes","HU",0,0,0,NA,0,0,0,0,0,0,NA,0,0,NA,NA,0,0,0,0,0,NA,NA,0,0,0,0,NA,0,0,NA,NA,NA,0,0,0,0,NA,0,0,0,0,0,0,0,0,0,0,NA,0,0,0,0,0,0,0,0,0,0,0,0,0,0,0,0,0,0,0,0,0,0,0,0,0,0
"01216","Artichokes","IT",0,0,0,NA,0,0,0,0,0,0,NA,0,0,NA,NA,0,0,0,0,0,NA,NA,0,0,0,0,NA,0,0,NA,NA,NA,0,0,0,0,NA,0,0,0,0,0,0,0,0,0,0,NA,0,0,0,0,0,0,0,0,0,0,0,0,0,0,0,0,0,0,0,0,0,0,0,0,0,0
"01216","Artichokes","TN",0,0,0,NA,0,0,0,0,0,0,NA,0,0,NA,NA,0,0,0,0,0,NA,NA,0,0,0,0,NA,0,0,NA,NA,NA,0,0,0,0,NA,0,0,0,0,0,0,0,0,0,0,NA,0,0,0,0,0,0,0,0,0,0,0,0,0,0,0,0,0,0,0,0,0,0,0,0,0,0
"01229","Cantaloupes and other melons","BR",0,0,0,NA,0,0,0,0,0,0,NA,0,0,NA,NA,0,0,0,0,0,NA,NA,0,0,0,0,NA,0,0,NA,NA,NA,0,0,0,0,NA,0,0,0,0,0,0,0,0,0,0,NA,0,0,0,0,0,0,0,0,0,0,0,0,0,0,0,0,0,0,0,0,0,0,0,0,0,0
"01229","Cantaloupes and other melons","CR",0,0,0,NA,0,0,0,0,0,0,NA,0,0,NA,NA,0,0,0,0,0,NA,NA,0,0,0,0,NA,0,0,NA,NA,NA,0,0,0,0,NA,0,0,0,0,0,0,0,0,0,0,NA,0,0,0,0,0,0,0,0,0,0,0,0,0,0,0,0,0,0,0,0,0,0,0,0,0,0
"01229","Cantaloupes and other melons","ES",0,0,0,NA,0,0,0,0,0,0,NA,0,0,NA,NA,0,0,0,0,0,NA,NA,0,0,0,0,NA,0,0,NA,NA,NA,0,0,0,0,NA,0,0,0,0,0,0,0,0,0,0,NA,0,0,0,0,0,0,0,0,0,0,0,0,0,0,0,0,0,0,0,0,0,0,0,0,0,0
"01229","Cantaloupes and other melons","FR",0,0,0,NA,0,0,0,0,0,0,NA,0,0,NA,NA,0,0,0,0,0,NA,NA,0,0,0,0,NA,0,0,NA,NA,NA,0,0,0,0,NA,0,0,0,0,0,0,0,0,0,0,NA,0,0,0,0,0,0,0,0,0,0,0,0,0,0,0,0,0,0,0,0,0,0,0,0,0,0
"01229","Cantaloupes and other melons","GR",0,0,0,NA,0,0,0,0,0,0,NA,0,0,NA,NA,0,0,0,0,0,NA,NA,0,0,0,0,NA,0,0,NA,NA,NA,0,0,0,0,NA,0,0,0,0,0,0,0,0,0,0,NA,0,0,0,0,0,0,0,0,0,0,0,0,0,0,0,0,0,0,0,0,0,0,0,0,0,0
"01229","Cantaloupes and other melons","HN",0,0,0,NA,0,0,0,0,0,0,NA,0,0,NA,NA,0,0,0,0,0,NA,NA,0,0,0,0,NA,0,0,NA,NA,NA,0,0,0,0,NA,0,0,0,0,0,0,0,0,0,0,NA,0,0,0,0,0,0,0,0,0,0,0,0,0,0,0,0,0,0,0,0,0,0,0,0,0,0
"01229","Cantaloupes and other melons","HU",0,0,0,NA,0,0,0,0,0,0,NA,0,0,NA,NA,0,0,0,0,0,NA,NA,0,0,0,0,NA,0,0,NA,NA,NA,0,0,0,0,NA,0,0,0,0,0,0,0,0,0,0,NA,0,0,0,0,0,0,0,0,0,0,0,0,0,0,0,0,0,0,0,0,0,0,0,0,0,0
"01229","Cantaloupes and other melons","IR",0,0,0,NA,0,0,0,0,0,0,NA,0,0,NA,NA,0,0,0,0,NA,NA,NA,0,0,0,NA,NA,0,0,NA,NA,NA,0,0,0,0,NA,0,0,0,0,0,0,0,0,0,0,NA,0,0,0,0,0,0,0,0,0,0,0,0,0,0,0,0,0,0,0,0,0,0,0,0,0,0
"01229","Cantaloupes and other melons","IT",0,0,0,NA,0,0,0,0,0,0,NA,0,0,NA,NA,0,0,0,0,0,NA,NA,0,0,0,0,NA,0,0,NA,NA,NA,0,0,0,0,NA,0,0,0,0,0,0,0,0,0,0,NA,0,0,0,0,0,0,0,0,0,0,0,0,0,0,0,0,0,0,0,0,0,0,0,0,0,0
"01229","Cantaloupes and other melons","KZ",0,0,0,NA,0,0,0,0,0,0,NA,0,0,NA,NA,0,0,0,0,0,NA,NA,0,0,0,0,NA,0,0,NA,NA,NA,0,0,0,0,NA,0,0,0,0,0,0,0,0,0,0,NA,0,0,0,0,0,0,0,0,0,0,0,0,0,0,0,0,0,0,0,0,0,0,0,0,0,0
"01229","Cantaloupes and other melons","MA",0,0,0,NA,0,0,0,0,0,0,NA,0,0,NA,NA,0,0,0,0,0,NA,NA,0,0,0,0,NA,0,0,NA,NA,NA,0,0,0,0,NA,0,0,0,0,0,0,0,0,0,0,NA,0,0,0,0,0,0,0,0,0,0,0,0,0,0,0,0,0,0,0,0,0,0,0,0,0,0
"01229","Cantaloupes and other melons","PT",0,0,0,NA,0,0,0,0,0,0,NA,0,0,NA,NA,0,0,0,0,0,NA,NA,0,0,0,0,NA,0,0,NA,NA,NA,0,0,0,0,NA,0,0,0,0,0,0,0,0,0,0,NA,0,0,0,0,0,0,0,0,0,0,0,0,0,0,0,0,0,0,0,0,0,0,0,0,0,0
"01229","Cantaloupes and other melons","SN",0,0,0,NA,0,0,0,0,0,0,NA,0,0,NA,NA,0,0,0,0,0,NA,NA,0,0,0,0,NA,0,0,NA,NA,NA,NA,0,0,0,NA,0,0,0,0,0,0,0,0,0,0,NA,0,0,0,0,0,0,0,0,0,0,0,0,0,0,0,0,0,0,0,0,0,0,0,0,0,0
"01229","Cantaloupes and other melons","TR",0,0,0,NA,0,0,0,0,0,NA,NA,0,0,NA,NA,0,0,0,0,NA,NA,NA,0,0,0,NA,NA,0,0,NA,NA,NA,0,0,0,0,NA,0,0,0,0,0,0,0,0,0,NA,NA,0,0,0,0,0,0,0,0,0,0,0,0,0,0,0,0,0,0,0,0,0,0,0,0,0,0
"01231","Chillies and peppers, green (Capsicum spp. and Pimenta spp.), raw","AL",0,0,0,NA,0,0,0,0,NA,0,NA,0,0,NA,NA,0,0,0,0,0,NA,NA,0,0,0,0,NA,0,0,NA,NA,NA,0,0,0,0,NA,0,0,0,0,0,0,0,0,0,0,NA,0,0,0,0,0,0,0,0,0,0,0,0,0,0,0,0,0,0,0,0,0,0,0,0,0,0
"01231","Chillies and peppers, green (Capsicum spp. and Pimenta spp.), raw","BE",0,0,0,NA,0,0,0,0,NA,0,NA,0,0,NA,NA,0,0,0,0,0,NA,NA,0,0,0,0,NA,0,0,NA,NA,NA,0,0,0,0,NA,0,0,0,0,0,0,0,0,0,0,NA,0,0,0,0,0,0,0,0,0,0,0,0,0,0,0,0,0,0,0,0,0,0,0,0,0,0
"01231","Chillies and peppers, green (Capsicum spp. and Pimenta spp.), raw","DE",0,0,0,NA,0,0,0,0,NA,0,NA,0,0,NA,NA,0,0,0,0,0,NA,NA,0,0,0,0,NA,0,0,NA,NA,NA,0,0,0,0,NA,0,0,0,0,0,0,0,0,0,0,NA,0,0,0,0,0,0,0,0,0,0,0,0,0,0,0,0,0,0,0,0,0,0,0,0,0,0
"01231","Chillies and peppers, green (Capsicum spp. and Pimenta spp.), raw","EG",0,0,0,NA,0,0,0,0,NA,0,NA,NA,0,NA,NA,0,0,0,0,0,NA,NA,0,0,0,0,NA,0,0,NA,NA,NA,0,0,0,0,NA,0,0,0,0,0,0,0,0,0,0,NA,NA,0,0,0,0,0,0,0,0,0,0,0,0,0,0,0,0,0,0,0,0,0,0,0,0,0
"01231","Chillies and peppers, green (Capsicum spp. and Pimenta spp.), raw","ES",0,0,0,NA,0,0,0,0,NA,0,NA,0,0,NA,NA,0,0,0,0,0,NA,NA,0,0,0,0,NA,0,0,NA,NA,NA,0,0,0,0,NA,0,0,0,0,0,0,0,0,0,0,NA,0,0,0,0,0,0,0,0,0,0,0,0,0,0,0,0,0,0,0,0,0,0,0,0,0,0
"01231","Chillies and peppers, green (Capsicum spp. and Pimenta spp.), raw","FR",0,0,0,NA,0,0,0,0,NA,0,NA,0,0,NA,NA,0,0,0,0,0,NA,NA,0,0,0,0,NA,0,0,NA,NA,NA,0,0,0,0,NA,0,0,0,0,0,0,0,0,0,0,NA,0,0,0,0,0,0,0,0,0,0,0,0,0,0,0,0,0,0,0,0,0,0,0,0,0,0
"01231","Chillies and peppers, green (Capsicum spp. and Pimenta spp.), raw","GR",0,0,0,NA,0,0,0,0,NA,0,NA,0,0,NA,NA,0,0,0,0,0,NA,NA,0,0,0,0,NA,0,0,NA,NA,NA,0,0,0,0,NA,0,0,0,0,0,0,0,0,0,0,NA,0,0,0,0,0,0,0,0,0,0,0,0,0,0,0,0,0,0,0,0,0,0,0,0,0,0
"01231","Chillies and peppers, green (Capsicum spp. and Pimenta spp.), raw","HU",0,0,0,NA,0,0,0,0,NA,0,NA,0,0,NA,NA,0,0,0,0,0,NA,NA,0,0,0,0,NA,0,0,NA,NA,NA,0,0,0,0,NA,0,0,0,0,0,0,0,0,0,0,NA,0,0,0,0,0,0,0,0,0,0,0,0,0,0,0,0,0,0,0,0,0,0,0,0,0,0
"01231","Chillies and peppers, green (Capsicum spp. and Pimenta spp.), raw","IT",0,0,0,NA,0,0,0,0,NA,0,NA,0,0,NA,NA,0,0,0,0,0,NA,NA,0,0,0,0,NA,0,0,NA,NA,NA,0,0,0,0,NA,0,0,0,0,0,0,0,0,0,0,NA,0,0,0,0,0,0,0,0,0,0,0,0,0,0,0,0,0,0,0,0,0,0,0,0,0,0
"01231","Chillies and peppers, green (Capsicum spp. and Pimenta spp.), raw","MA",0,0,0,NA,0,0,0,0,NA,0,NA,0,0,NA,NA,0,0,0,0,0,NA,NA,0,0,0,0,NA,0,0,NA,NA,NA,0,0,0,0,NA,0,0,0,0,0,0,0,0,0,0,NA,0,0,0,0,0,0,0,0,0,0,0,0,0,0,0,0,0,0,0,0,0,0,0,0,0,0
"01231","Chillies and peppers, green (Capsicum spp. and Pimenta spp.), raw","NL",0,0,0,NA,0,0,0,0,NA,NA,NA,0,0,NA,NA,0,0,0,0,NA,NA,NA,0,0,0,NA,NA,0,0,NA,NA,NA,0,0,0,0,NA,0,0,0,0,0,0,0,0,0,NA,NA,0,0,0,0,0,0,0,0,0,0,0,0,0,0,0,0,0,0,0,0,0,0,0,0,0,0
"01231","Chillies and peppers, green (Capsicum spp. and Pimenta spp.), raw","PL",0,0,0,NA,0,0,0,0,NA,0,NA,0,0,NA,NA,0,0,0,0,0,NA,NA,0,0,0,0,NA,0,0,NA,NA,NA,0,0,0,0,NA,0,0,0,0,0,0,0,0,0,0,NA,0,0,0,0,0,0,0,0,0,0,0,0,0,0,0,0,0,0,0,0,0,0,0,0,0,0
"01231","Chillies and peppers, green (Capsicum spp. and Pimenta spp.), raw","TR",0,0,0,NA,0,0,0,0,NA,NA,NA,0,0,NA,NA,0,0,0,0,NA,NA,NA,0,0,0,NA,NA,0,0,NA,NA,NA,0,0,0,0,NA,0,0,0,0,0,0,0,0,0,NA,NA,0,0,0,0,0,0,0,0,0,0,0,0,0,0,0,0,0,0,0,0,0,0,0,0,0,0
"01232","Cucumbers and gherkins","AL",0,0,0,NA,0,0,0,0,0,0,NA,0,0,NA,NA,0,0,0,0,0,NA,NA,0,0,0,0,NA,0,0,NA,NA,NA,0,0,0,0,NA,0,0,0,0,0,0,0,0,0,0,0,0,0,0,0,0,0,0,0,0,0,0,0,0,0,0,0,0,0,0,0,0,0,0,0,0,0
"01232","Cucumbers and gherkins","BE",0,0,0,NA,0,0,0,0,0,0,NA,0,0,NA,NA,0,0,0,0,0,NA,NA,0,0,0,0,NA,0,0,NA,NA,NA,0,0,0,0,NA,0,0,0,0,0,0,0,0,0,0,0,0,0,0,0,0,0,0,0,0,0,0,0,0,0,0,0,0,0,0,0,0,0,0,0,0,0
"01232","Cucumbers and gherkins","DE",0,0,0,NA,0,0,0,0,0,0,NA,0,0,NA,NA,0,0,0,0,0,NA,NA,0,0,0,0,NA,0,0,NA,NA,NA,0,0,0,0,NA,0,0,0,0,0,0,0,0,0,0,0,0,0,0,0,0,0,0,0,0,0,0,0,0,0,0,0,0,0,0,0,0,0,0,0,0,0
"01232","Cucumbers and gherkins","DK",0,0,0,NA,0,0,0,0,0,0,0,0,0,NA,NA,0,0,0,0,0,NA,NA,0,0,0,0,NA,0,0,NA,NA,NA,0,0,0,0,NA,0,0,0,0,0,0,0,0,0,0,0,0,0,0,0,0,0,0,0,0,0,0,0,0,0,0,0,0,0,0,0,0,0,0,0,0,0
"01232","Cucumbers and gherkins","ES",0,0,0,NA,0,0,0,0,0,0,NA,0,0,NA,NA,0,0,0,0,0,NA,NA,0,0,0,0,NA,0,0,NA,NA,NA,0,0,0,0,NA,0,0,0,0,0,0,0,0,0,0,0,0,0,0,0,0,0,0,0,0,0,0,0,0,0,0,0,0,0,0,0,0,0,0,0,0,0
"01232","Cucumbers and gherkins","FR",0,0,0,NA,0,0,0,0,0,0,NA,0,0,NA,NA,0,0,0,0,0,NA,NA,0,0,0,0,NA,0,0,NA,NA,NA,0,0,0,0,NA,0,0,0,0,0,0,0,0,0,0,0,0,0,0,0,0,0,0,0,0,0,0,0,0,0,0,0,0,0,0,0,0,0,0,0,0,0
"01232","Cucumbers and gherkins","GR",0,0,0,NA,0,0,0,0,0,0,NA,0,0,NA,NA,0,0,0,0,0,NA,NA,0,0,0,0,NA,0,0,NA,NA,NA,0,0,0,0,NA,0,0,0,0,0,0,0,0,0,0,0,0,0,0,0,0,0,0,0,0,0,0,0,0,0,0,0,0,0,0,0,0,0,0,0,0,0
"01232","Cucumbers and gherkins","HU",0,0,0,NA,0,0,0,0,0,0,NA,0,0,NA,NA,0,0,0,0,0,NA,NA,0,0,0,0,NA,0,0,NA,NA,NA,0,0,0,0,NA,0,0,0,0,0,0,0,0,0,0,0,0,0,0,0,0,0,0,0,0,0,0,0,0,0,0,0,0,0,0,0,0,0,0,0,0,0
"01232","Cucumbers and gherkins","IE",0,0,0,NA,0,0,0,0,0,0,NA,0,0,NA,NA,0,0,0,0,0,NA,NA,0,0,0,0,NA,0,0,NA,NA,NA,0,0,0,0,NA,0,0,0,0,0,0,0,0,0,0,0,0,0,0,0,0,0,0,0,0,0,0,0,0,0,0,0,0,0,0,0,0,0,0,0,0,0
"01232","Cucumbers and gherkins","IT",0,0,0,NA,0,0,0,0,0,0,NA,0,0,NA,NA,0,0,0,0,0,NA,NA,0,0,0,0,NA,0,0,NA,NA,NA,0,0,0,0,NA,0,0,0,0,0,0,0,0,0,0,0,0,0,0,0,0,0,0,0,0,0,0,0,0,0,0,0,0,0,0,0,0,0,0,0,0,0
"01232","Cucumbers and gherkins","MK",0,0,0,NA,0,0,0,0,0,0,NA,0,0,NA,NA,0,0,0,0,0,NA,NA,0,0,0,0,NA,0,0,NA,NA,NA,0,0,0,0,NA,0,0,0,0,0,0,0,0,0,0,0,0,0,0,0,0,0,0,0,0,0,0,0,0,0,0,0,0,0,0,0,0,0,0,0,0,0
"01232","Cucumbers and gherkins","NL",0,0,0,NA,0,0,0,0,0,NA,NA,0,0,NA,NA,0,0,0,0,NA,NA,NA,0,0,0,NA,NA,0,0,NA,NA,NA,0,0,0,0,NA,0,0,0,0,0,0,0,0,0,0,0,0,0,0,0,0,0,0,0,0,0,0,0,0,0,0,0,0,0,0,0,0,0,0,0,0,0
"01232","Cucumbers and gherkins","PL",0,0,0,NA,0,0,0,0,0,0,NA,0,0,NA,NA,0,0,0,0,0,NA,NA,0,0,0,0,NA,0,0,NA,NA,NA,0,0,0,0,NA,0,0,0,0,0,0,0,0,0,0,0,0,0,0,0,0,0,0,0,0,0,0,0,0,0,0,0,0,0,0,0,0,0,0,0,0,0
"01232","Cucumbers and gherkins","RO",0,0,0,NA,0,0,0,0,0,0,NA,0,0,NA,NA,0,0,0,0,0,NA,NA,0,0,0,0,NA,0,0,NA,NA,NA,0,0,0,0,NA,0,0,0,0,0,0,0,0,0,0,0,0,0,0,0,0,0,0,0,0,0,0,0,0,0,0,0,0,0,0,0,0,0,0,0,0,0
"01232","Cucumbers and gherkins","RS",0,0,0,NA,0,0,0,0,0,0,NA,0,0,NA,NA,0,0,0,0,NA,NA,NA,0,0,0,NA,NA,0,0,NA,NA,NA,0,0,0,0,NA,0,0,0,0,0,0,0,0,0,0,0,0,0,0,0,0,0,0,0,0,0,0,0,0,0,0,0,0,0,0,0,0,0,0,0,0,0
"01232","Cucumbers and gherkins","RU",0,0,0,NA,0,0,0,0,0,0,NA,0,0,NA,NA,0,0,0,0,NA,NA,NA,0,0,0,NA,NA,0,0,NA,NA,NA,0,0,0,0,NA,0,0,0,0,0,0,0,0,0,0,0,0,0,0,0,0,0,0,0,0,0,0,0,0,0,0,0,0,0,0,0,0,0,0,0,0,0
"01232","Cucumbers and gherkins","SE",0,0,0,NA,0,0,0,0,0,0,NA,0,0,NA,NA,0,0,0,0,0,NA,NA,0,0,0,0,NA,0,0,NA,NA,NA,0,0,0,0,NA,0,0,0,0,0,0,0,0,0,0,0,0,0,0,0,0,0,0,0,0,0,0,0,0,0,0,0,0,0,0,0,0,0,0,0,0,0
"01232","Cucumbers and gherkins","TR",0,0,0,NA,0,0,0,0,0,NA,NA,0,0,NA,NA,0,0,0,0,NA,NA,NA,0,0,0,NA,NA,0,0,NA,NA,NA,0,0,0,0,NA,0,0,0,0,0,0,0,0,0,0,0,0,0,0,0,0,0,0,0,0,0,0,0,0,0,0,0,0,0,0,0,0,0,0,0,0,0
"01233","Eggplants (aubergines)","BE",0,0,0,NA,0,0,0,0,0,0,NA,0,0,NA,NA,0,0,0,0,0,NA,NA,0,0,0,0,NA,0,0,NA,NA,NA,0,0,0,0,NA,0,0,0,0,0,0,0,0,0,0,NA,0,0,0,0,0,0,0,0,0,0,0,0,0,0,0,0,0,0,0,0,0,0,0,0,0,0
"01233","Eggplants (aubergines)","ES",0,0,0,NA,0,0,0,0,0,0,NA,0,0,NA,NA,0,0,0,0,0,NA,NA,0,0,0,0,NA,0,0,NA,NA,NA,0,0,0,0,NA,0,0,0,0,0,0,0,0,0,0,NA,0,0,0,0,0,0,0,0,0,0,0,0,0,0,0,0,0,0,0,0,0,0,0,0,0,0
"01233","Eggplants (aubergines)","FR",0,0,0,NA,0,0,0,0,0,0,NA,0,0,NA,NA,0,0,0,0,0,NA,NA,0,0,0,0,NA,0,0,NA,NA,NA,0,0,0,0,NA,0,0,0,0,0,0,0,0,0,0,NA,0,0,0,0,0,0,0,0,0,0,0,0,0,0,0,0,0,0,0,0,0,0,0,0,0,0
"01233","Eggplants (aubergines)","GR",0,0,0,NA,0,0,0,0,0,0,NA,0,0,NA,NA,0,0,0,0,0,NA,NA,0,0,0,0,NA,0,0,NA,NA,NA,0,0,0,0,NA,0,0,0,0,0,0,0,0,0,0,NA,0,0,0,0,0,0,0,0,0,0,0,0,0,0,0,0,0,0,0,0,0,0,0,0,0,0
"01233","Eggplants (aubergines)","HU",0,0,0,NA,0,0,0,0,0,0,NA,0,0,NA,NA,0,0,0,0,0,NA,NA,0,0,0,0,NA,0,0,NA,NA,NA,0,0,0,0,NA,0,0,0,0,0,0,0,0,0,0,NA,0,0,0,0,0,0,0,0,0,0,0,0,0,0,0,0,0,0,0,0,0,0,0,0,0,0
"01233","Eggplants (aubergines)","IT",0,0,0,NA,0,0,0,0,0,0,NA,0,0,NA,NA,0,0,0,0,0,NA,NA,0,0,0,0,NA,0,0,NA,NA,NA,0,0,0,0,NA,0,0,0,0,0,0,0,0,0,0,NA,0,0,0,0,0,0,0,0,0,0,0,0,0,0,0,0,0,0,0,0,0,0,0,0,0,0
"01233","Eggplants (aubergines)","MK",0,0,0,NA,0,0,0,0,0,0,NA,0,0,NA,NA,0,0,0,0,0,NA,NA,0,0,0,0,NA,0,0,NA,NA,NA,0,0,0,0,NA,0,0,0,0,0,0,0,0,0,0,NA,0,0,0,0,0,0,0,0,0,0,0,0,0,0,0,0,0,0,0,0,0,0,0,0,0,0
"01233","Eggplants (aubergines)","NL",0,0,0,NA,0,0,0,0,0,NA,NA,0,0,NA,NA,0,0,0,0,NA,NA,NA,0,0,0,NA,NA,0,0,NA,NA,NA,0,0,0,0,NA,0,0,0,0,0,0,0,0,0,NA,NA,0,0,0,0,0,0,0,0,0,0,0,0,0,0,0,0,0,0,0,0,0,0,0,0,0,0
"01233","Eggplants (aubergines)","PL",0,0,0,NA,0,0,0,0,0,NA,NA,0,0,NA,NA,0,0,0,0,0,NA,NA,0,0,0,0,NA,0,0,NA,NA,NA,0,0,0,0,NA,0,0,0,0,0,0,0,0,0,NA,NA,0,0,0,0,0,0,0,0,0,0,0,0,0,0,0,0,0,0,0,0,0,0,0,0,0,0
"01233","Eggplants (aubergines)","TR",0,0,0,NA,0,0,0,0,0,NA,NA,0,0,NA,NA,0,0,0,0,NA,NA,NA,0,0,0,NA,NA,0,0,NA,NA,NA,0,0,0,0,NA,0,0,0,0,0,0,0,0,0,NA,NA,0,0,0,0,0,0,0,0,0,0,0,0,0,0,0,0,0,0,0,0,0,0,0,0,0,0
"01234","Tomatoes","BE",0,0,0,NA,0,0,0,0,0,0,NA,0,0,NA,NA,0,0,0,0,0,NA,NA,0,0,0,0,NA,0,0,NA,NA,NA,0,0,0,0,NA,0,0,0,0,0,0,0,0,0,0,0,0,0,0,0,0,0,0,0,0,0,0,0,0,0,0,0,0,0,0,0,0,0,0,0,0,0
"01234","Tomatoes","CL",0,0,0,NA,0,0,0,0,0,0,NA,0,0,NA,NA,0,0,0,0,0,NA,NA,0,0,0,0,NA,0,0,NA,NA,NA,0,0,0,0,NA,0,0,0,0,0,0,0,0,0,0,0,0,0,0,0,0,0,0,0,0,0,0,0,0,0,0,0,0,0,0,0,0,0,0,0,0,0
"01234","Tomatoes","CN",0,0,0,NA,0,0,0,0,0,0,NA,0,0,NA,NA,0,0,0,0,0,NA,NA,0,0,0,0,NA,0,0,NA,NA,NA,0,0,0,0,NA,0,0,0,0,0,0,0,0,0,0,0,0,0,0,0,0,0,0,0,0,0,0,0,0,0,0,0,0,0,0,0,0,0,0,0,0,0
"01234","Tomatoes","DE",0,0,0,NA,0,0,0,0,0,0,NA,0,0,NA,NA,0,0,0,0,0,NA,NA,0,0,0,0,NA,0,0,NA,NA,NA,0,0,0,0,NA,0,0,0,0,0,0,0,0,0,0,0,0,0,0,0,0,0,0,0,0,0,0,0,0,0,0,0,0,0,0,0,0,0,0,0,0,0
"01234","Tomatoes","DK",0,0,0,NA,0,0,0,0,0,0,0,0,0,NA,NA,0,0,0,0,0,NA,NA,0,0,0,0,NA,0,0,NA,NA,NA,0,0,0,0,NA,0,0,0,0,0,0,0,0,0,0,0,0,0,0,0,0,0,0,0,0,0,0,0,0,0,0,0,0,0,0,0,0,0,0,0,0,0
"01234","Tomatoes","EG",0,0,0,NA,0,0,0,0,0,0,NA,NA,0,NA,NA,0,0,0,0,0,NA,NA,0,0,0,0,NA,0,0,NA,NA,NA,0,0,0,0,NA,0,0,0,0,0,0,0,0,0,0,0,0,0,0,0,0,0,0,0,0,0,0,0,0,0,0,0,0,0,0,0,0,0,0,0,0,0
"01234","Tomatoes","ES",0,0,0,NA,0,0,0,0,0,0,NA,0,0,NA,NA,0,0,0,0,0,NA,NA,0,0,0,0,NA,0,0,NA,NA,NA,0,0,0,0,NA,0,0,0,0,0,0,0,0,0,0,0,0,0,0,0,0,0,0,0,0,0,0,0,0,0,0,0,0,0,0,0,0,0,0,0,0,0
"01234","Tomatoes","FR",0,0,0,NA,0,0,0,0,0,0,NA,0,0,NA,NA,0,0,0,0,0,NA,NA,0,0,0,0,NA,0,0,NA,NA,NA,0,0,0,0,NA,0,0,0,0,0,0,0,0,0,0,0,0,0,0,0,0,0,0,0,0,0,0,0,0,0,0,0,0,0,0,0,0,0,0,0,0,0
"01234","Tomatoes","GR",0,0,0,NA,0,0,0,0,0,0,NA,0,0,NA,NA,0,0,0,0,0,NA,NA,0,0,0,0,NA,0,0,NA,NA,NA,0,0,0,0,NA,0,0,0,0,0,0,0,0,0,0,0,0,0,0,0,0,0,0,0,0,0,0,0,0,0,0,0,0,0,0,0,0,0,0,0,0,0
"01234","Tomatoes","HU",0,0,0,NA,0,0,0,0,0,0,NA,0,0,NA,NA,0,0,0,0,0,NA,NA,0,0,0,0,NA,0,0,NA,NA,NA,0,0,0,0,NA,0,0,0,0,0,0,0,0,0,0,0,0,0,0,0,0,0,0,0,0,0,0,0,0,0,0,0,0,0,0,0,0,0,0,0,0,0
"01234","Tomatoes","IE",0,0,0,NA,0,0,0,0,0,0,NA,0,0,NA,NA,0,0,0,0,0,NA,NA,0,0,0,0,NA,0,0,NA,NA,NA,0,0,0,0,NA,0,0,0,0,0,0,0,0,0,0,0,0,0,0,0,0,0,0,0,0,0,0,0,0,0,0,0,0,0,0,0,0,0,0,0,0,0
"01234","Tomatoes","IT",0,0,0,NA,0,0,0,0,0,0,NA,0,0,NA,NA,0,0,0,0,0,NA,NA,0,0,0,0,NA,0,0,NA,NA,NA,0,0,0,0,NA,0,0,0,0,0,0,0,0,0,0,0,0,0,0,0,0,0,0,0,0,0,0,0,0,0,0,0,0,0,0,0,0,0,0,0,0,0
"01234","Tomatoes","MA",0,0,0,NA,0,0,0,0,0,0,NA,0,0,NA,NA,0,0,0,0,0,NA,NA,0,0,0,0,NA,0,0,NA,NA,NA,0,0,0,0,NA,0,0,0,0,0,0,0,0,0,0,0,0,0,0,0,0,0,0,0,0,0,0,0,0,0,0,0,0,0,0,0,0,0,0,0,0,0
"01234","Tomatoes","NL",0,0,0,NA,0,0,0,0,0,NA,NA,0,0,NA,NA,0,0,0,0,NA,NA,NA,0,0,0,NA,NA,0,0,NA,NA,NA,0,0,0,0,NA,0,0,0,0,0,0,0,0,0,0,0,0,0,0,0,0,0,0,0,0,0,0,0,0,0,0,0,0,0,0,0,0,0,0,0,0,0
"01234","Tomatoes","PL",0,0,0,NA,0,0,0,0,0,0,NA,0,0,NA,NA,0,0,0,0,0,NA,NA,0,0,0,0,NA,0,0,NA,NA,NA,0,0,0,0,NA,0,0,0,0,0,0,0,0,0,0,0,0,0,0,0,0,0,0,0,0,0,0,0,0,0,0,0,0,0,0,0,0,0,0,0,0,0
"01234","Tomatoes","PT",0,0,0,NA,0,0,0,0,0,0,NA,0,0,NA,NA,0,0,0,0,0,NA,NA,0,0,0,0,NA,0,0,NA,NA,NA,0,0,0,0,NA,0,0,0,0,0,0,0,0,0,0,0,0,0,0,0,0,0,0,0,0,0,0,0,0,0,0,0,0,0,0,0,0,0,0,0,0,0
"01234","Tomatoes","RS",0,0,0,NA,0,0,0,0,0,0,NA,0,0,NA,NA,0,0,0,0,NA,NA,NA,0,0,0,NA,NA,0,0,NA,NA,NA,0,0,0,0,NA,0,0,0,0,0,0,0,0,0,0,0,0,0,0,0,0,0,0,0,0,0,0,0,0,0,0,0,0,0,0,0,0,0,0,0,0,0
"01234","Tomatoes","SE",0,0,0,NA,0,0,0,0,0,0,NA,0,0,NA,NA,0,0,0,0,0,NA,NA,0,0,0,0,NA,0,0,NA,NA,NA,0,0,0,0,NA,0,0,0,0,0,0,0,0,0,0,0,0,0,0,0,0,0,0,0,0,0,0,0,0,0,0,0,0,0,0,0,0,0,0,0,0,0
"01234","Tomatoes","TN",0,0,0,NA,0,0,0,0,0,0,NA,0,0,NA,NA,0,0,0,0,0,NA,NA,0,0,0,0,NA,0,0,NA,NA,NA,0,0,0,0,NA,0,0,0,0,0,0,0,0,0,0,0,0,0,0,0,0,0,0,0,0,0,0,0,0,0,0,0,0,0,0,0,0,0,0,0,0,0
"01234","Tomatoes","TR",0,0,0,NA,0,0,0,0,0,NA,NA,0,0,NA,NA,0,0,0,0,NA,NA,NA,0,0,0,NA,NA,0,0,NA,NA,NA,0,0,0,0,NA,0,0,0,0,0,0,0,0,0,0,0,0,0,0,0,0,0,0,0,0,0,0,0,0,0,0,0,0,0,0,0,0,0,0,0,0,0
"01234","Tomatoes","UA",0,0,0,NA,0,0,0,0,0,0,NA,0,0,NA,NA,0,0,0,0,0,NA,NA,0,0,0,0,NA,0,0,NA,NA,NA,0,0,0,0,NA,0,0,0,0,0,0,0,0,0,0,0,0,0,0,0,0,0,0,0,0,0,0,0,0,0,0,0,0,0,0,0,0,0,0,0,0,0
"01234","Tomatoes","US",0,0,0,NA,0,0,0,0,0,0,NA,0,0,NA,NA,0,0,0,0,NA,NA,NA,0,0,0,NA,NA,0,0,NA,NA,NA,0,0,0,0,NA,0,0,0,0,0,0,0,0,0,0,0,0,0,0,0,0,0,0,0,0,0,0,0,0,0,0,0,0,0,0,0,0,0,0,0,0,0
"01235","Pumpkins, squash and gourds","AR",0,0,0,NA,0,0,0,0,0,0,NA,0,0,NA,NA,0,0,0,0,0,NA,NA,0,0,0,0,NA,0,0,NA,NA,NA,0,0,0,0,NA,0,0,0,0,0,0,0,0,0,0,NA,0,0,0,0,0,0,0,0,0,0,0,0,0,0,0,0,0,0,0,0,0,0,0,0,0,0
"01235","Pumpkins, squash and gourds","DE",0,0,0,NA,0,0,0,0,0,0,NA,0,0,NA,NA,0,0,0,0,0,NA,NA,0,0,0,0,NA,0,0,NA,NA,NA,0,0,0,0,NA,0,0,0,0,0,0,0,0,0,0,NA,0,0,0,0,0,0,0,0,0,0,0,0,0,0,0,0,0,0,0,0,0,0,0,0,0,0
"01235","Pumpkins, squash and gourds","DK",0,0,0,NA,0,0,0,0,0,0,NA,0,0,NA,NA,0,0,0,0,0,NA,NA,0,0,0,0,NA,0,0,NA,NA,NA,0,0,0,0,NA,0,0,0,0,0,0,0,0,0,0,NA,0,0,0,0,0,0,0,0,0,0,0,0,0,0,0,0,0,0,0,0,0,0,0,0,0,0
"01235","Pumpkins, squash and gourds","ES",0,0,0,NA,0,0,0,0,0,0,NA,0,0,NA,NA,0,0,0,0,0,NA,NA,0,0,0,0,NA,0,0,NA,NA,NA,0,0,0,0,NA,0,0,0,0,0,0,0,0,0,0,NA,0,0,0,0,0,0,0,0,0,0,0,0,0,0,0,0,0,0,0,0,0,0,0,0,0,0
"01235","Pumpkins, squash and gourds","FR",0,0,0,NA,0,0,0,0,0,0,NA,0,0,NA,NA,0,0,0,0,0,NA,NA,0,0,0,0,NA,0,0,NA,NA,NA,0,0,0,0,NA,0,0,0,0,0,0,0,0,0,0,NA,0,0,0,0,0,0,0,0,0,0,0,0,0,0,0,0,0,0,0,0,0,0,0,0,0,0
"01235","Pumpkins, squash and gourds","GR",0,0,0,NA,0,0,0,0,0,0,NA,0,0,NA,NA,0,0,0,0,0,NA,NA,0,0,0,0,NA,0,0,NA,NA,NA,0,0,0,0,NA,0,0,0,0,0,0,0,0,0,0,NA,0,0,0,0,0,0,0,0,0,0,0,0,0,0,0,0,0,0,0,0,0,0,0,0,0,0
"01235","Pumpkins, squash and gourds","HU",0,0,0,NA,0,0,0,0,0,0,NA,0,0,NA,NA,0,0,0,0,0,NA,NA,0,0,0,0,NA,0,0,NA,NA,NA,0,0,0,0,NA,0,0,0,0,0,0,0,0,0,0,NA,0,0,0,0,0,0,0,0,0,0,0,0,0,0,0,0,0,0,0,0,0,0,0,0,0,0
"01235","Pumpkins, squash and gourds","IE",0,0,0,NA,0,0,0,0,0,0,NA,0,0,NA,NA,0,0,0,0,0,NA,NA,0,0,0,0,NA,0,0,NA,NA,NA,0,0,0,0,NA,0,0,0,0,0,0,0,0,0,0,NA,0,0,0,0,0,0,0,0,0,0,0,0,0,0,0,0,0,0,0,0,0,0,0,0,0,0
"01235","Pumpkins, squash and gourds","IT",0,0,0,NA,0,0,0,0,0,0,NA,0,0,NA,NA,0,0,0,0,0,NA,NA,0,0,0,0,NA,0,0,NA,NA,NA,0,0,0,0,NA,0,0,0,0,0,0,0,0,0,0,NA,0,0,0,0,0,0,0,0,0,0,0,0,0,0,0,0,0,0,0,0,0,0,0,0,0,0
"01235","Pumpkins, squash and gourds","MA",0,0,0,NA,0,0,0,0,0,0,NA,0,0,NA,NA,0,0,0,0,0,NA,NA,0,0,0,0,NA,0,0,NA,NA,NA,0,0,0,0,NA,0,0,0,0,0,0,0,0,0,0,NA,0,0,0,0,0,0,0,0,0,0,0,0,0,0,0,0,0,0,0,0,0,0,0,0,0,0
"01235","Pumpkins, squash and gourds","NL",0,0,0,NA,0,0,0,0,0,NA,NA,0,0,NA,NA,0,0,0,0,NA,NA,NA,0,0,0,NA,NA,0,0,NA,NA,NA,0,0,0,0,NA,0,0,0,0,0,0,0,0,0,NA,NA,0,0,0,0,0,0,0,0,0,0,0,0,0,0,0,0,0,0,0,0,0,0,0,0,0,0
"01235","Pumpkins, squash and gourds","PL",0,0,0,NA,0,0,0,0,0,0,NA,0,0,NA,NA,0,0,0,0,0,NA,NA,0,0,0,0,NA,0,0,NA,NA,NA,0,0,0,0,NA,0,0,0,0,0,0,0,0,0,0,NA,0,0,0,0,0,0,0,0,0,0,0,0,0,0,0,0,0,0,0,0,0,0,0,0,0,0
"01235","Pumpkins, squash and gourds","PT",0,0,0,NA,0,0,0,0,0,0,NA,0,0,NA,NA,0,0,0,0,0,NA,NA,0,0,0,0,NA,0,0,NA,NA,NA,0,0,0,0,NA,0,0,0,0,0,0,0,0,0,0,NA,0,0,0,0,0,0,0,0,0,0,0,0,0,0,0,0,0,0,0,0,0,0,0,0,0,0
"01235","Pumpkins, squash and gourds","SE",0,0,0,NA,0,0,0,0,0,0,NA,0,0,NA,NA,0,0,0,0,0,NA,NA,0,0,0,0,NA,0,0,NA,NA,NA,0,0,0,0,NA,0,0,0,0,0,0,0,0,0,0,NA,0,0,0,0,0,0,0,0,0,0,0,0,0,0,0,0,0,0,0,0,0,0,0,0,0,0
"01235","Pumpkins, squash and gourds","TR",0,0,0,NA,0,0,0,0,0,NA,NA,0,0,NA,NA,0,0,0,0,NA,NA,NA,0,0,0,NA,NA,0,0,NA,NA,NA,0,0,0,0,NA,0,0,0,0,0,0,0,0,0,NA,NA,0,0,0,0,0,0,0,0,0,0,0,0,0,0,0,0,0,0,0,0,0,0,0,0,0,0
"01235","Pumpkins, squash and gourds","ZA",0,0,0,NA,0,0,0,0,0,0,NA,0,0,NA,NA,0,0,0,0,0,NA,NA,0,0,0,0,NA,0,0,NA,NA,NA,0,0,0,0,NA,0,0,0,0,0,0,0,0,0,0,NA,0,0,0,0,0,0,0,0,0,0,0,0,0,0,0,0,0,0,0,0,0,0,0,0,0,0
"01242","Peas, green","BG",0,0,0,NA,0,0,0,0,0,0,NA,0,0,NA,NA,0,0,0,0,0,NA,NA,0,0,0,0,NA,0,0,NA,NA,NA,0,0,0,0,NA,0,0,0,0,0,0,0,0,0,0,NA,0,0,0,0,0,0,0,0,0,0,0,0,0,0,0,0,0,0,0,0,0,0,0,0,0,0
"01242","Peas, green","CN",0,0,0,NA,0,0,0,0,0,0,NA,0,0,NA,NA,0,0,0,0,0,NA,NA,0,0,0,0,NA,0,0,NA,NA,NA,0,0,0,0,NA,0,0,0,0,0,0,0,0,0,0,NA,0,0,0,0,0,0,0,0,0,0,0,0,0,0,0,0,0,0,0,0,0,0,0,0,0,0
"01242","Peas, green","CZ",0,0,0,NA,0,0,0,0,0,0,NA,0,0,NA,NA,0,0,0,0,0,NA,NA,0,0,0,0,NA,0,0,NA,NA,NA,0,0,0,0,NA,0,0,0,0,0,0,0,0,0,0,NA,0,0,0,0,0,0,0,0,0,0,0,0,0,0,0,0,0,0,0,0,0,0,0,0,0,0
"01242","Peas, green","DE",0,0,0,NA,0,0,0,0,0,0,NA,0,0,NA,NA,0,0,0,0,0,NA,NA,0,0,0,0,NA,0,0,NA,NA,NA,0,0,0,0,NA,0,0,0,0,0,0,0,0,0,0,NA,0,0,0,0,0,0,0,0,0,0,0,0,0,0,0,0,0,0,0,0,0,0,0,0,0,0
"01242","Peas, green","DK",0,0,0,NA,0,0,0,0,0,0,0,0,NA,NA,NA,NA,0,0,0,0,NA,NA,NA,0,0,0,NA,0,0,NA,NA,NA,NA,0,0,0,NA,0,0,0,0,0,0,0,0,0,0,0,0,0,0,0,0,0,0,0,0,0,0,0,0,0,0,0,0,0,0,0,0,0,0,0,0,0
"01242","Peas, green","EE",0,0,0,NA,0,0,0,0,0,NA,NA,0,0,NA,NA,0,0,0,0,0,NA,NA,0,0,0,0,NA,0,0,NA,NA,NA,0,0,0,0,NA,0,0,0,0,0,0,0,0,0,0,NA,0,0,0,0,0,0,0,0,0,0,0,0,0,0,0,0,0,0,0,0,0,0,0,0,0,0
"01242","Peas, green","EG",0,0,0,NA,0,0,0,0,0,0,NA,NA,0,NA,NA,0,0,0,0,0,NA,NA,0,0,0,0,NA,0,0,NA,NA,NA,0,0,0,0,NA,0,0,0,0,0,0,0,0,0,0,NA,NA,0,0,0,0,0,0,0,0,0,0,0,0,0,0,0,0,0,0,0,0,0,0,0,0,0
"01242","Peas, green","ES",0,0,0,NA,0,0,0,0,0,0,NA,0,0,NA,NA,0,0,0,0,0,NA,NA,0,0,0,0,NA,0,0,NA,NA,NA,0,0,0,0,NA,0,0,0,0,0,0,0,0,0,0,NA,0,0,0,0,0,0,0,0,0,0,0,0,0,0,0,0,0,0,0,0,0,0,0,0,0,0
"01242","Peas, green","FR",0,0,0,NA,0,0,0,0,0,0,NA,0,0,NA,NA,0,0,0,0,0,NA,NA,0,0,0,0,NA,0,0,NA,NA,NA,0,0,0,0,NA,0,0,0,0,0,0,0,0,0,0,NA,0,0,0,0,0,0,0,0,0,0,0,0,0,0,0,0,0,0,0,0,0,0,0,0,0,0
"01242","Peas, green","GB",0,0,0,NA,0,0,0,0,0,0,NA,0,0,NA,NA,0,0,0,0,NA,NA,NA,0,0,0,NA,NA,0,0,NA,NA,NA,0,0,0,0,NA,0,0,0,0,0,0,0,0,0,0,NA,0,0,0,0,0,0,0,0,0,0,0,0,0,0,0,0,0,0,0,0,0,0,0,0,0,0
"01242","Peas, green","GR",0,0,0,NA,0,0,0,0,0,0,NA,0,0,NA,NA,0,0,0,0,0,NA,NA,0,0,0,0,NA,0,0,NA,NA,NA,0,0,0,0,NA,0,0,0,0,0,0,0,0,0,0,NA,0,0,0,0,0,0,0,0,0,0,0,0,0,0,0,0,0,0,0,0,0,0,0,0,0,0
"01242","Peas, green","GT",0,0,0,NA,0,0,0,0,0,0,NA,0,0,NA,NA,0,0,0,0,0,NA,NA,0,0,0,0,NA,0,0,NA,NA,NA,0,0,0,0,NA,0,0,0,0,0,0,0,0,0,0,NA,0,0,0,0,0,0,0,0,0,0,0,0,0,0,0,0,0,0,0,0,0,0,0,0,0,0
"01242","Peas, green","HU",0,0,0,NA,0,0,0,0,0,0,NA,0,0,NA,NA,0,0,0,0,0,NA,NA,0,0,0,0,NA,0,0,NA,NA,NA,0,0,0,0,NA,0,0,0,0,0,0,0,0,0,0,NA,0,0,0,0,0,0,0,0,0,0,0,0,0,0,0,0,0,0,0,0,0,0,0,0,0,0
"01242","Peas, green","IT",0,0,0,NA,0,0,0,0,0,0,NA,0,0,NA,NA,0,0,0,0,0,NA,NA,0,0,0,0,NA,0,0,NA,NA,NA,0,0,0,0,NA,0,0,0,0,0,0,0,0,0,0,NA,0,0,0,0,0,0,0,0,0,0,0,0,0,0,0,0,0,0,0,0,0,0,0,0,0,0
"01242","Peas, green","KE",0,0,0,NA,0,0,0,0,0,0,NA,0,0,NA,NA,0,0,0,0,0,NA,NA,0,0,0,0,NA,0,0,NA,NA,NA,0,0,0,0,NA,0,0,0,0,0,0,0,0,0,0,NA,0,0,0,0,0,0,0,0,0,0,0,0,0,0,0,0,0,0,0,0,0,0,0,0,0,0
"01242","Peas, green","LT",0,0,0,NA,0,0,0,0,0,0,NA,0,0,NA,NA,0,0,0,0,0,NA,NA,0,0,0,0,NA,0,0,NA,NA,NA,0,0,0,0,NA,0,0,0,0,0,0,0,0,0,0,NA,0,0,0,0,0,0,0,0,0,0,0,0,0,0,0,0,0,0,0,0,0,0,0,0,0,0
"01242","Peas, green","NL",0,0,0,NA,0,0,0,0,0,NA,NA,0,0,NA,NA,0,0,0,0,NA,NA,NA,0,0,0,NA,NA,0,0,NA,NA,NA,0,0,0,0,NA,0,0,0,0,0,0,0,0,0,NA,NA,0,0,0,0,0,0,0,0,0,0,0,0,0,0,0,0,0,0,0,0,0,0,0,0,0,0
"01242","Peas, green","PE",0,0,0,NA,0,0,0,0,0,0,NA,0,0,NA,NA,0,0,0,0,0,NA,NA,0,0,0,0,NA,0,0,NA,NA,NA,0,0,0,0,NA,0,0,0,0,0,0,0,0,0,0,NA,0,0,0,0,0,0,0,0,0,0,0,0,0,0,0,0,0,0,0,0,0,0,0,0,0,0
"01242","Peas, green","PL",0,0,0,NA,0,0,0,0,0,0,NA,0,0,NA,NA,0,0,0,0,0,NA,NA,0,0,0,0,NA,0,0,NA,NA,NA,0,0,0,0,NA,0,0,0,0,0,0,0,0,0,0,NA,0,0,0,0,0,0,0,0,0,0,0,0,0,0,0,0,0,0,0,0,0,0,0,0,0,0
"01242","Peas, green","PT",0,0,0,NA,0,0,0,0,0,0,NA,0,0,NA,NA,0,0,0,0,0,NA,NA,0,0,0,0,NA,0,0,NA,NA,NA,0,0,0,0,NA,0,0,0,0,0,0,0,0,0,0,NA,0,0,0,0,0,0,0,0,0,0,0,0,0,0,0,0,0,0,0,0,0,0,0,0,0,0
"01242","Peas, green","SE",0,0,0,NA,0,0,0,0,0,0,NA,0,0,NA,NA,0,0,0,0,0,NA,NA,0,0,0,0,NA,0,0,NA,NA,NA,0,0,0,0,NA,0,0,0,0,0,0,0,0,0,0,NA,0,0,0,0,0,0,0,0,0,0,0,0,0,0,0,0,0,0,0,0,0,0,0,0,0,0
"01242","Peas, green","SK",0,0,0,NA,0,0,0,0,0,0,NA,0,0,NA,NA,0,0,0,0,0,NA,NA,0,0,0,0,NA,0,0,NA,NA,NA,0,0,0,0,NA,0,0,0,0,0,0,0,0,0,0,NA,0,0,0,0,0,0,0,0,0,0,0,0,0,0,0,0,0,0,0,0,0,0,0,0,0,0
"01242","Peas, green","TZ",0,0,0,NA,0,0,0,0,0,NA,NA,0,0,NA,NA,0,0,0,0,NA,NA,NA,0,0,0,NA,NA,0,0,NA,NA,NA,0,0,0,0,NA,0,0,0,0,0,0,0,0,0,0,NA,0,0,0,0,0,0,0,0,0,0,0,0,0,0,0,0,0,0,0,0,0,0,0,0,0,0
"01242","Peas, green","ZW",0,0,0,NA,0,0,0,0,0,0,NA,0,0,NA,NA,0,0,0,0,0,NA,NA,0,0,0,0,NA,0,0,NA,NA,NA,0,0,0,0,NA,0,0,0,0,0,0,0,0,0,0,NA,0,0,0,0,0,0,0,0,0,0,0,0,0,0,0,0,0,0,0,0,0,0,0,0,0,0
"01251","Carrots and turnips","AT",0,0,0,NA,0,0,0,0,0,0,NA,0,0,NA,NA,0,0,0,0,0,NA,NA,0,0,0,0,NA,0,0,NA,NA,NA,0,0,0,0,NA,0,0,0,0,0,0,0,0,0,0,NA,0,0,0,0,0,0,0,0,0,0,0,0,0,0,0,0,0,0,0,0,0,0,0,0,0,0
"01251","Carrots and turnips","BE",0,0,0,NA,0,0,0,0,0,0,NA,0,0,NA,NA,0,0,0,0,0,NA,NA,0,0,0,0,NA,0,0,NA,NA,NA,0,0,0,0,NA,0,0,0,0,0,0,0,0,0,0,NA,0,0,0,0,0,0,0,0,0,0,0,0,0,0,0,0,0,0,0,0,0,0,0,0,0,0
"01251","Carrots and turnips","DE",0,0,0,NA,0,0,0,0,0,0,NA,0,0,NA,NA,0,0,0,0,0,NA,NA,0,0,0,0,NA,0,0,NA,NA,NA,0,0,0,0,NA,0,0,0,0,0,0,0,0,0,0,NA,0,0,0,0,0,0,0,0,0,0,0,0,0,0,0,0,0,0,0,0,0,0,0,0,0,0
"01251","Carrots and turnips","DK",0,0,0,NA,0,0,0,0,0,0,0,0,0,NA,NA,0,0,0,0,0,NA,NA,0,0,0,0,NA,0,0,NA,NA,NA,0,0,0,0,NA,0,0,0,0,0,0,0,0,0,0,0,0,0,0,0,0,0,0,0,0,0,0,0,0,0,0,0,0,0,0,0,0,0,0,0,0,0
"01251","Carrots and turnips","ES",0,0,0,NA,0,0,0,0,0,0,NA,0,0,NA,NA,0,0,0,0,0,NA,NA,0,0,0,0,NA,0,0,NA,NA,NA,0,0,0,0,NA,0,0,0,0,0,0,0,0,0,0,NA,0,0,0,0,0,0,0,0,0,0,0,0,0,0,0,0,0,0,0,0,0,0,0,0,0,0
"01251","Carrots and turnips","FR",0,0,0,NA,0,0,0,0,0,0,NA,0,0,NA,NA,0,0,0,0,0,NA,NA,0,0,0,0,NA,0,0,NA,NA,NA,0,0,0,0,NA,0,0,0,0,0,0,0,0,0,0,NA,0,0,0,0,0,0,0,0,0,0,0,0,0,0,0,0,0,0,0,0,0,0,0,0,0,0
"01251","Carrots and turnips","GB",0,0,0,NA,0,0,0,0,0,0,NA,0,0,NA,NA,0,0,0,0,NA,NA,NA,0,0,0,NA,NA,0,0,NA,NA,NA,0,0,0,0,NA,0,0,0,0,0,0,0,0,0,0,NA,0,0,0,0,0,0,0,0,0,0,0,0,0,0,0,0,0,0,0,0,0,0,0,0,0,0
"01251","Carrots and turnips","GR",0,0,0,NA,0,0,0,0,0,0,NA,0,0,NA,NA,0,0,0,0,0,NA,NA,0,0,0,0,NA,0,0,NA,NA,NA,0,0,0,0,NA,0,0,0,0,0,0,0,0,0,0,NA,0,0,0,0,0,0,0,0,0,0,0,0,0,0,0,0,0,0,0,0,0,0,0,0,0,0
"01251","Carrots and turnips","HU",0,0,0,NA,0,0,0,0,0,0,NA,0,0,NA,NA,0,0,0,0,0,NA,NA,0,0,0,0,NA,0,0,NA,NA,NA,0,0,0,0,NA,0,0,0,0,0,0,0,0,0,0,NA,0,0,0,0,0,0,0,0,0,0,0,0,0,0,0,0,0,0,0,0,0,0,0,0,0,0
"01251","Carrots and turnips","IE",0,0,0,NA,0,0,0,0,0,0,NA,0,0,NA,NA,0,0,0,0,0,NA,NA,0,0,0,0,NA,0,0,NA,NA,NA,0,0,0,0,NA,0,0,0,0,0,0,0,0,0,0,NA,0,0,0,0,0,0,0,0,0,0,0,0,0,0,0,0,0,0,0,0,0,0,0,0,0,0
"01251","Carrots and turnips","IL",0,0,0,NA,0,0,0,0,0,0,NA,0,0,NA,NA,0,0,0,0,0,NA,NA,0,0,0,0,NA,0,0,NA,NA,NA,0,0,0,0,NA,0,0,0,0,0,0,0,0,0,0,NA,0,0,0,0,0,0,0,0,0,0,0,0,0,0,0,0,0,0,0,0,0,0,0,0,0,0
"01251","Carrots and turnips","IT",0,0,0,NA,0,0,0,0,0,0,NA,0,0,NA,NA,0,0,0,0,0,NA,NA,0,0,0,0,NA,0,0,NA,NA,NA,0,0,0,0,NA,0,0,0,0,0,0,0,0,0,0,NA,0,0,0,0,0,0,0,0,0,0,0,0,0,0,0,0,0,0,0,0,0,0,0,0,0,0
"01251","Carrots and turnips","NL",0,0,0,NA,0,0,0,0,0,NA,NA,0,0,NA,NA,0,0,0,0,NA,NA,NA,0,0,0,NA,NA,0,0,NA,NA,NA,0,0,0,0,NA,0,0,0,0,0,0,0,0,0,NA,NA,0,0,0,0,0,0,0,0,0,0,0,0,0,0,0,0,0,0,0,0,0,0,0,0,0,0
"01251","Carrots and turnips","PL",0,0,0,NA,0,0,0,0,0,0,NA,0,0,NA,NA,0,0,0,0,0,NA,NA,0,0,0,0,NA,0,0,NA,NA,NA,0,0,0,0,NA,0,0,0,0,0,0,0,0,0,0,NA,0,0,0,0,0,0,0,0,0,0,0,0,0,0,0,0,0,0,0,0,0,0,0,0,0,0
"01251","Carrots and turnips","SE",0,0,0,NA,0,0,0,0,0,0,NA,0,0,NA,NA,0,0,0,0,0,NA,NA,0,0,0,0,NA,0,0,NA,NA,NA,0,0,0,0,NA,0,0,0,0,0,0,0,0,0,0,NA,0,0,0,0,0,0,0,0,0,0,0,0,0,0,0,0,0,0,0,0,0,0,0,0,0,0
"01252","Green garlic","AR",0,0,0,NA,0,0,0,0,0,0,NA,0,0,NA,NA,0,0,0,0,0,NA,NA,0,0,0,0,NA,0,0,NA,NA,NA,0,0,0,0,NA,0,0,0,0,0,0,0,0,0,0,NA,0,0,0,0,0,0,0,0,0,0,0,0,0,0,0,0,0,0,0,0,0,0,0,0,0,0
"01252","Green garlic","CN",0,0,0,NA,0,0,0,0,0,0,NA,0,0,NA,NA,0,0,0,0,0,NA,NA,0,0,0,0,NA,0,0,NA,NA,NA,0,0,0,0,NA,0,0,0,0,0,0,0,0,0,0,NA,0,0,0,0,0,0,0,0,0,0,0,0,0,0,0,0,0,0,0,0,0,0,0,0,0,0
"01252","Green garlic","EG",0,0,0,NA,0,0,0,0,0,0,NA,NA,0,NA,NA,0,0,0,0,0,NA,NA,0,0,0,0,NA,0,0,NA,NA,NA,0,0,0,0,NA,0,0,0,0,0,0,0,0,0,0,NA,NA,0,0,0,0,0,0,0,0,0,0,0,0,0,0,0,0,0,0,0,0,0,0,0,0,0
"01252","Green garlic","ES",0,0,0,NA,0,0,0,0,0,0,NA,0,0,NA,NA,0,0,0,0,0,NA,NA,0,0,0,0,NA,0,0,NA,NA,NA,0,0,0,0,NA,0,0,0,0,0,0,0,0,0,0,NA,0,0,0,0,0,0,0,0,0,0,0,0,0,0,0,0,0,0,0,0,0,0,0,0,0,0
"01252","Green garlic","FR",0,0,0,NA,0,0,0,0,0,0,NA,0,0,NA,NA,0,0,0,0,0,NA,NA,0,0,0,0,NA,0,0,NA,NA,NA,0,0,0,0,NA,0,0,0,0,0,0,0,0,0,0,NA,0,0,0,0,0,0,0,0,0,0,0,0,0,0,0,0,0,0,0,0,0,0,0,0,0,0
"01252","Green garlic","GR",0,0,0,NA,0,0,0,0,0,0,NA,0,0,NA,NA,0,0,0,0,0,NA,NA,0,0,0,0,NA,0,0,NA,NA,NA,0,0,0,0,NA,0,0,0,0,0,0,0,0,0,0,NA,0,0,0,0,0,0,0,0,0,0,0,0,0,0,0,0,0,0,0,0,0,0,0,0,0,0
"01252","Green garlic","HU",0,0,0,NA,0,0,0,0,0,0,NA,0,0,NA,NA,0,0,0,0,0,NA,NA,0,0,0,0,NA,0,0,NA,NA,NA,0,0,0,0,NA,0,0,0,0,0,0,0,0,0,0,NA,0,0,0,0,0,0,0,0,0,0,0,0,0,0,0,0,0,0,0,0,0,0,0,0,0,0
"01252","Green garlic","IT",0,0,0,NA,0,0,0,0,0,0,NA,0,0,NA,NA,0,0,0,0,0,NA,NA,0,0,0,0,NA,0,0,NA,NA,NA,0,0,0,0,NA,0,0,0,0,0,0,0,0,0,0,NA,0,0,0,0,0,0,0,0,0,0,0,0,0,0,0,0,0,0,0,0,0,0,0,0,0,0
"01252","Green garlic","NL",0,0,0,NA,0,0,0,0,0,NA,NA,0,0,NA,NA,0,0,0,0,NA,NA,NA,0,0,0,NA,NA,0,0,NA,NA,NA,0,0,0,0,NA,0,0,0,0,0,0,0,0,0,NA,NA,0,0,0,0,0,0,0,0,0,0,0,0,0,0,0,0,0,0,0,0,0,0,0,0,0,0
"01252","Green garlic","PL",0,0,0,NA,0,0,0,0,0,0,NA,0,0,NA,NA,0,0,0,0,0,NA,NA,0,0,0,0,NA,0,0,NA,NA,NA,0,0,0,0,NA,0,0,0,0,0,0,0,0,0,0,NA,0,0,0,0,0,0,0,0,0,0,0,0,0,0,0,0,0,0,0,0,0,0,0,0,0,0
"01252","Green garlic","SE",0,0,0,NA,0,0,0,0,0,0,NA,0,0,NA,NA,0,0,0,0,0,NA,NA,0,0,0,0,NA,0,0,NA,NA,NA,0,0,0,0,NA,0,0,0,0,0,0,0,0,0,0,NA,0,0,0,0,0,0,0,0,0,0,0,0,0,0,0,0,0,0,0,0,0,0,0,0,0,0
"01252","Green garlic","TR",0,0,0,NA,0,0,0,0,0,NA,NA,0,0,NA,NA,0,0,0,0,NA,NA,NA,0,0,0,NA,NA,0,0,NA,NA,NA,0,0,0,0,NA,0,0,0,0,0,0,0,0,0,NA,NA,0,0,0,0,0,0,0,0,0,0,0,0,0,0,0,0,0,0,0,0,0,0,0,0,0,0
"01253.02","Onions and shallots, dry (excluding dehydrated)","AT",0,0,0,NA,0,0,0,0,0,0,NA,0,0,NA,NA,0,0,0,0,0,NA,NA,0,0,0,0,NA,0,0,NA,NA,NA,0,0,0,0,NA,0,0,0,0,0,0,0,0,0,0,NA,0,0,0,0,0,0,0,0,0,0,0,0,0,0,0,0,0,0,0,0,0,0,0,0,0,0
"01253.02","Onions and shallots, dry (excluding dehydrated)","BE",0,0,0,NA,0,0,0,0,0,0,NA,0,0,NA,NA,0,0,0,0,0,NA,NA,0,0,0,0,NA,0,0,NA,NA,NA,0,0,0,0,NA,0,0,0,0,0,0,0,0,0,0,NA,0,0,0,0,0,0,0,0,0,0,0,0,0,0,0,0,0,0,0,0,0,0,0,0,0,0
"01253.02","Onions and shallots, dry (excluding dehydrated)","CN",0,0,0,NA,0,0,0,0,0,0,NA,0,0,NA,NA,0,0,0,0,0,NA,NA,0,0,0,0,NA,0,0,NA,NA,NA,0,0,0,0,NA,0,0,0,0,0,0,0,0,0,0,NA,0,0,0,0,0,0,0,0,0,0,0,0,0,0,0,0,0,0,0,0,0,0,0,0,0,0
"01253.02","Onions and shallots, dry (excluding dehydrated)","DE",0,0,0,NA,0,0,0,0,0,0,NA,0,0,NA,NA,0,0,0,0,0,NA,NA,0,0,0,0,NA,0,0,NA,NA,NA,0,0,0,0,NA,0,0,0,0,0,0,0,0,0,0,NA,0,0,0,0,0,0,0,0,0,0,0,0,0,0,0,0,0,0,0,0,0,0,0,0,0,0
"01253.02","Onions and shallots, dry (excluding dehydrated)","DK",0,0,0,NA,0,0,0,0,0,0,0,0,0,NA,NA,0,0,0,0,0,NA,NA,0,0,0,0,NA,0,0,NA,NA,NA,0,0,0,0,NA,0,0,0,0,0,0,0,0,0,0,0,0,0,0,0,0,0,0,0,0,0,0,0,0,0,0,0,0,0,0,0,0,0,0,0,0,0
"01253.02","Onions and shallots, dry (excluding dehydrated)","EG",0,0,0,NA,0,0,0,0,0,0,NA,NA,0,NA,NA,0,0,0,0,0,NA,NA,0,0,0,0,NA,0,0,NA,NA,NA,0,0,0,0,NA,0,0,0,0,0,0,0,0,0,0,NA,NA,0,0,0,0,0,0,0,0,0,0,0,0,0,0,0,0,0,0,0,0,0,0,0,0,0
"01253.02","Onions and shallots, dry (excluding dehydrated)","ES",0,0,0,NA,0,0,0,0,0,0,NA,0,0,NA,NA,0,0,0,0,0,NA,NA,0,0,0,0,NA,0,0,NA,NA,NA,0,0,0,0,NA,0,0,0,0,0,0,0,0,0,0,NA,0,0,0,0,0,0,0,0,0,0,0,0,0,0,0,0,0,0,0,0,0,0,0,0,0,0
"01253.02","Onions and shallots, dry (excluding dehydrated)","FR",0,0,0,NA,0,0,0,0,0,0,NA,0,0,NA,NA,0,0,0,0,0,NA,NA,0,0,0,0,NA,0,0,NA,NA,NA,0,0,0,0,NA,0,0,0,0,0,0,0,0,0,0,NA,0,0,0,0,0,0,0,0,0,0,0,0,0,0,0,0,0,0,0,0,0,0,0,0,0,0
"01253.02","Onions and shallots, dry (excluding dehydrated)","GB",0,0,0,NA,0,0,0,0,0,0,NA,0,0,NA,NA,0,0,0,0,NA,NA,NA,0,0,0,NA,NA,0,0,NA,NA,NA,0,0,0,0,NA,0,0,0,0,0,0,0,0,0,0,NA,0,0,0,0,0,0,0,0,0,0,0,0,0,0,0,0,0,0,0,0,0,0,0,0,0,0
"01253.02","Onions and shallots, dry (excluding dehydrated)","GR",0,0,0,NA,0,0,0,0,0,0,NA,0,0,NA,NA,0,0,0,0,0,NA,NA,0,0,0,0,NA,0,0,NA,NA,NA,0,0,0,0,NA,0,0,0,0,0,0,0,0,0,0,NA,0,0,0,0,0,0,0,0,0,0,0,0,0,0,0,0,0,0,0,0,0,0,0,0,0,0
"01253.02","Onions and shallots, dry (excluding dehydrated)","HU",0,0,0,NA,0,0,0,0,0,0,NA,0,0,NA,NA,0,0,0,0,0,NA,NA,0,0,0,0,NA,0,0,NA,NA,NA,0,0,0,0,NA,0,0,0,0,0,0,0,0,0,0,NA,0,0,0,0,0,0,0,0,0,0,0,0,0,0,0,0,0,0,0,0,0,0,0,0,0,0
"01253.02","Onions and shallots, dry (excluding dehydrated)","IE",0,0,0,NA,0,0,0,0,0,0,NA,0,0,NA,NA,0,0,0,0,0,NA,NA,0,0,0,0,NA,0,0,NA,NA,NA,0,0,0,0,NA,0,0,0,0,0,0,0,0,0,0,NA,0,0,0,0,0,0,0,0,0,0,0,0,0,0,0,0,0,0,0,0,0,0,0,0,0,0
"01253.02","Onions and shallots, dry (excluding dehydrated)","IN",0,0,0,NA,0,0,0,0,0,0,NA,0,0,NA,NA,0,0,0,0,0,NA,NA,0,0,0,0,NA,0,0,NA,NA,NA,NA,0,0,0,NA,0,0,0,0,0,0,0,0,0,0,NA,0,0,0,0,0,0,0,0,0,0,0,0,0,0,0,0,0,0,0,0,0,0,0,0,0,0
"01253.02","Onions and shallots, dry (excluding dehydrated)","IT",0,0,0,NA,0,0,0,0,0,0,NA,0,0,NA,NA,0,0,0,0,0,NA,NA,0,0,0,0,NA,0,0,NA,NA,NA,0,0,0,0,NA,0,0,0,0,0,0,0,0,0,0,NA,0,0,0,0,0,0,0,0,0,0,0,0,0,0,0,0,0,0,0,0,0,0,0,0,0,0
"01253.02","Onions and shallots, dry (excluding dehydrated)","NL",0,0,0,NA,0,0,0,0,0,NA,NA,0,0,NA,NA,0,0,0,0,NA,NA,NA,0,0,0,NA,NA,0,0,NA,NA,NA,0,0,0,0,NA,0,0,0,0,0,0,0,0,0,NA,NA,0,0,0,0,0,0,0,0,0,0,0,0,0,0,0,0,0,0,0,0,0,0,0,0,0,0
"01253.02","Onions and shallots, dry (excluding dehydrated)","PE",0,0,0,NA,0,0,0,0,0,0,NA,0,0,NA,NA,0,0,0,0,0,NA,NA,0,0,0,0,NA,0,0,NA,NA,NA,0,0,0,0,NA,0,0,0,0,0,0,0,0,0,0,NA,0,0,0,0,0,0,0,0,0,0,0,0,0,0,0,0,0,0,0,0,0,0,0,0,0,0
"01253.02","Onions and shallots, dry (excluding dehydrated)","PL",0,0,0,NA,0,0,0,0,0,0,NA,0,0,NA,NA,0,0,0,0,0,NA,NA,0,0,0,0,NA,0,0,NA,NA,NA,0,0,0,0,NA,0,0,0,0,0,0,0,0,0,0,NA,0,0,0,0,0,0,0,0,0,0,0,0,0,0,0,0,0,0,0,0,0,0,0,0,0,0
"01253.02","Onions and shallots, dry (excluding dehydrated)","RU",0,0,0,NA,0,0,0,0,0,0,NA,0,0,NA,NA,0,0,0,0,NA,NA,NA,0,0,0,NA,NA,0,0,NA,NA,NA,0,0,0,0,NA,0,0,0,0,0,0,0,0,0,0,NA,0,0,0,0,0,0,0,0,0,0,0,0,0,0,0,0,0,0,0,0,0,0,0,0,0,0
"01253.02","Onions and shallots, dry (excluding dehydrated)","SE",0,0,0,NA,0,0,0,0,0,0,NA,0,0,NA,NA,0,0,0,0,0,NA,NA,0,0,0,0,NA,0,0,NA,NA,NA,0,0,0,0,NA,0,0,0,0,0,0,0,0,0,0,NA,0,0,0,0,0,0,0,0,0,0,0,0,0,0,0,0,0,0,0,0,0,0,0,0,0,0
"01253.02","Onions and shallots, dry (excluding dehydrated)","SK",0,0,0,NA,0,0,0,0,0,0,NA,0,0,NA,NA,0,0,0,0,0,NA,NA,0,0,0,0,NA,0,0,NA,NA,NA,0,0,0,0,NA,0,0,0,0,0,0,0,0,0,0,NA,0,0,0,0,0,0,0,0,0,0,0,0,0,0,0,0,0,0,0,0,0,0,0,0,0,0
"01253.02","Onions and shallots, dry (excluding dehydrated)","TN",0,0,0,NA,0,0,0,0,0,0,NA,0,0,NA,NA,0,0,0,0,0,NA,NA,0,0,0,0,NA,0,0,NA,NA,NA,0,0,0,0,NA,0,0,0,0,0,0,0,0,0,0,NA,0,0,0,0,0,0,0,0,0,0,0,0,0,0,0,0,0,0,0,0,0,0,0,0,0,0
"01253.02","Onions and shallots, dry (excluding dehydrated)","US",0,0,0,NA,0,0,0,0,0,0,NA,0,0,NA,NA,0,0,0,0,NA,NA,NA,0,0,0,NA,NA,0,0,NA,NA,NA,0,0,0,0,NA,0,0,0,0,0,0,0,0,0,0,NA,0,0,0,0,0,0,0,0,0,0,0,0,0,0,0,0,0,0,0,0,0,0,0,0,0,0
"01254","Leeks and other alliaceous vegetables","AT",0,0,0,NA,0,0,0,0,0,0,NA,0,0,NA,NA,0,0,0,0,0,NA,NA,0,0,0,0,NA,0,0,NA,NA,NA,0,0,0,0,NA,0,0,0,0,0,0,0,0,0,0,NA,0,0,0,0,0,0,0,0,0,0,0,0,0,0,0,0,0,0,0,0,0,0,0,0,0,0
"01254","Leeks and other alliaceous vegetables","BE",0,0,0,NA,0,0,0,0,0,0,NA,0,0,NA,NA,0,0,0,0,0,NA,NA,0,0,0,0,NA,0,0,NA,NA,NA,0,0,0,0,NA,0,0,0,0,0,0,0,0,0,0,NA,0,0,0,0,0,0,0,0,0,0,0,0,0,0,0,0,0,0,0,0,0,0,0,0,0,0
"01254","Leeks and other alliaceous vegetables","DE",0,0,0,NA,0,0,0,0,0,0,NA,0,0,NA,NA,0,0,0,0,0,NA,NA,0,0,0,0,NA,0,0,NA,NA,NA,0,0,0,0,NA,0,0,0,0,0,0,0,0,0,0,NA,0,0,0,0,0,0,0,0,0,0,0,0,0,0,0,0,0,0,0,0,0,0,0,0,0,0
"01254","Leeks and other alliaceous vegetables","DK",0,0,0,NA,0,0,0,0,0,0,0,0,0,NA,NA,0,0,0,0,0,NA,NA,0,0,0,0,NA,0,0,NA,NA,NA,0,0,0,0,NA,0,0,0,0,0,0,0,0,0,0,0,0,0,0,0,0,0,0,0,0,0,0,0,0,0,0,0,0,0,0,0,0,0,0,0,0,0
"01254","Leeks and other alliaceous vegetables","ES",0,0,0,NA,0,0,0,0,0,0,NA,0,0,NA,NA,0,0,0,0,0,NA,NA,0,0,0,0,NA,0,0,NA,NA,NA,0,0,0,0,NA,0,0,0,0,0,0,0,0,0,0,NA,0,0,0,0,0,0,0,0,0,0,0,0,0,0,0,0,0,0,0,0,0,0,0,0,0,0
"01254","Leeks and other alliaceous vegetables","FR",0,0,0,NA,0,0,0,0,0,0,NA,0,0,NA,NA,0,0,0,0,0,NA,NA,0,0,0,0,NA,0,0,NA,NA,NA,0,0,0,0,NA,0,0,0,0,0,0,0,0,0,0,NA,0,0,0,0,0,0,0,0,0,0,0,0,0,0,0,0,0,0,0,0,0,0,0,0,0,0
"01254","Leeks and other alliaceous vegetables","GB",0,0,0,NA,0,0,0,0,0,0,NA,0,0,NA,NA,0,0,0,0,NA,NA,NA,0,0,0,NA,NA,0,0,NA,NA,NA,0,0,0,0,NA,0,0,0,0,0,0,0,0,0,0,NA,0,0,0,0,0,0,0,0,0,0,0,0,0,0,0,0,0,0,0,0,0,0,0,0,0,0
"01254","Leeks and other alliaceous vegetables","GR",0,0,0,NA,0,0,0,0,0,0,NA,0,0,NA,NA,0,0,0,0,0,NA,NA,0,0,0,0,NA,0,0,NA,NA,NA,0,0,0,0,NA,0,0,0,0,0,0,0,0,0,0,NA,0,0,0,0,0,0,0,0,0,0,0,0,0,0,0,0,0,0,0,0,0,0,0,0,0,0
"01254","Leeks and other alliaceous vegetables","HU",0,0,0,NA,0,0,0,0,0,0,NA,0,0,NA,NA,0,0,0,0,0,NA,NA,0,0,0,0,NA,0,0,NA,NA,NA,0,0,0,0,NA,0,0,0,0,0,0,0,0,0,0,NA,0,0,0,0,0,0,0,0,0,0,0,0,0,0,0,0,0,0,0,0,0,0,0,0,0,0
"01254","Leeks and other alliaceous vegetables","IE",0,0,0,NA,0,0,0,0,0,0,NA,0,0,NA,NA,0,0,0,0,0,NA,NA,0,0,0,0,NA,0,0,NA,NA,NA,0,0,0,0,NA,0,0,0,0,0,0,0,0,0,0,NA,0,0,0,0,0,0,0,0,0,0,0,0,0,0,0,0,0,0,0,0,0,0,0,0,0,0
"01254","Leeks and other alliaceous vegetables","IT",0,0,0,NA,0,0,0,0,0,0,NA,0,0,NA,NA,0,0,0,0,0,NA,NA,0,0,0,0,NA,0,0,NA,NA,NA,0,0,0,0,NA,0,0,0,0,0,0,0,0,0,0,NA,0,0,0,0,0,0,0,0,0,0,0,0,0,0,0,0,0,0,0,0,0,0,0,0,0,0
"01254","Leeks and other alliaceous vegetables","MX",0,0,0,NA,0,0,0,0,0,0,NA,0,0,NA,NA,0,0,0,0,NA,NA,NA,0,0,0,NA,NA,0,0,NA,NA,NA,0,0,0,0,NA,0,0,0,0,0,0,0,0,0,0,NA,0,0,0,0,0,0,0,0,0,0,0,0,0,0,0,0,0,0,0,0,0,0,0,0,0,0
"01254","Leeks and other alliaceous vegetables","NL",0,0,0,NA,0,0,0,0,0,NA,NA,0,0,NA,NA,0,0,0,0,NA,NA,NA,0,0,0,NA,NA,0,0,NA,NA,NA,0,0,0,0,NA,0,0,0,0,0,0,0,0,0,NA,NA,0,0,0,0,0,0,0,0,0,0,0,0,0,0,0,0,0,0,0,0,0,0,0,0,0,0
"01254","Leeks and other alliaceous vegetables","PL",0,0,0,NA,0,0,0,0,0,0,NA,0,0,NA,NA,0,0,0,0,0,NA,NA,0,0,0,0,NA,0,0,NA,NA,NA,0,0,0,0,NA,0,0,0,0,0,0,0,0,0,0,NA,0,0,0,0,0,0,0,0,0,0,0,0,0,0,0,0,0,0,0,0,0,0,0,0,0,0
"01254","Leeks and other alliaceous vegetables","PT",0,0,0,NA,0,0,0,0,0,0,NA,0,0,NA,NA,0,0,0,0,0,NA,NA,0,0,0,0,NA,0,0,NA,NA,NA,0,0,0,0,NA,0,0,0,0,0,0,0,0,0,0,NA,0,0,0,0,0,0,0,0,0,0,0,0,0,0,0,0,0,0,0,0,0,0,0,0,0,0
"01254","Leeks and other alliaceous vegetables","SE",0,0,0,NA,0,0,0,0,0,0,NA,0,0,NA,NA,0,0,0,0,0,NA,NA,0,0,0,0,NA,0,0,NA,NA,NA,0,0,0,0,NA,0,0,0,0,0,0,0,0,0,0,NA,0,0,0,0,0,0,0,0,0,0,0,0,0,0,0,0,0,0,0,0,0,0,0,0,0,0
"01254","Leeks and other alliaceous vegetables","TR",0,0,0,NA,0,0,0,0,0,NA,NA,0,0,NA,NA,0,0,0,0,NA,NA,NA,0,0,0,NA,NA,0,0,NA,NA,NA,0,0,0,0,NA,0,0,0,0,0,0,0,0,0,NA,NA,0,0,0,0,0,0,0,0,0,0,0,0,0,0,0,0,0,0,0,0,0,0,0,0,0,0
"01270","Mushrooms and truffles","RoW",0,NA,NA,NA,NA,NA,NA,NA,NA,0,NA,NA,NA,NA,NA,NA,NA,NA,NA,NA,NA,NA,NA,NA,NA,NA,NA,NA,NA,NA,NA,NA,NA,NA,NA,NA,NA,0,0,0,0,0,NA,0,0,0,0,0,0,0,NA,NA,NA,NA,NA,NA,NA,NA,NA,NA,NA,NA,NA,NA,NA,NA,NA,NA,NA,NA,NA,NA,NA,NA
"01290.01","Green corn (maize)","CN",0,0,0,NA,0,0,0,0,0,0,NA,0,0,NA,NA,0,0,0,0,0,NA,NA,0,0,0,0,NA,0,0,NA,NA,NA,0,0,0,0,NA,0,0,0,0,0,0,0,0,0,0,NA,0,0,0,0,0,0,0,0,0,0,0,0,0,0,0,0,0,0,0,0,0,0,0,0,0,0
"01290.01","Green corn (maize)","FR",0,0,0,NA,0,0,0,0,0,0,NA,0,0,NA,NA,0,0,0,0,0,NA,NA,0,0,0,0,NA,0,0,NA,NA,NA,0,0,0,0,NA,0,0,0,0,0,0,0,0,0,0,NA,0,0,0,0,0,0,0,0,0,0,0,0,0,0,0,0,0,0,0,0,0,0,0,0,0,0
"01290.01","Green corn (maize)","HR",0,0,0,NA,0,0,0,0,0,0,NA,0,0,NA,NA,0,0,0,0,0,NA,NA,0,0,0,0,NA,0,0,NA,NA,NA,0,0,0,0,NA,0,0,0,0,0,0,0,0,0,0,NA,0,0,0,0,0,0,0,0,0,0,0,0,0,0,0,0,0,0,0,0,0,0,0,0,0,0
"01290.01","Green corn (maize)","MD",0,0,0,NA,0,0,0,0,0,0,NA,0,0,NA,NA,0,0,0,0,NA,NA,NA,0,0,0,NA,NA,0,0,NA,NA,NA,0,0,0,0,NA,0,0,0,0,0,0,0,0,0,0,NA,0,0,0,0,0,0,0,0,0,0,0,0,0,0,0,0,0,0,0,0,0,0,0,0,0,0
"01290.01","Green corn (maize)","PE",0,0,0,NA,0,0,0,0,0,0,NA,0,0,NA,NA,0,0,0,0,0,NA,NA,0,0,0,0,NA,0,0,NA,NA,NA,0,0,0,0,NA,0,0,0,0,0,0,0,0,0,0,NA,0,0,0,0,0,0,0,0,0,0,0,0,0,0,0,0,0,0,0,0,0,0,0,0,0,0
"01290.01","Green corn (maize)","RS",0,0,0,NA,0,0,0,0,0,0,NA,0,0,NA,NA,0,0,0,0,NA,NA,NA,0,0,0,NA,NA,0,0,NA,NA,NA,0,0,0,0,NA,0,0,0,0,0,0,0,0,0,0,NA,0,0,0,0,0,0,0,0,0,0,0,0,0,0,0,0,0,0,0,0,0,0,0,0,0,0
"01290.01","Green corn (maize)","TH",0,0,0,NA,0,0,0,0,0,0,NA,0,0,NA,NA,0,0,0,0,0,NA,NA,0,0,0,0,NA,0,0,NA,NA,NA,NA,0,0,0,NA,0,0,0,0,0,0,0,0,0,0,NA,0,0,0,0,0,0,0,0,0,0,0,0,0,0,0,0,0,0,0,0,0,0,0,0,0,0
"01290.01","Green corn (maize)","UA",0,0,0,NA,0,0,0,0,0,0,NA,0,0,NA,NA,0,0,0,0,0,NA,NA,0,0,0,0,NA,0,0,NA,NA,NA,0,0,0,0,NA,0,0,0,0,0,0,0,0,0,0,NA,0,0,0,0,0,0,0,0,0,0,0,0,0,0,0,0,0,0,0,0,0,0,0,0,0,0
"01290.01","Green corn (maize)","US",0,0,0,NA,0,0,0,0,0,0,NA,0,0,NA,NA,0,0,0,0,NA,NA,NA,0,0,0,NA,NA,0,0,NA,NA,NA,0,0,0,0,NA,0,0,0,0,0,0,0,0,0,0,NA,0,0,0,0,0,0,0,0,0,0,0,0,0,0,0,0,0,0,0,0,0,0,0,0,0,0
"01311","Avocados","BR",0,0,0,NA,0,0,0,0,0,0,NA,0,0,NA,NA,0,0,0,0,0,NA,NA,0,0,0,0,NA,0,0,NA,NA,NA,0,0,0,0,NA,0,0,0,0,0,0,0,0,0,0,NA,0,0,0,0,0,0,0,0,0,0,0,0,0,0,0,0,0,0,0,0,0,0,0,0,0,0
"01311","Avocados","CL",0,0,0,NA,0,0,0,0,0,0,NA,0,0,NA,NA,0,0,0,0,0,NA,NA,0,0,0,0,NA,0,0,NA,NA,NA,0,0,0,0,NA,0,0,0,0,0,0,0,0,0,0,NA,0,0,0,0,0,0,0,0,0,0,0,0,0,0,0,0,0,0,0,0,0,0,0,0,0,0
"01311","Avocados","CO",0,0,0,NA,0,0,0,0,0,0,NA,0,0,NA,NA,0,0,0,0,0,NA,NA,0,0,0,0,NA,0,0,NA,NA,NA,0,0,0,0,NA,0,0,0,0,0,0,0,0,0,0,NA,0,0,0,0,0,0,0,0,0,0,0,0,0,0,0,0,0,0,0,0,0,0,0,0,0,0
"01311","Avocados","DO",0,0,0,NA,0,0,0,0,0,0,NA,0,0,NA,NA,0,0,0,0,0,NA,NA,0,0,0,0,NA,0,0,NA,NA,NA,0,0,0,0,NA,0,0,0,0,0,0,0,0,0,0,NA,0,0,0,0,0,0,0,0,0,0,0,0,0,0,0,0,0,0,0,0,0,0,0,0,0,0
"01311","Avocados","ES",0,0,0,NA,0,0,0,0,0,0,NA,0,0,NA,NA,0,0,0,0,0,NA,NA,0,0,0,0,NA,0,0,NA,NA,NA,0,0,0,0,NA,0,0,0,0,0,0,0,0,0,0,NA,0,0,0,0,0,0,0,0,0,0,0,0,0,0,0,0,0,0,0,0,0,0,0,0,0,0
"01311","Avocados","GR",0,0,0,NA,0,0,0,0,0,0,NA,0,0,NA,NA,0,0,0,0,0,NA,NA,0,0,0,0,NA,0,0,NA,NA,NA,0,0,0,0,NA,0,0,0,0,0,0,0,0,0,0,NA,0,0,0,0,0,0,0,0,0,0,0,0,0,0,0,0,0,0,0,0,0,0,0,0,0,0
"01311","Avocados","IL",0,0,0,NA,0,0,0,0,0,0,NA,0,0,NA,NA,0,0,0,0,0,NA,NA,0,0,0,0,NA,0,0,NA,NA,NA,0,0,0,0,NA,0,0,0,0,0,0,0,0,0,0,NA,0,0,0,0,0,0,0,0,0,0,0,0,0,0,0,0,0,0,0,0,0,0,0,0,0,0
"01311","Avocados","KE",0,0,0,NA,0,0,0,0,0,0,NA,0,0,NA,NA,0,0,0,0,0,NA,NA,0,0,0,0,NA,0,0,NA,NA,NA,0,0,0,0,NA,0,0,0,0,0,0,0,0,0,0,NA,0,0,0,0,0,0,0,0,0,0,0,0,0,0,0,0,0,0,0,0,0,0,0,0,0,0
"01311","Avocados","MA",0,0,0,NA,0,0,0,0,0,0,NA,0,0,NA,NA,0,0,0,0,0,NA,NA,0,0,0,0,NA,0,0,NA,NA,NA,0,0,0,0,NA,0,0,0,0,0,0,0,0,0,0,NA,0,0,0,0,0,0,0,0,0,0,0,0,0,0,0,0,0,0,0,0,0,0,0,0,0,0
"01311","Avocados","MX",0,0,0,NA,0,0,0,0,0,0,NA,0,0,NA,NA,0,0,0,0,NA,NA,NA,0,0,0,NA,NA,0,0,NA,NA,NA,0,0,0,0,NA,0,0,0,0,0,0,0,0,0,0,NA,0,0,0,0,0,0,0,0,0,0,0,0,0,0,0,0,0,0,0,0,0,0,0,0,0,0
"01311","Avocados","PE",0,0,0,NA,0,0,0,0,0,0,NA,0,0,NA,NA,0,0,0,0,0,NA,NA,0,0,0,0,NA,0,0,NA,NA,NA,0,0,0,0,NA,0,0,0,0,0,0,0,0,0,0,NA,0,0,0,0,0,0,0,0,0,0,0,0,0,0,0,0,0,0,0,0,0,0,0,0,0,0
"01311","Avocados","PT",0,0,0,NA,0,0,0,0,0,0,NA,0,0,NA,NA,0,0,0,0,0,NA,NA,0,0,0,0,NA,0,0,NA,NA,NA,0,0,0,0,NA,0,0,0,0,0,0,0,0,0,0,NA,0,0,0,0,0,0,0,0,0,0,0,0,0,0,0,0,0,0,0,0,0,0,0,0,0,0
"01311","Avocados","ZA",0,0,0,NA,0,0,0,0,0,0,NA,0,0,NA,NA,0,0,0,0,0,NA,NA,0,0,0,0,NA,0,0,NA,NA,NA,0,0,0,0,NA,0,0,0,0,0,0,0,0,0,0,NA,0,0,0,0,0,0,0,0,0,0,0,0,0,0,0,0,0,0,0,0,0,0,0,0,0,0
"01312","Bananas","BZ",0,0,0,NA,0,0,0,0,0,NA,0,0,0,NA,NA,0,0,0,0,0,NA,NA,0,0,0,0,NA,0,0,NA,NA,NA,NA,0,0,0,NA,0,0,0,0,0,0,0,0,0,0,0,0,0,0,0,0,0,0,0,0,0,0,0,0,0,0,0,0,0,0,0,0,0,0,0,0,0
"01312","Bananas","CI",0,0,0,NA,0,0,0,0,0,NA,0,0,0,NA,NA,0,0,0,0,0,NA,NA,0,0,0,0,NA,0,0,NA,NA,NA,NA,0,0,0,NA,0,0,0,0,0,0,0,0,0,NA,0,0,0,0,0,0,0,0,0,0,0,0,0,0,0,0,0,0,0,0,0,0,0,0,0,0,0
"01312","Bananas","CM",0,0,0,NA,0,0,0,0,0,0,0,0,0,NA,NA,0,0,0,0,0,NA,NA,0,0,0,0,NA,0,0,NA,NA,NA,NA,0,0,0,NA,0,0,0,0,0,0,0,0,0,0,0,0,0,0,0,0,0,0,0,0,0,0,0,0,0,0,0,0,0,0,0,0,0,0,0,0,0
"01312","Bananas","CO",0,0,0,NA,0,0,0,0,0,0,0,0,0,NA,NA,0,0,0,0,0,NA,NA,0,0,0,0,NA,0,0,NA,NA,NA,0,0,0,0,NA,0,0,0,0,0,0,0,0,0,0,0,0,0,0,0,0,0,0,0,0,0,0,0,0,0,0,0,0,0,0,0,0,0,0,0,0,0
"01312","Bananas","CR",0,0,0,NA,0,0,0,0,0,NA,0,0,0,NA,NA,0,0,0,0,0,NA,NA,0,0,0,0,NA,0,0,NA,NA,NA,0,0,0,0,NA,0,0,0,0,0,0,0,0,0,0,0,0,0,0,0,0,0,0,0,0,0,0,0,0,0,0,0,0,0,0,0,0,0,0,0,0,0
"01312","Bananas","DO",0,0,0,NA,0,0,0,0,0,NA,0,0,0,NA,NA,0,0,0,0,0,NA,NA,0,0,0,0,NA,0,0,NA,NA,NA,0,0,0,0,NA,0,0,0,0,0,0,0,0,0,0,0,0,0,0,0,0,0,0,0,0,0,0,0,0,0,0,0,0,0,0,0,0,0,0,0,0,0
"01312","Bananas","EC",0,0,0,NA,0,0,0,0,0,0,0,0,0,NA,NA,0,0,0,0,0,NA,NA,0,0,0,0,NA,0,0,NA,NA,NA,0,0,0,0,NA,0,0,0,0,0,0,0,0,0,0,0,0,0,0,0,0,0,0,0,0,0,0,0,0,0,0,0,0,0,0,0,0,0,0,0,0,0
"01312","Bananas","ES",0,0,0,NA,0,0,0,0,0,NA,0,0,0,NA,NA,0,0,0,0,0,NA,NA,0,0,0,0,NA,0,0,NA,NA,NA,0,0,0,0,NA,0,0,0,0,0,0,0,0,0,0,0,0,0,0,0,0,0,0,0,0,0,0,0,0,0,0,0,0,0,0,0,0,0,0,0,0,0
"01312","Bananas","FR",0,0,0,NA,0,0,0,0,0,NA,0,0,0,NA,NA,0,0,0,0,0,NA,NA,0,0,0,0,NA,0,0,NA,NA,NA,0,0,0,0,NA,0,0,0,0,0,0,0,0,0,NA,0,0,0,0,0,0,0,0,0,0,0,0,0,0,0,0,0,0,0,0,0,0,0,0,0,0,0
"01312","Bananas","GH",0,0,0,NA,0,0,0,0,0,NA,0,0,0,NA,NA,0,0,0,0,0,NA,NA,0,0,0,0,NA,0,0,NA,NA,NA,0,0,0,0,NA,0,0,0,0,0,0,0,0,0,0,0,0,0,0,0,0,0,0,0,0,0,0,0,0,0,0,0,0,0,0,0,0,0,0,0,0,0
"01312","Bananas","GT",0,0,0,NA,0,0,0,0,0,0,0,0,0,NA,NA,0,0,0,0,0,NA,NA,0,0,0,0,NA,0,0,NA,NA,NA,0,0,0,0,NA,0,0,0,0,0,0,0,0,0,0,0,0,0,0,0,0,0,0,0,0,0,0,0,0,0,0,0,0,0,0,0,0,0,0,0,0,0
"01312","Bananas","HN",0,0,0,NA,0,0,0,0,0,0,0,0,0,NA,NA,0,0,0,0,0,NA,NA,0,0,0,0,NA,0,0,NA,NA,NA,0,0,0,0,NA,0,0,0,0,0,0,0,0,0,0,0,0,0,0,0,0,0,0,0,0,0,0,0,0,0,0,0,0,0,0,0,0,0,0,0,0,0
"01312","Bananas","NI",0,0,0,NA,0,0,0,0,0,0,0,0,0,NA,NA,0,0,0,0,0,NA,NA,0,0,0,0,NA,0,0,NA,NA,NA,0,0,0,0,NA,0,0,0,0,0,0,0,0,0,0,0,0,0,0,0,0,0,0,0,0,0,0,0,0,0,0,0,0,0,0,0,0,0,0,0,0,0
"01312","Bananas","PA",0,0,0,NA,0,0,0,0,0,0,0,0,0,NA,NA,0,0,0,0,0,NA,NA,0,0,0,0,NA,0,0,NA,NA,NA,0,0,0,0,NA,0,0,0,0,0,0,0,0,0,0,0,0,0,0,0,0,0,0,0,0,0,0,0,0,0,0,0,0,0,0,0,0,0,0,0,0,0
"01312","Bananas","PE",0,0,0,NA,0,0,0,0,0,0,0,0,0,NA,NA,0,0,0,0,0,NA,NA,0,0,0,0,NA,0,0,NA,NA,NA,0,0,0,0,NA,0,0,0,0,0,0,0,0,0,0,0,0,0,0,0,0,0,0,0,0,0,0,0,0,0,0,0,0,0,0,0,0,0,0,0,0,0
"01312","Bananas","SR",0,0,0,NA,0,0,0,0,0,NA,0,0,0,NA,NA,0,0,0,0,0,NA,NA,0,0,0,0,NA,0,0,NA,NA,NA,0,0,0,0,NA,0,0,0,0,0,0,0,0,0,0,0,0,0,0,0,0,0,0,0,0,0,0,0,0,0,0,0,0,0,0,0,0,0,0,0,0,0
"01314","Dates","AE",0,0,0,NA,0,0,0,0,0,0,NA,0,NA,NA,NA,NA,0,0,0,NA,NA,NA,NA,0,0,NA,NA,0,0,NA,NA,NA,NA,0,0,0,NA,0,0,0,0,0,0,0,0,0,0,NA,0,0,0,0,0,0,0,0,0,0,0,0,0,0,0,0,0,0,0,0,0,0,0,0,0,0
"01314","Dates","DZ",0,0,0,NA,0,0,0,0,0,0,NA,0,0,NA,NA,0,0,0,0,0,NA,NA,0,0,0,0,NA,0,0,NA,NA,NA,0,0,0,0,NA,0,0,0,0,0,0,0,0,0,0,NA,0,0,0,0,0,0,0,0,0,0,0,0,0,0,0,0,0,0,0,0,0,0,0,0,0,0
"01314","Dates","EG",0,0,0,NA,0,0,0,0,0,0,NA,NA,0,NA,NA,0,0,0,0,0,NA,NA,0,0,0,0,NA,0,0,NA,NA,NA,0,0,0,0,NA,0,0,0,0,0,0,0,0,0,0,NA,NA,0,0,0,0,0,0,0,0,0,0,0,0,0,0,0,0,0,0,0,0,0,0,0,0,0
"01314","Dates","IL",0,0,0,NA,0,0,0,0,0,0,NA,0,0,NA,NA,0,0,0,0,0,NA,NA,0,0,0,0,NA,0,0,NA,NA,NA,0,0,0,0,NA,0,0,0,0,0,0,0,0,0,0,NA,0,0,0,0,0,0,0,0,0,0,0,0,0,0,0,0,0,0,0,0,0,0,0,0,0,0
"01314","Dates","IQ",0,0,0,NA,0,0,0,0,0,0,NA,0,0,NA,NA,0,0,0,0,0,NA,NA,0,0,0,0,NA,0,0,NA,NA,NA,NA,0,0,0,NA,0,0,0,0,0,0,0,0,0,0,NA,0,0,0,0,0,0,0,0,0,0,0,0,0,0,0,0,0,0,0,0,0,0,0,0,0,0
"01314","Dates","IR",0,0,0,NA,0,0,0,0,0,0,NA,0,0,NA,NA,0,0,0,0,NA,NA,NA,0,0,0,NA,NA,0,0,NA,NA,NA,0,0,0,0,NA,0,0,0,0,0,0,0,0,0,0,NA,0,0,0,0,0,0,0,0,0,0,0,0,0,0,0,0,0,0,0,0,0,0,0,0,0,0
"01314","Dates","JO",0,0,0,NA,0,0,0,0,0,0,NA,0,0,NA,NA,0,0,0,0,0,NA,NA,0,0,0,0,NA,0,0,NA,NA,NA,NA,0,0,0,NA,0,0,0,0,0,0,0,0,0,0,NA,0,0,0,0,0,0,0,0,0,0,0,0,0,0,0,0,0,0,0,0,0,0,0,0,0,0
"01314","Dates","MX",0,0,0,NA,0,0,0,0,0,0,NA,0,0,NA,NA,0,0,0,0,NA,NA,NA,0,0,0,NA,NA,0,0,NA,NA,NA,0,0,0,0,NA,0,0,0,0,0,0,0,0,0,0,NA,0,0,0,0,0,0,0,0,0,0,0,0,0,0,0,0,0,0,0,0,0,0,0,0,0,0
"01314","Dates","PK",0,0,0,NA,0,0,0,0,0,0,NA,0,0,NA,NA,0,0,0,0,0,NA,NA,0,0,0,0,NA,0,0,NA,NA,NA,0,0,0,0,NA,0,0,0,0,0,0,0,0,0,0,NA,0,0,0,0,0,0,0,0,0,0,0,0,0,0,0,0,0,0,0,0,0,0,0,0,0,0
"01314","Dates","PS",0,0,0,NA,0,0,0,0,0,0,NA,0,NA,NA,NA,NA,0,0,0,0,NA,NA,NA,0,0,0,NA,0,0,NA,NA,NA,NA,0,0,0,NA,0,0,0,0,0,0,0,0,0,0,NA,0,0,0,0,0,0,0,0,0,0,0,0,0,0,0,0,0,0,0,0,0,0,0,0,0,0
"01314","Dates","SA",0,0,0,NA,0,0,0,0,0,0,NA,0,0,NA,NA,0,0,0,0,NA,NA,NA,0,0,0,NA,NA,0,0,NA,NA,NA,NA,0,0,0,NA,0,0,0,0,0,0,0,0,0,0,NA,0,0,0,0,0,0,0,0,0,0,0,0,0,0,0,0,0,0,0,0,0,0,0,0,0,0
"01314","Dates","TN",0,0,0,NA,0,0,0,0,0,0,NA,0,0,NA,NA,0,0,0,0,0,NA,NA,0,0,0,0,NA,0,0,NA,NA,NA,0,0,0,0,NA,0,0,0,0,0,0,0,0,0,0,NA,0,0,0,0,0,0,0,0,0,0,0,0,0,0,0,0,0,0,0,0,0,0,0,0,0,0
"01314","Dates","US",0,0,0,NA,0,0,0,0,0,0,NA,0,0,NA,NA,0,0,0,0,NA,NA,NA,0,0,0,NA,NA,0,0,NA,NA,NA,0,0,0,0,NA,0,0,0,0,0,0,0,0,0,0,NA,0,0,0,0,0,0,0,0,0,0,0,0,0,0,0,0,0,0,0,0,0,0,0,0,0,0
"01315","Figs","BR",0,0,0,NA,0,0,0,0,0,0,NA,0,0,NA,NA,0,0,0,0,0,NA,NA,0,0,0,0,NA,0,0,NA,NA,NA,0,0,0,0,NA,0,0,0,0,0,0,0,0,0,0,NA,0,0,0,0,0,0,0,0,0,0,0,0,0,0,0,0,0,0,0,0,0,0,0,0,0,0
"01315","Figs","ES",0,0,0,NA,0,0,0,0,0,0,NA,0,0,NA,NA,0,0,0,0,0,NA,NA,0,0,0,0,NA,0,0,NA,NA,NA,0,0,0,0,NA,0,0,0,0,0,0,0,0,0,0,NA,0,0,0,0,0,0,0,0,0,0,0,0,0,0,0,0,0,0,0,0,0,0,0,0,0,0
"01315","Figs","FR",0,0,0,NA,0,0,0,0,0,0,NA,0,0,NA,NA,0,0,0,0,0,NA,NA,0,0,0,0,NA,0,0,NA,NA,NA,0,0,0,0,NA,0,0,0,0,0,0,0,0,0,0,NA,0,0,0,0,0,0,0,0,0,0,0,0,0,0,0,0,0,0,0,0,0,0,0,0,0,0
"01315","Figs","GR",0,0,0,NA,0,0,0,0,0,0,NA,0,0,NA,NA,0,0,0,0,0,NA,NA,0,0,0,0,NA,0,0,NA,NA,NA,0,0,0,0,NA,0,0,0,0,0,0,0,0,0,0,NA,0,0,0,0,0,0,0,0,0,0,0,0,0,0,0,0,0,0,0,0,0,0,0,0,0,0
"01315","Figs","IT",0,0,0,NA,0,0,0,0,0,0,NA,0,0,NA,NA,0,0,0,0,0,NA,NA,0,0,0,0,NA,0,0,NA,NA,NA,0,0,0,0,NA,0,0,0,0,0,0,0,0,0,0,NA,0,0,0,0,0,0,0,0,0,0,0,0,0,0,0,0,0,0,0,0,0,0,0,0,0,0
"01315","Figs","PE",0,0,0,NA,0,0,0,0,0,0,NA,0,0,NA,NA,0,0,0,0,0,NA,NA,0,0,0,0,NA,0,0,NA,NA,NA,0,0,0,0,NA,0,0,0,0,0,0,0,0,0,0,NA,0,0,0,0,0,0,0,0,0,0,0,0,0,0,0,0,0,0,0,0,0,0,0,0,0,0
"01315","Figs","TR",0,0,0,NA,0,0,0,0,0,NA,NA,0,0,NA,NA,0,0,0,0,NA,NA,NA,0,0,0,NA,NA,0,0,NA,NA,NA,0,0,0,0,NA,0,0,0,0,0,0,0,0,0,NA,NA,0,0,0,0,0,0,0,0,0,0,0,0,0,0,0,0,0,0,0,0,0,0,0,0,0,0
"01316","Mangoes, guavas and mangosteens","BD",0,0,0,NA,0,0,0,0,0,0,NA,0,0,NA,NA,0,0,0,0,0,NA,NA,0,0,0,0,NA,0,0,NA,NA,NA,NA,0,0,0,NA,0,0,0,0,0,0,0,0,0,0,NA,0,0,0,0,0,0,0,0,0,0,0,0,0,0,0,0,0,0,0,0,0,0,0,0,0,0
"01316","Mangoes, guavas and mangosteens","BF",0,0,0,NA,0,0,0,0,0,NA,NA,0,0,NA,NA,0,0,0,0,0,NA,NA,0,0,0,0,NA,0,0,NA,NA,NA,NA,0,0,0,NA,0,0,0,0,0,0,0,0,0,0,NA,0,0,0,0,0,0,0,0,0,0,0,0,0,0,0,0,0,0,0,0,0,0,0,0,0,0
"01316","Mangoes, guavas and mangosteens","BR",0,0,0,NA,0,0,0,0,0,0,NA,0,0,NA,NA,0,0,0,0,NA,NA,NA,0,0,0,NA,NA,0,0,NA,NA,NA,0,0,0,0,NA,0,0,0,0,0,0,0,0,0,0,NA,0,0,0,0,0,0,0,0,0,0,0,0,0,0,0,0,0,0,0,0,0,0,0,0,0,0
"01316","Mangoes, guavas and mangosteens","CI",0,0,0,NA,0,0,0,0,0,NA,NA,0,0,NA,NA,0,0,0,0,0,NA,NA,0,0,0,0,NA,0,0,NA,NA,NA,NA,0,0,0,NA,0,0,0,0,0,0,0,0,0,NA,NA,0,0,0,0,0,0,0,0,0,0,0,0,0,0,0,0,0,0,0,0,0,0,0,0,0,0
"01316","Mangoes, guavas and mangosteens","DO",0,0,0,NA,0,0,0,0,0,0,NA,0,0,NA,NA,0,0,0,0,0,NA,NA,0,0,0,0,NA,0,0,NA,NA,NA,0,0,0,0,NA,0,0,0,0,0,0,0,0,0,0,NA,0,0,0,0,0,0,0,0,0,0,0,0,0,0,0,0,0,0,0,0,0,0,0,0,0,0
"01316","Mangoes, guavas and mangosteens","EG",0,0,0,NA,0,0,0,0,0,0,NA,NA,0,NA,NA,0,0,0,0,0,NA,NA,0,0,0,0,NA,0,0,NA,NA,NA,0,0,0,0,NA,0,0,0,0,0,0,0,0,0,0,NA,NA,0,0,0,0,0,0,0,0,0,0,0,0,0,0,0,0,0,0,0,0,0,0,0,0,0
"01316","Mangoes, guavas and mangosteens","ES",0,0,0,NA,0,0,0,0,0,0,NA,0,0,NA,NA,0,0,0,0,0,NA,NA,0,0,0,0,NA,0,0,NA,NA,NA,0,0,0,0,NA,0,0,0,0,0,0,0,0,0,0,NA,0,0,0,0,0,0,0,0,0,0,0,0,0,0,0,0,0,0,0,0,0,0,0,0,0,0
"01316","Mangoes, guavas and mangosteens","GT",0,0,0,NA,0,0,0,0,0,0,NA,0,0,NA,NA,0,0,0,0,0,NA,NA,0,0,0,0,NA,0,0,NA,NA,NA,0,0,0,0,NA,0,0,0,0,0,0,0,0,0,0,NA,0,0,0,0,0,0,0,0,0,0,0,0,0,0,0,0,0,0,0,0,0,0,0,0,0,0
"01316","Mangoes, guavas and mangosteens","IL",0,0,0,NA,0,0,0,0,0,0,NA,0,0,NA,NA,0,0,0,0,0,NA,NA,0,0,0,0,NA,0,0,NA,NA,NA,0,0,0,0,NA,0,0,0,0,0,0,0,0,0,0,NA,0,0,0,0,0,0,0,0,0,0,0,0,0,0,0,0,0,0,0,0,0,0,0,0,0,0
"01316","Mangoes, guavas and mangosteens","IN",0,0,0,NA,0,0,0,0,0,0,NA,0,0,NA,NA,0,0,0,0,0,NA,NA,0,0,0,0,NA,0,0,NA,NA,NA,NA,0,0,0,NA,0,0,0,0,0,0,0,0,0,0,NA,0,0,0,0,0,0,0,0,0,0,0,0,0,0,0,0,0,0,0,0,0,0,0,0,0,0
"01316","Mangoes, guavas and mangosteens","ML",0,0,0,NA,0,0,0,0,0,NA,NA,0,0,NA,NA,0,0,0,0,0,NA,NA,0,0,0,0,NA,0,0,NA,NA,NA,NA,0,0,0,NA,0,0,0,0,0,0,0,0,0,0,NA,0,0,0,0,0,0,0,0,0,0,0,0,0,0,0,0,0,0,0,0,0,0,0,0,0,0
"01316","Mangoes, guavas and mangosteens","MX",0,0,0,NA,0,0,0,0,0,0,NA,0,0,NA,NA,0,0,0,0,NA,NA,NA,0,0,0,NA,NA,0,0,NA,NA,NA,0,0,0,0,NA,0,0,0,0,0,0,0,0,0,0,NA,0,0,0,0,0,0,0,0,0,0,0,0,0,0,0,0,0,0,0,0,0,0,0,0,0,0
"01316","Mangoes, guavas and mangosteens","PE",0,0,0,NA,0,0,0,0,0,0,NA,0,0,NA,NA,0,0,0,0,0,NA,NA,0,0,0,0,NA,0,0,NA,NA,NA,0,0,0,0,NA,0,0,0,0,0,0,0,0,0,0,NA,0,0,0,0,0,0,0,0,0,0,0,0,0,0,0,0,0,0,0,0,0,0,0,0,0,0
"01316","Mangoes, guavas and mangosteens","PK",0,0,0,NA,0,0,0,0,0,0,NA,0,0,NA,NA,0,0,0,0,0,NA,NA,0,0,0,0,NA,0,0,NA,NA,NA,0,0,0,0,NA,0,0,0,0,0,0,0,0,0,0,NA,0,0,0,0,0,0,0,0,0,0,0,0,0,0,0,0,0,0,0,0,0,0,0,0,0,0
"01316","Mangoes, guavas and mangosteens","SN",0,0,0,NA,0,0,0,0,0,NA,NA,0,0,NA,NA,0,0,0,0,0,NA,NA,0,0,0,0,NA,0,0,NA,NA,NA,NA,0,0,0,NA,0,0,0,0,0,0,0,0,0,0,NA,0,0,0,0,0,0,0,0,0,0,0,0,0,0,0,0,0,0,0,0,0,0,0,0,0,0
"01316","Mangoes, guavas and mangosteens","ZA",0,0,0,NA,0,0,0,0,0,0,NA,0,0,NA,NA,0,0,0,0,0,NA,NA,0,0,0,0,NA,0,0,NA,NA,NA,0,0,0,0,NA,0,0,0,0,0,0,0,0,0,0,NA,0,0,0,0,0,0,0,0,0,0,0,0,0,0,0,0,0,0,0,0,0,0,0,0,0,0
"01317","Papayas","BD",0,0,0,NA,0,0,0,0,0,0,NA,0,0,NA,NA,0,0,0,0,0,NA,NA,0,0,0,0,NA,0,0,NA,NA,NA,NA,0,0,0,NA,0,0,0,0,0,0,0,0,0,0,NA,0,0,0,0,0,0,0,0,0,0,0,0,0,0,0,0,0,0,0,0,0,0,0,0,0,0
"01317","Papayas","BR",0,0,0,NA,0,0,0,0,0,0,NA,0,0,NA,NA,0,0,0,0,0,NA,NA,0,0,0,0,NA,0,0,NA,NA,NA,0,0,0,0,NA,0,0,0,0,0,0,0,0,0,0,NA,0,0,0,0,0,0,0,0,0,0,0,0,0,0,0,0,0,0,0,0,0,0,0,0,0,0
"01317","Papayas","CN",0,0,0,NA,0,0,0,0,0,NA,NA,0,0,NA,NA,0,0,0,0,0,NA,NA,0,0,0,0,NA,0,0,NA,NA,NA,0,0,0,0,NA,0,0,0,0,0,0,0,0,0,0,NA,0,0,0,0,0,0,0,0,0,0,0,0,0,0,0,0,0,0,0,0,0,0,0,0,0,0
"01317","Papayas","CR",0,0,0,NA,0,0,0,0,0,0,NA,0,0,NA,NA,0,0,0,0,0,NA,NA,0,0,0,0,NA,0,0,NA,NA,NA,0,0,0,0,NA,0,0,0,0,0,0,0,0,0,0,NA,0,0,0,0,0,0,0,0,0,0,0,0,0,0,0,0,0,0,0,0,0,0,0,0,0,0
"01317","Papayas","DO",0,0,0,NA,0,0,0,0,0,0,NA,0,0,NA,NA,0,0,0,0,0,NA,NA,0,0,0,0,NA,0,0,NA,NA,NA,0,0,0,0,NA,0,0,0,0,0,0,0,0,0,0,NA,0,0,0,0,0,0,0,0,0,0,0,0,0,0,0,0,0,0,0,0,0,0,0,0,0,0
"01317","Papayas","GH",0,0,0,NA,0,0,0,0,0,NA,NA,0,0,NA,NA,0,0,0,0,0,NA,NA,0,0,0,0,NA,0,0,NA,NA,NA,0,0,0,0,NA,0,0,0,0,0,0,0,0,0,0,NA,0,0,0,0,0,0,0,0,0,0,0,0,0,0,0,0,0,0,0,0,0,0,0,0,0,0
"01317","Papayas","MA",0,0,0,NA,0,0,0,0,0,0,NA,0,0,NA,NA,0,0,0,0,0,NA,NA,0,0,0,0,NA,0,0,NA,NA,NA,0,0,0,0,NA,0,0,0,0,0,0,0,0,0,0,NA,0,0,0,0,0,0,0,0,0,0,0,0,0,0,0,0,0,0,0,0,0,0,0,0,0,0
"01317","Papayas","MX",0,0,0,NA,0,0,0,0,0,0,NA,0,0,NA,NA,0,0,0,0,NA,NA,NA,0,0,0,NA,NA,0,0,NA,NA,NA,0,0,0,0,NA,0,0,0,0,0,0,0,0,0,0,NA,0,0,0,0,0,0,0,0,0,0,0,0,0,0,0,0,0,0,0,0,0,0,0,0,0,0
"01317","Papayas","OM",0,0,0,NA,0,0,0,0,0,0,NA,0,NA,NA,NA,NA,0,0,0,NA,NA,NA,NA,0,0,NA,NA,0,0,NA,NA,NA,NA,0,0,0,NA,0,0,0,0,0,0,0,0,0,0,NA,0,0,0,0,0,0,0,0,0,0,0,0,0,0,0,0,0,0,0,0,0,0,0,0,0,0
"01317","Papayas","PA",0,0,0,NA,0,0,0,0,0,NA,NA,0,0,NA,NA,0,0,0,0,0,NA,NA,0,0,0,0,NA,0,0,NA,NA,NA,0,0,0,0,NA,0,0,0,0,0,0,0,0,0,0,NA,0,0,0,0,0,0,0,0,0,0,0,0,0,0,0,0,0,0,0,0,0,0,0,0,0,0
"01317","Papayas","TH",0,0,0,NA,0,0,0,0,0,0,NA,0,0,NA,NA,0,0,0,0,0,NA,NA,0,0,0,0,NA,0,0,NA,NA,NA,NA,0,0,0,NA,0,0,0,0,0,0,0,0,0,0,NA,0,0,0,0,0,0,0,0,0,0,0,0,0,0,0,0,0,0,0,0,0,0,0,0,0,0
"01318","Pineapples","BJ",0,0,0,NA,0,0,0,0,0,NA,NA,0,0,NA,NA,0,0,0,0,0,NA,NA,0,0,0,0,NA,0,0,NA,NA,NA,NA,0,0,0,NA,0,0,0,0,0,0,0,0,0,0,NA,0,0,0,0,0,0,0,0,0,0,0,0,0,0,0,0,0,0,0,0,0,0,0,0,0,0
"01318","Pineapples","BR",0,0,0,NA,0,0,0,0,0,0,NA,0,0,NA,NA,0,0,0,0,0,NA,NA,0,0,0,0,NA,0,0,NA,NA,NA,0,0,0,0,NA,0,0,0,0,0,0,0,0,0,0,NA,0,0,0,0,0,0,0,0,0,0,0,0,0,0,0,0,0,0,0,0,0,0,0,0,0,0
"01318","Pineapples","CI",0,0,0,NA,0,0,0,0,0,NA,NA,0,0,NA,NA,0,0,0,0,0,NA,NA,0,0,0,0,NA,0,0,NA,NA,NA,NA,0,0,0,NA,0,0,0,0,0,0,0,0,0,NA,NA,0,0,0,0,0,0,0,0,0,0,0,0,0,0,0,0,0,0,0,0,0,0,0,0,0,0
"01318","Pineapples","CR",0,0,0,NA,0,0,0,0,0,0,NA,0,0,NA,NA,0,0,0,0,0,NA,NA,0,0,0,0,NA,0,0,NA,NA,NA,0,0,0,0,NA,0,0,0,0,0,0,0,0,0,0,NA,0,0,0,0,0,0,0,0,0,0,0,0,0,0,0,0,0,0,0,0,0,0,0,0,0,0
"01318","Pineapples","EC",0,0,0,NA,0,0,0,0,0,0,NA,0,0,NA,NA,0,0,0,0,0,NA,NA,0,0,0,0,NA,0,0,NA,NA,NA,0,0,0,0,NA,0,0,0,0,0,0,0,0,0,0,NA,0,0,0,0,0,0,0,0,0,0,0,0,0,0,0,0,0,0,0,0,0,0,0,0,0,0
"01318","Pineapples","ID",0,0,0,NA,0,0,0,0,0,NA,NA,0,0,NA,NA,0,0,0,0,0,NA,NA,0,0,0,0,NA,0,0,NA,NA,NA,0,0,0,0,NA,0,0,0,0,0,0,0,0,0,0,NA,0,0,0,0,0,0,0,0,0,0,0,0,0,0,0,0,0,0,0,0,0,0,0,0,0,0
"01318","Pineapples","KE",0,0,0,NA,0,0,0,0,0,0,NA,0,0,NA,NA,0,0,0,0,0,NA,NA,0,0,0,0,NA,0,0,NA,NA,NA,0,0,0,0,NA,0,0,0,0,0,0,0,0,0,0,NA,0,0,0,0,0,0,0,0,0,0,0,0,0,0,0,0,0,0,0,0,0,0,0,0,0,0
"01318","Pineapples","PA",0,0,0,NA,0,0,0,0,0,NA,NA,0,0,NA,NA,0,0,0,0,0,NA,NA,0,0,0,0,NA,0,0,NA,NA,NA,0,0,0,0,NA,0,0,0,0,0,0,0,0,0,0,NA,0,0,0,0,0,0,0,0,0,0,0,0,0,0,0,0,0,0,0,0,0,0,0,0,0,0
"01318","Pineapples","PH",0,0,0,NA,0,0,0,0,0,0,NA,0,0,NA,NA,0,0,0,0,0,NA,NA,0,0,0,0,NA,0,0,NA,NA,NA,0,0,0,0,NA,0,0,0,0,0,0,0,0,0,0,NA,0,0,0,0,0,0,0,0,0,0,0,0,0,0,0,0,0,0,0,0,0,0,0,0,0,0
"01318","Pineapples","SZ",0,0,0,NA,0,0,0,0,0,0,NA,0,NA,NA,NA,NA,0,0,0,NA,NA,NA,NA,0,0,NA,NA,0,0,NA,NA,NA,NA,0,0,0,NA,0,0,0,0,0,0,0,0,0,0,NA,0,0,0,0,0,0,0,0,0,0,0,0,0,0,0,0,0,0,0,0,0,0,0,0,0,0
"01318","Pineapples","TH",0,0,0,NA,0,0,0,0,0,0,NA,0,0,NA,NA,0,0,0,0,0,NA,NA,0,0,0,0,NA,0,0,NA,NA,NA,NA,0,0,0,NA,0,0,0,0,0,0,0,0,0,0,NA,0,0,0,0,0,0,0,0,0,0,0,0,0,0,0,0,0,0,0,0,0,0,0,0,0,0
"01318","Pineapples","VN",0,0,0,NA,0,0,0,0,0,0,NA,0,0,NA,NA,0,0,0,0,0,NA,NA,0,0,0,0,NA,0,0,NA,NA,NA,NA,0,0,0,NA,0,0,0,0,0,0,0,0,0,0,NA,0,0,0,0,0,0,0,0,0,0,0,0,0,0,0,0,0,0,0,0,0,0,0,0,0,0
"01318","Pineapples","ZA",0,0,0,NA,0,0,0,0,0,0,NA,0,0,NA,NA,0,0,0,0,0,NA,NA,0,0,0,0,NA,0,0,NA,NA,NA,0,0,0,0,NA,0,0,0,0,0,0,0,0,0,0,NA,0,0,0,0,0,0,0,0,0,0,0,0,0,0,0,0,0,0,0,0,0,0,0,0,0,0
"01321","Pomelos and grapefruits","AR",0,0,0,NA,0,0,0,0,0,0,NA,0,0,NA,NA,0,0,0,0,0,NA,NA,0,0,0,0,NA,0,0,NA,NA,NA,0,0,0,0,NA,0,0,0,0,0,0,0,0,0,0,NA,0,0,0,0,0,0,0,0,0,0,0,0,0,0,0,0,0,0,0,0,0,0,0,0,0,0
"01321","Pomelos and grapefruits","CN",0,0,0,NA,0,0,0,0,0,NA,NA,0,0,NA,NA,0,0,0,0,0,NA,NA,0,0,0,0,NA,0,0,NA,NA,NA,0,0,0,0,NA,0,0,0,0,0,0,0,0,0,0,NA,0,0,0,0,0,0,0,0,0,0,0,0,0,0,0,0,0,0,0,0,0,0,0,0,0,0
"01321","Pomelos and grapefruits","CY",0,0,0,NA,0,0,0,0,0,0,NA,0,0,NA,NA,0,0,0,0,0,NA,NA,0,0,0,0,NA,0,0,NA,NA,NA,0,0,0,0,NA,0,0,0,0,0,0,0,0,0,0,NA,0,0,0,0,0,0,0,0,0,0,0,0,0,0,0,0,0,0,0,0,0,0,0,0,0,0
"01321","Pomelos and grapefruits","ES",0,0,0,NA,0,0,0,0,0,0,NA,0,0,NA,NA,0,0,0,0,0,NA,NA,0,0,0,0,NA,0,0,NA,NA,NA,0,0,0,0,NA,0,0,0,0,0,0,0,0,0,0,NA,0,0,0,0,0,0,0,0,0,0,0,0,0,0,0,0,0,0,0,0,0,0,0,0,0,0
"01321","Pomelos and grapefruits","FR",0,0,0,NA,0,0,0,0,0,0,NA,0,0,NA,NA,0,0,0,0,0,NA,NA,0,0,0,0,NA,0,0,NA,NA,NA,0,0,0,0,NA,0,0,0,0,0,0,0,0,0,0,NA,0,0,0,0,0,0,0,0,0,0,0,0,0,0,0,0,0,0,0,0,0,0,0,0,0,0
"01321","Pomelos and grapefruits","GR",0,0,0,NA,0,0,0,0,0,0,NA,0,0,NA,NA,0,0,0,0,0,NA,NA,0,0,0,0,NA,0,0,NA,NA,NA,0,0,0,0,NA,0,0,0,0,0,0,0,0,0,0,NA,0,0,0,0,0,0,0,0,0,0,0,0,0,0,0,0,0,0,0,0,0,0,0,0,0,0
"01321","Pomelos and grapefruits","IL",0,0,0,NA,0,0,0,0,0,0,NA,0,0,NA,NA,0,0,0,0,0,NA,NA,0,0,0,0,NA,0,0,NA,NA,NA,0,0,0,0,NA,0,0,0,0,0,0,0,0,0,0,NA,0,0,0,0,0,0,0,0,0,0,0,0,0,0,0,0,0,0,0,0,0,0,0,0,0,0
"01321","Pomelos and grapefruits","IT",0,0,0,NA,0,0,0,0,0,0,NA,0,0,NA,NA,0,0,0,0,0,NA,NA,0,0,0,0,NA,0,0,NA,NA,NA,0,0,0,0,NA,0,0,0,0,0,0,0,0,0,0,NA,0,0,0,0,0,0,0,0,0,0,0,0,0,0,0,0,0,0,0,0,0,0,0,0,0,0
"01321","Pomelos and grapefruits","MA",0,0,0,NA,0,0,0,0,0,0,NA,0,0,NA,NA,0,0,0,0,0,NA,NA,0,0,0,0,NA,0,0,NA,NA,NA,0,0,0,0,NA,0,0,0,0,0,0,0,0,0,0,NA,0,0,0,0,0,0,0,0,0,0,0,0,0,0,0,0,0,0,0,0,0,0,0,0,0,0
"01321","Pomelos and grapefruits","MX",0,0,0,NA,0,0,0,0,0,0,NA,0,0,NA,NA,0,0,0,0,NA,NA,NA,0,0,0,NA,NA,0,0,NA,NA,NA,0,0,0,0,NA,0,0,0,0,0,0,0,0,0,0,NA,0,0,0,0,0,0,0,0,0,0,0,0,0,0,0,0,0,0,0,0,0,0,0,0,0,0
"01321","Pomelos and grapefruits","PE",0,0,0,NA,0,0,0,0,0,0,NA,0,0,NA,NA,0,0,0,0,0,NA,NA,0,0,0,0,NA,0,0,NA,NA,NA,0,0,0,0,NA,0,0,0,0,0,0,0,0,0,0,NA,0,0,0,0,0,0,0,0,0,0,0,0,0,0,0,0,0,0,0,0,0,0,0,0,0,0
"01321","Pomelos and grapefruits","SZ",0,0,0,NA,0,0,0,0,0,0,NA,0,NA,NA,NA,NA,0,0,0,NA,NA,NA,NA,0,0,NA,NA,0,0,NA,NA,NA,NA,0,0,0,NA,0,0,0,0,0,0,0,0,0,0,NA,0,0,0,0,0,0,0,0,0,0,0,0,0,0,0,0,0,0,0,0,0,0,0,0,0,0
"01321","Pomelos and grapefruits","TR",0,0,0,NA,0,0,0,0,0,NA,NA,0,0,NA,NA,0,0,0,0,NA,NA,NA,0,0,0,NA,NA,0,0,NA,NA,NA,0,0,0,0,NA,0,0,0,0,0,0,0,0,0,NA,NA,0,0,0,0,0,0,0,0,0,0,0,0,0,0,0,0,0,0,0,0,0,0,0,0,0,0
"01321","Pomelos and grapefruits","US",0,0,0,NA,0,0,0,0,0,0,NA,0,0,NA,NA,0,0,0,0,NA,NA,NA,0,0,0,NA,NA,0,0,NA,NA,NA,0,0,0,0,NA,0,0,0,0,0,0,0,0,0,0,NA,0,0,0,0,0,0,0,0,0,0,0,0,0,0,0,0,0,0,0,0,0,0,0,0,0,0
"01321","Pomelos and grapefruits","VN",0,0,0,NA,0,0,0,0,0,0,NA,0,0,NA,NA,0,0,0,0,0,NA,NA,0,0,0,0,NA,0,0,NA,NA,NA,NA,0,0,0,NA,0,0,0,0,0,0,0,0,0,0,NA,0,0,0,0,0,0,0,0,0,0,0,0,0,0,0,0,0,0,0,0,0,0,0,0,0,0
"01321","Pomelos and grapefruits","ZA",0,0,0,NA,0,0,0,0,0,0,NA,0,0,NA,NA,0,0,0,0,0,NA,NA,0,0,0,0,NA,0,0,NA,NA,NA,0,0,0,0,NA,0,0,0,0,0,0,0,0,0,0,NA,0,0,0,0,0,0,0,0,0,0,0,0,0,0,0,0,0,0,0,0,0,0,0,0,0,0
"01321","Pomelos and grapefruits","ZW",0,0,0,NA,0,0,0,0,0,NA,NA,0,0,NA,NA,0,0,0,0,0,NA,NA,0,0,0,0,NA,0,0,NA,NA,NA,0,0,0,0,NA,0,0,0,0,0,0,0,0,0,0,NA,0,0,0,0,0,0,0,0,0,0,0,0,0,0,0,0,0,0,0,0,0,0,0,0,0,0
"01322","Lemons and limes","AR",0,0,0,NA,0,0,0,0,0,0,NA,0,0,NA,NA,0,0,0,0,0,NA,NA,0,0,0,0,NA,0,0,NA,NA,NA,0,0,0,0,NA,0,0,0,0,0,0,0,0,0,0,NA,0,0,0,0,0,0,0,0,0,0,0,0,0,0,0,0,0,0,0,0,0,0,0,0,0,0
"01322","Lemons and limes","BR",0,0,0,NA,0,0,0,0,0,0,NA,0,0,NA,NA,0,0,0,0,0,NA,NA,0,0,0,0,NA,0,0,NA,NA,NA,0,0,0,0,NA,0,0,0,0,0,0,0,0,0,0,NA,0,0,0,0,0,0,0,0,0,0,0,0,0,0,0,0,0,0,0,0,0,0,0,0,0,0
"01322","Lemons and limes","CL",0,0,0,NA,0,0,0,0,0,NA,NA,0,0,NA,NA,0,0,0,0,0,NA,NA,0,0,0,0,NA,0,0,NA,NA,NA,0,0,0,0,NA,0,0,0,0,0,0,0,0,0,NA,NA,0,0,0,0,0,0,0,0,0,0,0,0,0,0,0,0,0,0,0,0,0,0,0,0,0,0
"01322","Lemons and limes","CO",0,0,0,NA,0,0,0,0,0,0,NA,0,0,NA,NA,0,0,0,0,0,NA,NA,0,0,0,0,NA,0,0,NA,NA,NA,0,0,0,0,NA,0,0,0,0,0,0,0,0,0,0,NA,0,0,0,0,0,0,0,0,0,0,0,0,0,0,0,0,0,0,0,0,0,0,0,0,0,0
"01322","Lemons and limes","EG",0,0,0,NA,0,0,0,0,0,0,NA,NA,0,NA,NA,0,0,0,0,0,NA,NA,0,0,0,0,NA,0,0,NA,NA,NA,0,0,0,0,NA,0,0,0,0,0,0,0,0,0,0,NA,NA,0,0,0,0,0,0,0,0,0,0,0,0,0,0,0,0,0,0,0,0,0,0,0,0,0
"01322","Lemons and limes","ES",0,0,0,NA,0,0,0,0,0,0,NA,0,0,NA,NA,0,0,0,0,0,NA,NA,0,0,0,0,NA,0,0,NA,NA,NA,0,0,0,0,NA,0,0,0,0,0,0,0,0,0,0,NA,0,0,0,0,0,0,0,0,0,0,0,0,0,0,0,0,0,0,0,0,0,0,0,0,0,0
"01322","Lemons and limes","FR",0,0,0,NA,0,0,0,0,0,0,NA,0,0,NA,NA,0,0,0,0,0,NA,NA,0,0,0,0,NA,0,0,NA,NA,NA,0,0,0,0,NA,0,0,0,0,0,0,0,0,0,0,NA,0,0,0,0,0,0,0,0,0,0,0,0,0,0,0,0,0,0,0,0,0,0,0,0,0,0
"01322","Lemons and limes","GR",0,0,0,NA,0,0,0,0,0,0,NA,0,0,NA,NA,0,0,0,0,0,NA,NA,0,0,0,0,NA,0,0,NA,NA,NA,0,0,0,0,NA,0,0,0,0,0,0,0,0,0,0,NA,0,0,0,0,0,0,0,0,0,0,0,0,0,0,0,0,0,0,0,0,0,0,0,0,0,0
"01322","Lemons and limes","IT",0,0,0,NA,0,0,0,0,0,0,NA,0,0,NA,NA,0,0,0,0,0,NA,NA,0,0,0,0,NA,0,0,NA,NA,NA,0,0,0,0,NA,0,0,0,0,0,0,0,0,0,0,NA,0,0,0,0,0,0,0,0,0,0,0,0,0,0,0,0,0,0,0,0,0,0,0,0,0,0
"01322","Lemons and limes","TR",0,0,0,NA,0,0,0,0,0,NA,NA,0,0,NA,NA,0,0,0,0,NA,NA,NA,0,0,0,NA,NA,0,0,NA,NA,NA,0,0,0,0,NA,0,0,0,0,0,0,0,0,0,NA,NA,0,0,0,0,0,0,0,0,0,0,0,0,0,0,0,0,0,0,0,0,0,0,0,0,0,0
"01322","Lemons and limes","ZA",0,0,0,NA,0,0,0,0,0,0,NA,0,0,NA,NA,0,0,0,0,0,NA,NA,0,0,0,0,NA,0,0,NA,NA,NA,0,0,0,0,NA,0,0,0,0,0,0,0,0,0,0,NA,0,0,0,0,0,0,0,0,0,0,0,0,0,0,0,0,0,0,0,0,0,0,0,0,0,0
"01323","Oranges","AR",0,0,0,NA,0,0,0,0,0,0,NA,0,0,NA,NA,0,0,0,0,0,NA,NA,0,0,0,0,NA,0,0,NA,NA,NA,0,0,0,0,NA,0,0,0,0,0,0,0,0,0,0,NA,0,0,0,0,0,0,0,0,0,0,0,0,0,0,0,0,0,0,0,0,0,0,0,0,0,0
"01323","Oranges","BR",0,0,0,NA,0,0,0,0,0,0,NA,0,0,NA,NA,0,0,0,0,0,NA,NA,0,0,0,0,NA,0,0,NA,NA,NA,0,0,0,0,NA,0,0,0,0,0,0,0,0,0,0,NA,0,0,0,0,0,0,0,0,0,0,0,0,0,0,0,0,0,0,0,0,0,0,0,0,0,0
"01323","Oranges","CN",0,0,0,NA,0,0,0,0,0,NA,NA,0,0,NA,NA,0,0,0,0,0,NA,NA,0,0,0,0,NA,0,0,NA,NA,NA,0,0,0,0,NA,0,0,0,0,0,0,0,0,0,0,NA,0,0,0,0,0,0,0,0,0,0,0,0,0,0,0,0,0,0,0,0,0,0,0,0,0,0
"01323","Oranges","CY",0,0,0,NA,0,0,0,0,0,0,NA,0,0,NA,NA,0,0,0,0,0,NA,NA,0,0,0,0,NA,0,0,NA,NA,NA,0,0,0,0,NA,0,0,0,0,0,0,0,0,0,0,NA,0,0,0,0,0,0,0,0,0,0,0,0,0,0,0,0,0,0,0,0,0,0,0,0,0,0
"01323","Oranges","EG",0,0,0,NA,0,0,0,0,0,0,NA,NA,0,NA,NA,0,0,0,0,0,NA,NA,0,0,0,0,NA,0,0,NA,NA,NA,0,0,0,0,NA,0,0,0,0,0,0,0,0,0,0,NA,NA,0,0,0,0,0,0,0,0,0,0,0,0,0,0,0,0,0,0,0,0,0,0,0,0,0
"01323","Oranges","ES",0,0,0,NA,0,0,0,0,0,0,NA,0,0,NA,NA,0,0,0,0,0,NA,NA,0,0,0,0,NA,0,0,NA,NA,NA,0,0,0,0,NA,0,0,0,0,0,0,0,0,0,0,NA,0,0,0,0,0,0,0,0,0,0,0,0,0,0,0,0,0,0,0,0,0,0,0,0,0,0
"01323","Oranges","GR",0,0,0,NA,0,0,0,0,0,0,NA,0,0,NA,NA,0,0,0,0,0,NA,NA,0,0,0,0,NA,0,0,NA,NA,NA,0,0,0,0,NA,0,0,0,0,0,0,0,0,0,0,NA,0,0,0,0,0,0,0,0,0,0,0,0,0,0,0,0,0,0,0,0,0,0,0,0,0,0
"01323","Oranges","IL",0,0,0,NA,0,0,0,0,0,0,NA,0,0,NA,NA,0,0,0,0,0,NA,NA,0,0,0,0,NA,0,0,NA,NA,NA,0,0,0,0,NA,0,0,0,0,0,0,0,0,0,0,NA,0,0,0,0,0,0,0,0,0,0,0,0,0,0,0,0,0,0,0,0,0,0,0,0,0,0
"01323","Oranges","IN",0,0,0,NA,0,0,0,0,0,0,NA,0,0,NA,NA,0,0,0,0,0,NA,NA,0,0,0,0,NA,0,0,NA,NA,NA,NA,0,0,0,NA,0,0,0,0,0,0,0,0,0,0,NA,0,0,0,0,0,0,0,0,0,0,0,0,0,0,0,0,0,0,0,0,0,0,0,0,0,0
"01323","Oranges","IT",0,0,0,NA,0,0,0,0,0,0,NA,0,0,NA,NA,0,0,0,0,0,NA,NA,0,0,0,0,NA,0,0,NA,NA,NA,0,0,0,0,NA,0,0,0,0,0,0,0,0,0,0,NA,0,0,0,0,0,0,0,0,0,0,0,0,0,0,0,0,0,0,0,0,0,0,0,0,0,0
"01323","Oranges","MA",0,0,0,NA,0,0,0,0,0,0,NA,0,0,NA,NA,0,0,0,0,0,NA,NA,0,0,0,0,NA,0,0,NA,NA,NA,0,0,0,0,NA,0,0,0,0,0,0,0,0,0,0,NA,0,0,0,0,0,0,0,0,0,0,0,0,0,0,0,0,0,0,0,0,0,0,0,0,0,0
"01323","Oranges","MX",0,0,0,NA,0,0,0,0,0,0,NA,0,0,NA,NA,0,0,0,0,NA,NA,NA,0,0,0,NA,NA,0,0,NA,NA,NA,0,0,0,0,NA,0,0,0,0,0,0,0,0,0,0,NA,0,0,0,0,0,0,0,0,0,0,0,0,0,0,0,0,0,0,0,0,0,0,0,0,0,0
"01323","Oranges","PE",0,0,0,NA,0,0,0,0,0,0,NA,0,0,NA,NA,0,0,0,0,0,NA,NA,0,0,0,0,NA,0,0,NA,NA,NA,0,0,0,0,NA,0,0,0,0,0,0,0,0,0,0,NA,0,0,0,0,0,0,0,0,0,0,0,0,0,0,0,0,0,0,0,0,0,0,0,0,0,0
"01323","Oranges","PT",0,0,0,NA,0,0,0,0,0,0,NA,0,0,NA,NA,0,0,0,0,0,NA,NA,0,0,0,0,NA,0,0,NA,NA,NA,0,0,0,0,NA,0,0,0,0,0,0,0,0,0,0,NA,0,0,0,0,0,0,0,0,0,0,0,0,0,0,0,0,0,0,0,0,0,0,0,0,0,0
"01323","Oranges","TR",0,0,0,NA,0,0,0,0,0,NA,NA,0,0,NA,NA,0,0,0,0,NA,NA,NA,0,0,0,NA,NA,0,0,NA,NA,NA,0,0,0,0,NA,0,0,0,0,0,0,0,0,0,NA,NA,0,0,0,0,0,0,0,0,0,0,0,0,0,0,0,0,0,0,0,0,0,0,0,0,0,0
"01323","Oranges","US",0,0,0,NA,0,0,0,0,0,0,NA,0,0,NA,NA,0,0,0,0,NA,NA,NA,0,0,0,NA,NA,0,0,NA,NA,NA,0,0,0,0,NA,0,0,0,0,0,0,0,0,0,0,NA,0,0,0,0,0,0,0,0,0,0,0,0,0,0,0,0,0,0,0,0,0,0,0,0,0,0
"01323","Oranges","ZA",0,0,0,NA,0,0,0,0,0,0,NA,0,0,NA,NA,0,0,0,0,0,NA,NA,0,0,0,0,NA,0,0,NA,NA,NA,0,0,0,0,NA,0,0,0,0,0,0,0,0,0,0,NA,0,0,0,0,0,0,0,0,0,0,0,0,0,0,0,0,0,0,0,0,0,0,0,0,0,0
"01324","Tangerines, mandarins, clementines","AL",0,0,0,NA,0,0,0,0,0,NA,NA,0,0,NA,NA,0,0,0,0,0,NA,NA,0,0,0,0,NA,0,0,NA,NA,NA,0,0,0,0,NA,0,0,0,0,0,0,0,0,0,0,NA,0,0,0,0,0,0,0,0,0,0,0,0,0,0,0,0,0,0,0,0,0,0,0,0,0,0
"01324","Tangerines, mandarins, clementines","CY",0,0,0,NA,0,0,0,0,0,0,NA,0,0,NA,NA,0,0,0,0,0,NA,NA,0,0,0,0,NA,0,0,NA,NA,NA,0,0,0,0,NA,0,0,0,0,0,0,0,0,0,0,NA,0,0,0,0,0,0,0,0,0,0,0,0,0,0,0,0,0,0,0,0,0,0,0,0,0,0
"01324","Tangerines, mandarins, clementines","EG",0,0,0,NA,0,0,0,0,0,0,NA,NA,0,NA,NA,0,0,0,0,0,NA,NA,0,0,0,0,NA,0,0,NA,NA,NA,0,0,0,0,NA,0,0,0,0,0,0,0,0,0,0,NA,NA,0,0,0,0,0,0,0,0,0,0,0,0,0,0,0,0,0,0,0,0,0,0,0,0,0
"01324","Tangerines, mandarins, clementines","ES",0,0,0,NA,0,0,0,0,0,0,NA,0,0,NA,NA,0,0,0,0,0,NA,NA,0,0,0,0,NA,0,0,NA,NA,NA,0,0,0,0,NA,0,0,0,0,0,0,0,0,0,0,NA,0,0,0,0,0,0,0,0,0,0,0,0,0,0,0,0,0,0,0,0,0,0,0,0,0,0
"01324","Tangerines, mandarins, clementines","FR",0,0,0,NA,0,0,0,0,0,0,NA,0,0,NA,NA,0,0,0,0,0,NA,NA,0,0,0,0,NA,0,0,NA,NA,NA,0,0,0,0,NA,0,0,0,0,0,0,0,0,0,0,NA,0,0,0,0,0,0,0,0,0,0,0,0,0,0,0,0,0,0,0,0,0,0,0,0,0,0
"01324","Tangerines, mandarins, clementines","GR",0,0,0,NA,0,0,0,0,0,0,NA,0,0,NA,NA,0,0,0,0,0,NA,NA,0,0,0,0,NA,0,0,NA,NA,NA,0,0,0,0,NA,0,0,0,0,0,0,0,0,0,0,NA,0,0,0,0,0,0,0,0,0,0,0,0,0,0,0,0,0,0,0,0,0,0,0,0,0,0
"01324","Tangerines, mandarins, clementines","HR",0,0,0,NA,0,0,0,0,0,NA,NA,0,0,NA,NA,0,0,0,0,0,NA,NA,0,0,0,0,NA,0,0,NA,NA,NA,0,0,0,0,NA,0,0,0,0,0,0,0,0,0,0,NA,0,0,0,0,0,0,0,0,0,0,0,0,0,0,0,0,0,0,0,0,0,0,0,0,0,0
"01324","Tangerines, mandarins, clementines","IL",0,0,0,NA,0,0,0,0,0,0,NA,0,0,NA,NA,0,0,0,0,0,NA,NA,0,0,0,0,NA,0,0,NA,NA,NA,0,0,0,0,NA,0,0,0,0,0,0,0,0,0,0,NA,0,0,0,0,0,0,0,0,0,0,0,0,0,0,0,0,0,0,0,0,0,0,0,0,0,0
"01324","Tangerines, mandarins, clementines","IT",0,0,0,NA,0,0,0,0,0,0,NA,0,0,NA,NA,0,0,0,0,0,NA,NA,0,0,0,0,NA,0,0,NA,NA,NA,0,0,0,0,NA,0,0,0,0,0,0,0,0,0,0,NA,0,0,0,0,0,0,0,0,0,0,0,0,0,0,0,0,0,0,0,0,0,0,0,0,0,0
"01324","Tangerines, mandarins, clementines","MA",0,0,0,NA,0,0,0,0,0,0,NA,0,0,NA,NA,0,0,0,0,0,NA,NA,0,0,0,0,NA,0,0,NA,NA,NA,0,0,0,0,NA,0,0,0,0,0,0,0,0,0,0,NA,0,0,0,0,0,0,0,0,0,0,0,0,0,0,0,0,0,0,0,0,0,0,0,0,0,0
"01324","Tangerines, mandarins, clementines","PE",0,0,0,NA,0,0,0,0,0,0,NA,0,0,NA,NA,0,0,0,0,0,NA,NA,0,0,0,0,NA,0,0,NA,NA,NA,0,0,0,0,NA,0,0,0,0,0,0,0,0,0,0,NA,0,0,0,0,0,0,0,0,0,0,0,0,0,0,0,0,0,0,0,0,0,0,0,0,0,0
"01324","Tangerines, mandarins, clementines","PT",0,0,0,NA,0,0,0,0,0,0,NA,0,0,NA,NA,0,0,0,0,0,NA,NA,0,0,0,0,NA,0,0,NA,NA,NA,0,0,0,0,NA,0,0,0,0,0,0,0,0,0,0,NA,0,0,0,0,0,0,0,0,0,0,0,0,0,0,0,0,0,0,0,0,0,0,0,0,0,0
"01324","Tangerines, mandarins, clementines","TR",0,0,0,NA,0,0,0,0,0,NA,NA,0,0,NA,NA,0,0,0,0,NA,NA,NA,0,0,0,NA,NA,0,0,NA,NA,NA,0,0,0,0,NA,0,0,0,0,0,0,0,0,0,NA,NA,0,0,0,0,0,0,0,0,0,0,0,0,0,0,0,0,0,0,0,0,0,0,0,0,0,0
"01324","Tangerines, mandarins, clementines","ZA",0,0,0,NA,0,0,0,0,0,0,NA,0,0,NA,NA,0,0,0,0,0,NA,NA,0,0,0,0,NA,0,0,NA,NA,NA,0,0,0,0,NA,0,0,0,0,0,0,0,0,0,0,NA,0,0,0,0,0,0,0,0,0,0,0,0,0,0,0,0,0,0,0,0,0,0,0,0,0,0
"01330","Grapes","AR",0,0,0,NA,0,0,0,0,0,0,NA,0,0,NA,NA,0,0,0,0,0,NA,NA,0,0,0,0,NA,0,0,NA,NA,NA,0,0,0,0,NA,0,0,0,0,0,0,0,0,0,0,NA,0,0,0,0,0,0,0,0,0,0,0,0,0,0,0,0,0,0,0,0,0,0,0,0,0,0
"01330","Grapes","AT",0,0,0,NA,0,0,0,0,0,0,NA,0,0,NA,NA,0,0,0,0,0,NA,NA,0,0,0,0,NA,0,0,NA,NA,NA,0,0,0,0,NA,0,0,0,0,0,0,0,0,0,0,NA,0,0,0,0,0,0,0,0,0,0,0,0,0,0,0,0,0,0,0,0,0,0,0,0,0,0
"01330","Grapes","AU",0,0,0,NA,0,0,0,0,0,0,NA,0,0,NA,NA,0,0,0,0,0,NA,NA,0,0,0,0,NA,0,0,NA,NA,NA,0,0,0,0,NA,0,0,0,0,0,0,0,0,0,0,NA,0,0,0,0,0,0,0,0,0,0,0,0,0,0,0,0,0,0,0,0,0,0,0,0,0,0
"01330","Grapes","BG",0,0,0,NA,0,0,0,0,0,0,NA,0,0,NA,NA,0,0,0,0,0,NA,NA,0,0,0,0,NA,0,0,NA,NA,NA,0,0,0,0,NA,0,0,0,0,0,0,0,0,0,0,NA,0,0,0,0,0,0,0,0,0,0,0,0,0,0,0,0,0,0,0,0,0,0,0,0,0,0
"01330","Grapes","BR",0,0,0,NA,0,0,0,0,0,0,NA,0,0,NA,NA,0,0,0,0,0,NA,NA,0,0,0,0,NA,0,0,NA,NA,NA,0,0,0,0,NA,0,0,0,0,0,0,0,0,0,0,NA,0,0,0,0,0,0,0,0,0,0,0,0,0,0,0,0,0,0,0,0,0,0,0,0,0,0
"01330","Grapes","CL",0,0,0,NA,0,0,0,0,0,0,NA,0,0,NA,NA,0,0,0,0,0,NA,NA,0,0,0,0,NA,0,0,NA,NA,NA,0,0,0,0,NA,0,0,0,0,0,0,0,0,0,0,NA,0,0,0,0,0,0,0,0,0,0,0,0,0,0,0,0,0,0,0,0,0,0,0,0,0,0
"01330","Grapes","DE",0,0,0,NA,0,0,0,0,0,0,NA,0,0,NA,NA,0,0,0,0,0,NA,NA,0,0,0,0,NA,0,0,NA,NA,NA,0,0,0,0,NA,0,0,0,0,0,0,0,0,0,0,NA,0,0,0,0,0,0,0,0,0,0,0,0,0,0,0,0,0,0,0,0,0,0,0,0,0,0
"01330","Grapes","ES",0,0,0,NA,0,0,0,0,0,0,NA,0,0,NA,NA,0,0,0,0,0,NA,NA,0,0,0,0,NA,0,0,NA,NA,NA,0,0,0,0,NA,0,0,0,0,0,0,0,0,0,0,NA,0,0,0,0,0,0,0,0,0,0,0,0,0,0,0,0,0,0,0,0,0,0,0,0,0,0
"01330","Grapes","FR",0,0,0,NA,0,0,0,0,0,0,NA,0,0,NA,NA,0,0,0,0,0,NA,NA,0,0,0,0,NA,0,0,NA,NA,NA,0,0,0,0,NA,0,0,0,0,0,0,0,0,0,0,NA,0,0,0,0,0,0,0,0,0,0,0,0,0,0,0,0,0,0,0,0,0,0,0,0,0,0
"01330","Grapes","GE",0,0,0,NA,0,0,0,0,0,0,NA,0,0,NA,NA,0,0,0,0,0,NA,NA,0,0,0,0,NA,0,0,NA,NA,NA,0,0,0,0,NA,0,0,0,0,0,0,0,0,0,0,NA,0,0,0,0,0,0,0,0,0,0,0,0,0,0,0,0,0,0,0,0,0,0,0,0,0,0
"01330","Grapes","GR",0,0,0,NA,0,0,0,0,0,0,NA,0,0,NA,NA,0,0,0,0,0,NA,NA,0,0,0,0,NA,0,0,NA,NA,NA,0,0,0,0,NA,0,0,0,0,0,0,0,0,0,0,NA,0,0,0,0,0,0,0,0,0,0,0,0,0,0,0,0,0,0,0,0,0,0,0,0,0,0
"01330","Grapes","HU",0,0,0,NA,0,0,0,0,0,0,NA,0,0,NA,NA,0,0,0,0,0,NA,NA,0,0,0,0,NA,0,0,NA,NA,NA,0,0,0,0,NA,0,0,0,0,0,0,0,0,0,0,NA,0,0,0,0,0,0,0,0,0,0,0,0,0,0,0,0,0,0,0,0,0,0,0,0,0,0
"01330","Grapes","IN",0,0,0,NA,0,0,0,0,0,0,NA,0,0,NA,NA,0,0,0,0,0,NA,NA,0,0,0,0,NA,0,0,NA,NA,NA,NA,0,0,0,NA,0,0,0,0,0,0,0,0,0,0,NA,0,0,0,0,0,0,0,0,0,0,0,0,0,0,0,0,0,0,0,0,0,0,0,0,0,0
"01330","Grapes","IR",0,0,0,NA,0,0,0,0,0,0,NA,0,0,NA,NA,0,0,0,0,NA,NA,NA,0,0,0,NA,NA,0,0,NA,NA,NA,0,0,0,0,NA,0,0,0,0,0,0,0,0,0,0,NA,0,0,0,0,0,0,0,0,0,0,0,0,0,0,0,0,0,0,0,0,0,0,0,0,0,0
"01330","Grapes","IT",0,0,0,NA,0,0,0,0,0,0,NA,0,0,NA,NA,0,0,0,0,0,NA,NA,0,0,0,0,NA,0,0,NA,NA,NA,0,0,0,0,NA,0,0,0,0,0,0,0,0,0,0,NA,0,0,0,0,0,0,0,0,0,0,0,0,0,0,0,0,0,0,0,0,0,0,0,0,0,0
"01330","Grapes","MD",0,0,0,NA,0,0,0,0,0,0,NA,0,0,NA,NA,0,0,0,0,NA,NA,NA,0,0,0,NA,NA,0,0,NA,NA,NA,0,0,0,0,NA,0,0,0,0,0,0,0,0,0,0,NA,0,0,0,0,0,0,0,0,0,0,0,0,0,0,0,0,0,0,0,0,0,0,0,0,0,0
"01330","Grapes","NZ",0,0,0,NA,0,0,0,0,0,0,NA,0,0,NA,NA,0,0,0,0,0,NA,NA,0,0,0,0,NA,0,0,NA,NA,NA,0,0,0,0,NA,0,0,0,0,0,0,0,0,0,0,NA,0,0,0,0,0,0,0,0,0,0,0,0,0,0,0,0,0,0,0,0,0,0,0,0,0,0
"01330","Grapes","PL",0,0,0,NA,0,0,0,0,0,0,NA,0,0,NA,NA,0,0,0,0,0,NA,NA,0,0,0,0,NA,0,0,NA,NA,NA,0,0,0,0,NA,0,0,0,0,0,0,0,0,0,0,NA,0,0,0,0,0,0,0,0,0,0,0,0,0,0,0,0,0,0,0,0,0,0,0,0,0,0
"01330","Grapes","PT",0,0,0,NA,0,0,0,0,0,0,NA,0,0,NA,NA,0,0,0,0,0,NA,NA,0,0,0,0,NA,0,0,NA,NA,NA,0,0,0,0,NA,0,0,0,0,0,0,0,0,0,0,NA,0,0,0,0,0,0,0,0,0,0,0,0,0,0,0,0,0,0,0,0,0,0,0,0,0,0
"01330","Grapes","TR",0,0,0,NA,0,0,0,0,0,NA,NA,0,0,NA,NA,0,0,0,0,NA,NA,NA,0,0,0,NA,NA,0,0,NA,NA,NA,0,0,0,0,NA,0,0,0,0,0,0,0,0,0,NA,NA,0,0,0,0,0,0,0,0,0,0,0,0,0,0,0,0,0,0,0,0,0,0,0,0,0,0
"01330","Grapes","US",0,0,0,NA,0,0,0,0,0,0,NA,0,0,NA,NA,0,0,0,0,NA,NA,NA,0,0,0,NA,NA,0,0,NA,NA,NA,0,0,0,0,NA,0,0,0,0,0,0,0,0,0,0,NA,0,0,0,0,0,0,0,0,0,0,0,0,0,0,0,0,0,0,0,0,0,0,0,0,0,0
"01330","Grapes","UZ",0,0,0,NA,0,0,0,0,0,0,NA,0,0,NA,NA,0,0,0,0,0,NA,NA,0,0,0,0,NA,0,0,NA,NA,NA,0,0,0,0,NA,0,0,0,0,0,0,0,0,0,0,NA,0,0,0,0,0,0,0,0,0,0,0,0,0,0,0,0,0,0,0,0,0,0,0,0,0,0
"01330","Grapes","ZA",0,0,0,NA,0,0,0,0,0,0,NA,0,0,NA,NA,0,0,0,0,0,NA,NA,0,0,0,0,NA,0,0,NA,NA,NA,0,0,0,0,NA,0,0,0,0,0,0,0,0,0,0,NA,0,0,0,0,0,0,0,0,0,0,0,0,0,0,0,0,0,0,0,0,0,0,0,0,0,0
"01341","Apples","AT",0,0,0,NA,0,0,0,0,0,0,NA,0,0,NA,NA,0,0,0,0,0,NA,NA,0,0,0,0,NA,0,0,NA,NA,NA,0,0,0,0,NA,0,0,0,0,0,0,0,0,0,0,NA,0,0,0,0,0,0,0,0,0,0,0,0,0,0,0,0,0,0,0,0,0,0,0,0,0,0
"01341","Apples","BE",0,0,0,NA,0,0,0,0,0,0,NA,0,0,NA,NA,0,0,0,0,0,NA,NA,0,0,0,0,NA,0,0,NA,NA,NA,0,0,0,0,NA,0,0,0,0,0,0,0,0,0,0,NA,0,0,0,0,0,0,0,0,0,0,0,0,0,0,0,0,0,0,0,0,0,0,0,0,0,0
"01341","Apples","CL",0,0,0,NA,0,0,0,0,0,0,NA,0,0,NA,NA,0,0,0,0,0,NA,NA,0,0,0,0,NA,0,0,NA,NA,NA,0,0,0,0,NA,0,0,0,0,0,0,0,0,0,0,NA,0,0,0,0,0,0,0,0,0,0,0,0,0,0,0,0,0,0,0,0,0,0,0,0,0,0
"01341","Apples","CN",0,0,0,NA,0,0,0,0,0,0,NA,0,0,NA,NA,0,0,0,0,0,NA,NA,0,0,0,0,NA,0,0,NA,NA,NA,0,0,0,0,NA,0,0,0,0,0,0,0,0,0,0,NA,0,0,0,0,0,0,0,0,0,0,0,0,0,0,0,0,0,0,0,0,0,0,0,0,0,0
"01341","Apples","DE",0,0,0,NA,0,0,0,0,0,0,NA,0,0,NA,NA,0,0,0,0,0,NA,NA,0,0,0,0,NA,0,0,NA,NA,NA,0,0,0,0,NA,0,0,0,0,0,0,0,0,0,0,NA,0,0,0,0,0,0,0,0,0,0,0,0,0,0,0,0,0,0,0,0,0,0,0,0,0,0
"01341","Apples","DK",0,0,0,NA,0,0,0,0,0,0,0,0,0,NA,NA,0,0,0,0,0,NA,NA,0,0,0,0,NA,0,0,NA,NA,NA,0,0,0,0,NA,0,0,0,0,0,0,0,0,0,0,0,0,0,0,0,0,0,0,0,0,0,0,0,0,0,0,0,0,0,0,0,0,0,0,0,0,0
"01341","Apples","ES",0,0,0,NA,0,0,0,0,0,0,NA,0,0,NA,NA,0,0,0,0,0,NA,NA,0,0,0,0,NA,0,0,NA,NA,NA,0,0,0,0,NA,0,0,0,0,0,0,0,0,0,0,NA,0,0,0,0,0,0,0,0,0,0,0,0,0,0,0,0,0,0,0,0,0,0,0,0,0,0
"01341","Apples","FR",0,0,0,NA,0,0,0,0,0,0,NA,0,0,NA,NA,0,0,0,0,0,NA,NA,0,0,0,0,NA,0,0,NA,NA,NA,0,0,0,0,NA,0,0,0,0,0,0,0,0,0,0,NA,0,0,0,0,0,0,0,0,0,0,0,0,0,0,0,0,0,0,0,0,0,0,0,0,0,0
"01341","Apples","GR",0,0,0,NA,0,0,0,0,0,0,NA,0,0,NA,NA,0,0,0,0,0,NA,NA,0,0,0,0,NA,0,0,NA,NA,NA,0,0,0,0,NA,0,0,0,0,0,0,0,0,0,0,NA,0,0,0,0,0,0,0,0,0,0,0,0,0,0,0,0,0,0,0,0,0,0,0,0,0,0
"01341","Apples","HU",0,0,0,NA,0,0,0,0,0,0,NA,0,0,NA,NA,0,0,0,0,0,NA,NA,0,0,0,0,NA,0,0,NA,NA,NA,0,0,0,0,NA,0,0,0,0,0,0,0,0,0,0,NA,0,0,0,0,0,0,0,0,0,0,0,0,0,0,0,0,0,0,0,0,0,0,0,0,0,0
"01341","Apples","IE",0,0,0,NA,0,0,0,0,0,0,NA,0,0,NA,NA,0,0,0,0,0,NA,NA,0,0,0,0,NA,0,0,NA,NA,NA,0,0,0,0,NA,0,0,0,0,0,0,0,0,0,0,NA,0,0,0,0,0,0,0,0,0,0,0,0,0,0,0,0,0,0,0,0,0,0,0,0,0,0
"01341","Apples","IT",0,0,0,NA,0,0,0,0,0,0,NA,0,0,NA,NA,0,0,0,0,0,NA,NA,0,0,0,0,NA,0,0,NA,NA,NA,0,0,0,0,NA,0,0,0,0,0,0,0,0,0,0,NA,0,0,0,0,0,0,0,0,0,0,0,0,0,0,0,0,0,0,0,0,0,0,0,0,0,0
"01341","Apples","MK",0,0,0,NA,0,0,0,0,0,0,NA,0,0,NA,NA,0,0,0,0,0,NA,NA,0,0,0,0,NA,0,0,NA,NA,NA,0,0,0,0,NA,0,0,0,0,0,0,0,0,0,0,NA,0,0,0,0,0,0,0,0,0,0,0,0,0,0,0,0,0,0,0,0,0,0,0,0,0,0
"01341","Apples","NL",0,0,0,NA,0,0,0,0,0,NA,NA,0,0,NA,NA,0,0,0,0,NA,NA,NA,0,0,0,NA,NA,0,0,NA,NA,NA,0,0,0,0,NA,0,0,0,0,0,0,0,0,0,NA,NA,0,0,0,0,0,0,0,0,0,0,0,0,0,0,0,0,0,0,0,0,0,0,0,0,0,0
"01341","Apples","PL",0,0,0,NA,0,0,0,0,0,0,NA,0,0,NA,NA,0,0,0,0,0,NA,NA,0,0,0,0,NA,0,0,NA,NA,NA,0,0,0,0,NA,0,0,0,0,0,0,0,0,0,0,NA,0,0,0,0,0,0,0,0,0,0,0,0,0,0,0,0,0,0,0,0,0,0,0,0,0,0
"01341","Apples","PT",0,0,0,NA,0,0,0,0,0,0,NA,0,0,NA,NA,0,0,0,0,0,NA,NA,0,0,0,0,NA,0,0,NA,NA,NA,0,0,0,0,NA,0,0,0,0,0,0,0,0,0,0,NA,0,0,0,0,0,0,0,0,0,0,0,0,0,0,0,0,0,0,0,0,0,0,0,0,0,0
"01341","Apples","SE",0,0,0,NA,0,0,0,0,0,0,NA,0,0,NA,NA,0,0,0,0,0,NA,NA,0,0,0,0,NA,0,0,NA,NA,NA,0,0,0,0,NA,0,0,0,0,0,0,0,0,0,0,NA,0,0,0,0,0,0,0,0,0,0,0,0,0,0,0,0,0,0,0,0,0,0,0,0,0,0
"01341","Apples","TR",0,0,0,NA,0,0,0,0,0,NA,NA,0,0,NA,NA,0,0,0,0,NA,NA,NA,0,0,0,NA,NA,0,0,NA,NA,NA,0,0,0,0,NA,0,0,0,0,0,0,0,0,0,NA,NA,0,0,0,0,0,0,0,0,0,0,0,0,0,0,0,0,0,0,0,0,0,0,0,0,0,0
"01341","Apples","UA",0,0,0,NA,0,0,0,0,0,0,NA,0,0,NA,NA,0,0,0,0,-0,NA,NA,0,0,0,-0,NA,0,0,NA,NA,NA,0,0,0,0,NA,0,0,0,0,0,0,0,0,0,0,NA,0,0,0,0,0,0,0,0,0,0,0,0,0,0,0,0,0,0,0,0,0,0,0,0,0,0
"01341","Apples","ZA",0,0,0,NA,0,0,0,0,0,0,NA,0,0,NA,NA,0,0,0,0,0,NA,NA,0,0,0,0,NA,0,0,NA,NA,NA,0,0,0,0,NA,0,0,0,0,0,0,0,0,0,0,NA,0,0,0,0,0,0,0,0,0,0,0,0,0,0,0,0,0,0,0,0,0,0,0,0,0,0
"01342.01","Pears","AR",0,0,0,NA,0,0,0,0,0,0,NA,0,0,NA,NA,0,0,0,0,0,NA,NA,0,0,0,0,NA,0,0,NA,NA,NA,0,0,0,0,NA,0,0,0,0,0,0,0,0,0,0,NA,0,0,0,0,0,0,0,0,0,0,0,0,0,0,0,0,0,0,0,0,0,0,0,0,0,0
"01342.01","Pears","BE",0,0,0,NA,0,0,0,0,0,0,NA,0,0,NA,NA,0,0,0,0,0,NA,NA,0,0,0,0,NA,0,0,NA,NA,NA,0,0,0,0,NA,0,0,0,0,0,0,0,0,0,0,NA,0,0,0,0,0,0,0,0,0,0,0,0,0,0,0,0,0,0,0,0,0,0,0,0,0,0
"01342.01","Pears","CL",0,0,0,NA,0,0,0,0,0,0,NA,0,0,NA,NA,0,0,0,0,0,NA,NA,0,0,0,0,NA,0,0,NA,NA,NA,0,0,0,0,NA,0,0,0,0,0,0,0,0,0,0,NA,0,0,0,0,0,0,0,0,0,0,0,0,0,0,0,0,0,0,0,0,0,0,0,0,0,0
"01342.01","Pears","CN",0,0,0,NA,0,0,0,0,0,0,NA,0,0,NA,NA,0,0,0,0,0,NA,NA,0,0,0,0,NA,0,0,NA,NA,NA,0,0,0,0,NA,0,0,0,0,0,0,0,0,0,0,NA,0,0,0,0,0,0,0,0,0,0,0,0,0,0,0,0,0,0,0,0,0,0,0,0,0,0
"01342.01","Pears","DE",0,0,0,NA,0,0,0,0,0,0,NA,0,0,NA,NA,0,0,0,0,0,NA,NA,0,0,0,0,NA,0,0,NA,NA,NA,0,0,0,0,NA,0,0,0,0,0,0,0,0,0,0,NA,0,0,0,0,0,0,0,0,0,0,0,0,0,0,0,0,0,0,0,0,0,0,0,0,0,0
"01342.01","Pears","DK",0,0,0,NA,0,0,0,0,0,0,0,0,0,NA,NA,0,0,0,0,0,NA,NA,0,0,0,0,NA,0,0,NA,NA,NA,0,0,0,0,NA,0,0,0,0,0,0,0,0,0,0,0,0,0,0,0,0,0,0,0,0,0,0,0,0,0,0,0,0,0,0,0,0,0,0,0,0,0
"01342.01","Pears","ES",0,0,0,NA,0,0,0,0,0,0,NA,0,0,NA,NA,0,0,0,0,0,NA,NA,0,0,0,0,NA,0,0,NA,NA,NA,0,0,0,0,NA,0,0,0,0,0,0,0,0,0,0,NA,0,0,0,0,0,0,0,0,0,0,0,0,0,0,0,0,0,0,0,0,0,0,0,0,0,0
"01342.01","Pears","FR",0,0,0,NA,0,0,0,0,0,0,NA,0,0,NA,NA,0,0,0,0,0,NA,NA,0,0,0,0,NA,0,0,NA,NA,NA,0,0,0,0,NA,0,0,0,0,0,0,0,0,0,0,NA,0,0,0,0,0,0,0,0,0,0,0,0,0,0,0,0,0,0,0,0,0,0,0,0,0,0
"01342.01","Pears","GR",0,0,0,NA,0,0,0,0,0,0,NA,0,0,NA,NA,0,0,0,0,0,NA,NA,0,0,0,0,NA,0,0,NA,NA,NA,0,0,0,0,NA,0,0,0,0,0,0,0,0,0,0,NA,0,0,0,0,0,0,0,0,0,0,0,0,0,0,0,0,0,0,0,0,0,0,0,0,0,0
"01342.01","Pears","HU",0,0,0,NA,0,0,0,0,0,0,NA,0,0,NA,NA,0,0,0,0,0,NA,NA,0,0,0,0,NA,0,0,NA,NA,NA,0,0,0,0,NA,0,0,0,0,0,0,0,0,0,0,NA,0,0,0,0,0,0,0,0,0,0,0,0,0,0,0,0,0,0,0,0,0,0,0,0,0,0
"01342.01","Pears","IT",0,0,0,NA,0,0,0,0,0,0,NA,0,0,NA,NA,0,0,0,0,0,NA,NA,0,0,0,0,NA,0,0,NA,NA,NA,0,0,0,0,NA,0,0,0,0,0,0,0,0,0,0,NA,0,0,0,0,0,0,0,0,0,0,0,0,0,0,0,0,0,0,0,0,0,0,0,0,0,0
"01342.01","Pears","NL",0,0,0,NA,0,0,0,0,0,NA,NA,0,0,NA,NA,0,0,0,0,NA,NA,NA,0,0,0,NA,NA,0,0,NA,NA,NA,0,0,0,0,NA,0,0,0,0,0,0,0,0,0,NA,NA,0,0,0,0,0,0,0,0,0,0,0,0,0,0,0,0,0,0,0,0,0,0,0,0,0,0
"01342.01","Pears","PL",0,0,0,NA,0,0,0,0,0,0,NA,0,0,NA,NA,0,0,0,0,0,NA,NA,0,0,0,0,NA,0,0,NA,NA,NA,0,0,0,0,NA,0,0,0,0,0,0,0,0,0,0,NA,0,0,0,0,0,0,0,0,0,0,0,0,0,0,0,0,0,0,0,0,0,0,0,0,0,0
"01342.01","Pears","PT",0,0,0,NA,0,0,0,0,0,0,NA,0,0,NA,NA,0,0,0,0,0,NA,NA,0,0,0,0,NA,0,0,NA,NA,NA,0,0,0,0,NA,0,0,0,0,0,0,0,0,0,0,NA,0,0,0,0,0,0,0,0,0,0,0,0,0,0,0,0,0,0,0,0,0,0,0,0,0,0
"01342.01","Pears","SE",0,0,0,NA,0,0,0,0,0,0,NA,0,0,NA,NA,0,0,0,0,0,NA,NA,0,0,0,0,NA,0,0,NA,NA,NA,0,0,0,0,NA,0,0,0,0,0,0,0,0,0,0,NA,0,0,0,0,0,0,0,0,0,0,0,0,0,0,0,0,0,0,0,0,0,0,0,0,0,0
"01342.01","Pears","TR",0,0,0,NA,0,0,0,0,0,NA,NA,0,0,NA,NA,0,0,0,0,NA,NA,NA,0,0,0,NA,NA,0,0,NA,NA,NA,0,0,0,0,NA,0,0,0,0,0,0,0,0,0,NA,NA,0,0,0,0,0,0,0,0,0,0,0,0,0,0,0,0,0,0,0,0,0,0,0,0,0,0
"01342.01","Pears","ZA",0,0,0,NA,0,0,0,0,0,0,NA,0,0,NA,NA,0,0,0,0,0,NA,NA,0,0,0,0,NA,0,0,NA,NA,NA,0,0,0,0,NA,0,0,0,0,0,0,0,0,0,0,NA,0,0,0,0,0,0,0,0,0,0,0,0,0,0,0,0,0,0,0,0,0,0,0,0,0,0
"01342.02","Quinces","AR",0,0,0,NA,0,0,0,0,0,0,NA,0,0,NA,NA,0,0,0,0,0,NA,NA,0,0,0,0,NA,0,0,NA,NA,NA,0,0,0,0,NA,0,0,0,0,0,0,0,0,0,0,NA,0,0,0,0,0,0,0,0,0,0,0,0,0,0,0,0,0,0,0,0,0,0,0,0,0,0
"01342.02","Quinces","CL",0,0,0,NA,0,0,0,0,0,0,NA,0,0,NA,NA,0,0,0,0,0,NA,NA,0,0,0,0,NA,0,0,NA,NA,NA,0,0,0,0,NA,0,0,0,0,0,0,0,0,0,0,NA,0,0,0,0,0,0,0,0,0,0,0,0,0,0,0,0,0,0,0,0,0,0,0,0,0,0
"01342.02","Quinces","IL",0,0,0,NA,0,0,0,0,0,0,NA,0,0,NA,NA,0,0,0,0,0,NA,NA,0,0,0,0,NA,0,0,NA,NA,NA,0,0,0,0,NA,0,0,0,0,0,0,0,0,0,0,NA,0,0,0,0,0,0,0,0,0,0,0,0,0,0,0,0,0,0,0,0,0,0,0,0,0,0
"01342.02","Quinces","MK",0,0,0,NA,0,0,0,0,0,0,NA,0,0,NA,NA,0,0,0,0,0,NA,NA,0,0,0,0,NA,0,0,NA,NA,NA,0,0,0,0,NA,0,0,0,0,0,0,0,0,0,0,NA,0,0,0,0,0,0,0,0,0,0,0,0,0,0,0,0,0,0,0,0,0,0,0,0,0,0
"01342.02","Quinces","RS",0,0,0,NA,0,0,0,0,0,0,NA,0,0,NA,NA,0,0,0,0,NA,NA,NA,0,0,0,NA,NA,0,0,NA,NA,NA,0,0,0,0,NA,0,0,0,0,0,0,0,0,0,0,NA,0,0,0,0,0,0,0,0,0,0,0,0,0,0,0,0,0,0,0,0,0,0,0,0,0,0
"01342.02","Quinces","TR",0,0,0,NA,0,0,0,0,0,NA,NA,0,0,NA,NA,0,0,0,0,NA,NA,NA,0,0,0,NA,NA,0,0,NA,NA,NA,0,0,0,0,NA,0,0,0,0,0,0,0,0,0,NA,NA,0,0,0,0,0,0,0,0,0,0,0,0,0,0,0,0,0,0,0,0,0,0,0,0,0,0
"01343","Apricots","AF",0,0,0,NA,0,0,0,0,0,0,NA,0,0,NA,NA,0,0,0,0,0,NA,NA,0,0,0,0,NA,0,0,NA,NA,NA,NA,0,0,0,NA,0,0,0,0,0,0,0,0,0,0,NA,0,0,0,0,0,0,0,0,0,0,0,0,0,0,0,0,0,0,0,0,0,0,0,0,0,0
"01343","Apricots","ES",0,0,0,NA,0,0,0,0,0,0,NA,0,0,NA,NA,0,0,0,0,0,NA,NA,0,0,0,0,NA,0,0,NA,NA,NA,0,0,0,0,NA,0,0,0,0,0,0,0,0,0,0,NA,0,0,0,0,0,0,0,0,0,0,0,0,0,0,0,0,0,0,0,0,0,0,0,0,0,0
"01343","Apricots","FR",0,0,0,NA,0,0,0,0,0,0,NA,0,0,NA,NA,0,0,0,0,0,NA,NA,0,0,0,0,NA,0,0,NA,NA,NA,0,0,0,0,NA,0,0,0,0,0,0,0,0,0,0,NA,0,0,0,0,0,0,0,0,0,0,0,0,0,0,0,0,0,0,0,0,0,0,0,0,0,0
"01343","Apricots","GR",0,0,0,NA,0,0,0,0,0,0,NA,0,0,NA,NA,0,0,0,0,0,NA,NA,0,0,0,0,NA,0,0,NA,NA,NA,0,0,0,0,NA,0,0,0,0,0,0,0,0,0,0,NA,0,0,0,0,0,0,0,0,0,0,0,0,0,0,0,0,0,0,0,0,0,0,0,0,0,0
"01343","Apricots","HU",0,0,0,NA,0,0,0,0,0,0,NA,0,0,NA,NA,0,0,0,0,0,NA,NA,0,0,0,0,NA,0,0,NA,NA,NA,0,0,0,0,NA,0,0,0,0,0,0,0,0,0,0,NA,0,0,0,0,0,0,0,0,0,0,0,0,0,0,0,0,0,0,0,0,0,0,0,0,0,0
"01343","Apricots","IT",0,0,0,NA,0,0,0,0,0,0,NA,0,0,NA,NA,0,0,0,0,0,NA,NA,0,0,0,0,NA,0,0,NA,NA,NA,0,0,0,0,NA,0,0,0,0,0,0,0,0,0,0,NA,0,0,0,0,0,0,0,0,0,0,0,0,0,0,0,0,0,0,0,0,0,0,0,0,0,0
"01343","Apricots","PL",0,0,0,NA,0,0,0,0,0,0,NA,0,0,NA,NA,0,0,0,0,0,NA,NA,0,0,0,0,NA,0,0,NA,NA,NA,0,0,0,0,NA,0,0,0,0,0,0,0,0,0,0,NA,0,0,0,0,0,0,0,0,0,0,0,0,0,0,0,0,0,0,0,0,0,0,0,0,0,0
"01343","Apricots","RS",0,0,0,NA,0,0,0,0,0,0,NA,0,0,NA,NA,0,0,0,0,NA,NA,NA,0,0,0,NA,NA,0,0,NA,NA,NA,0,0,0,0,NA,0,0,0,0,0,0,0,0,0,0,NA,0,0,0,0,0,0,0,0,0,0,0,0,0,0,0,0,0,0,0,0,0,0,0,0,0,0
"01343","Apricots","TJ",0,0,0,NA,0,0,0,0,0,0,NA,0,0,NA,NA,0,0,0,0,0,NA,NA,0,0,0,0,NA,0,0,NA,NA,NA,0,0,0,0,NA,0,0,0,0,0,0,0,0,0,0,NA,0,0,0,0,0,0,0,0,0,0,0,0,0,0,0,0,0,0,0,0,0,0,0,0,0,0
"01343","Apricots","TR",0,0,0,NA,0,0,0,0,0,NA,NA,0,0,NA,NA,0,0,0,0,NA,NA,NA,0,0,0,NA,NA,0,0,NA,NA,NA,0,0,0,0,NA,0,0,0,0,0,0,0,0,0,NA,NA,0,0,0,0,0,0,0,0,0,0,0,0,0,0,0,0,0,0,0,0,0,0,0,0,0,0
"01343","Apricots","UZ",0,0,0,NA,0,0,0,0,0,0,NA,0,0,NA,NA,0,0,0,0,0,NA,NA,0,0,0,0,NA,0,0,NA,NA,NA,0,0,0,0,NA,0,0,0,0,0,0,0,0,0,0,NA,0,0,0,0,0,0,0,0,0,0,0,0,0,0,0,0,0,0,0,0,0,0,0,0,0,0
"01344.01","Sour cherries","BE",0,0,0,NA,0,0,0,0,0,0,NA,0,0,NA,NA,0,0,0,0,0,NA,NA,0,0,0,0,NA,0,0,NA,NA,NA,0,0,0,0,NA,0,0,0,0,0,0,0,0,0,0,NA,0,0,0,0,0,0,0,0,0,0,0,0,0,0,0,0,0,0,0,0,0,0,0,0,0,0
"01344.01","Sour cherries","BG",0,0,0,NA,0,0,0,0,0,0,NA,0,0,NA,NA,0,0,0,0,0,NA,NA,0,0,0,0,NA,0,0,NA,NA,NA,0,0,0,0,NA,0,0,0,0,0,0,0,0,0,0,NA,0,0,0,0,0,0,0,0,0,0,0,0,0,0,0,0,0,0,0,0,0,0,0,0,0,0
"01344.01","Sour cherries","CZ",0,0,0,NA,0,0,0,0,0,0,NA,0,0,NA,NA,0,0,0,0,0,NA,NA,0,0,0,0,NA,0,0,NA,NA,NA,0,0,0,0,NA,0,0,0,0,0,0,0,0,0,0,NA,0,0,0,0,0,0,0,0,0,0,0,0,0,0,0,0,0,0,0,0,0,0,0,0,0,0
"01344.01","Sour cherries","DE",0,0,0,NA,0,0,0,0,0,0,NA,0,0,NA,NA,0,0,0,0,0,NA,NA,0,0,0,0,NA,0,0,NA,NA,NA,0,0,0,0,NA,0,0,0,0,0,0,0,0,0,0,NA,0,0,0,0,0,0,0,0,0,0,0,0,0,0,0,0,0,0,0,0,0,0,0,0,0,0
"01344.01","Sour cherries","DK",0,0,0,NA,0,0,0,0,0,0,0,0,0,NA,NA,0,0,0,0,0,NA,NA,0,0,0,0,NA,0,0,NA,NA,NA,0,0,0,0,NA,0,0,0,0,0,0,0,0,0,0,0,0,0,0,0,0,0,0,0,0,0,0,0,0,0,0,0,0,0,0,0,0,0,0,0,0,0
"01344.01","Sour cherries","ES",0,0,0,NA,0,0,0,0,0,0,NA,0,0,NA,NA,0,0,0,0,0,NA,NA,0,0,0,0,NA,0,0,NA,NA,NA,0,0,0,0,NA,0,0,0,0,0,0,0,0,0,0,NA,0,0,0,0,0,0,0,0,0,0,0,0,0,0,0,0,0,0,0,0,0,0,0,0,0,0
"01344.01","Sour cherries","FR",0,0,0,NA,0,0,0,0,0,0,NA,0,0,NA,NA,0,0,0,0,0,NA,NA,0,0,0,0,NA,0,0,NA,NA,NA,0,0,0,0,NA,0,0,0,0,0,0,0,0,0,0,NA,0,0,0,0,0,0,0,0,0,0,0,0,0,0,0,0,0,0,0,0,0,0,0,0,0,0
"01344.01","Sour cherries","GR",0,0,0,NA,0,0,0,0,0,0,NA,0,0,NA,NA,0,0,0,0,0,NA,NA,0,0,0,0,NA,0,0,NA,NA,NA,0,0,0,0,NA,0,0,0,0,0,0,0,0,0,0,NA,0,0,0,0,0,0,0,0,0,0,0,0,0,0,0,0,0,0,0,0,0,0,0,0,0,0
"01344.01","Sour cherries","HR",0,0,0,NA,0,0,0,0,0,0,NA,0,0,NA,NA,0,0,0,0,0,NA,NA,0,0,0,0,NA,0,0,NA,NA,NA,0,0,0,0,NA,0,0,0,0,0,0,0,0,0,0,NA,0,0,0,0,0,0,0,0,0,0,0,0,0,0,0,0,0,0,0,0,0,0,0,0,0,0
"01344.01","Sour cherries","HU",0,0,0,NA,0,0,0,0,0,0,NA,0,0,NA,NA,0,0,0,0,0,NA,NA,0,0,0,0,NA,0,0,NA,NA,NA,0,0,0,0,NA,0,0,0,0,0,0,0,0,0,0,NA,0,0,0,0,0,0,0,0,0,0,0,0,0,0,0,0,0,0,0,0,0,0,0,0,0,0
"01344.01","Sour cherries","IT",0,0,0,NA,0,0,0,0,0,0,NA,0,0,NA,NA,0,0,0,0,0,NA,NA,0,0,0,0,NA,0,0,NA,NA,NA,0,0,0,0,NA,0,0,0,0,0,0,0,0,0,0,NA,0,0,0,0,0,0,0,0,0,0,0,0,0,0,0,0,0,0,0,0,0,0,0,0,0,0
"01344.01","Sour cherries","NL",0,0,0,NA,0,0,0,0,0,NA,NA,0,0,NA,NA,0,0,0,0,NA,NA,NA,0,0,0,NA,NA,0,0,NA,NA,NA,0,0,0,0,NA,0,0,0,0,0,0,0,0,0,NA,NA,0,0,0,0,0,0,0,0,0,0,0,0,0,0,0,0,0,0,0,0,0,0,0,0,0,0
"01344.01","Sour cherries","PL",0,0,0,NA,0,0,0,0,0,0,NA,0,0,NA,NA,0,0,0,0,0,NA,NA,0,0,0,0,NA,0,0,NA,NA,NA,0,0,0,0,NA,0,0,0,0,0,0,0,0,0,0,NA,0,0,0,0,0,0,0,0,0,0,0,0,0,0,0,0,0,0,0,0,0,0,0,0,0,0
"01344.01","Sour cherries","RO",0,0,0,NA,0,0,0,0,0,0,NA,0,0,NA,NA,0,0,0,0,0,NA,NA,0,0,0,0,NA,0,0,NA,NA,NA,0,0,0,0,NA,0,0,0,0,0,0,0,0,0,0,NA,0,0,0,0,0,0,0,0,0,0,0,0,0,0,0,0,0,0,0,0,0,0,0,0,0,0
"01344.01","Sour cherries","RS",0,0,0,NA,0,0,0,0,0,0,NA,0,0,NA,NA,0,0,0,0,NA,NA,NA,0,0,0,NA,NA,0,0,NA,NA,NA,0,0,0,0,NA,0,0,0,0,0,0,0,0,0,0,NA,0,0,0,0,0,0,0,0,0,0,0,0,0,0,0,0,0,0,0,0,0,0,0,0,0,0
"01344.01","Sour cherries","SE",0,0,0,NA,0,0,0,0,0,0,NA,0,0,NA,NA,0,0,0,0,0,NA,NA,0,0,0,0,NA,0,0,NA,NA,NA,0,0,0,0,NA,0,0,0,0,0,0,0,0,0,0,NA,0,0,0,0,0,0,0,0,0,0,0,0,0,0,0,0,0,0,0,0,0,0,0,0,0,0
"01344.02","Cherries","AR",0,0,0,NA,0,0,0,0,0,0,NA,0,0,NA,NA,0,0,0,0,0,NA,NA,0,0,0,0,NA,0,0,NA,NA,NA,0,0,0,0,NA,0,0,0,0,0,0,0,0,0,0,NA,0,0,0,0,0,0,0,0,0,0,0,0,0,0,0,0,0,0,0,0,0,0,0,0,0,0
"01344.02","Cherries","AT",0,0,0,NA,0,0,0,0,0,0,NA,0,0,NA,NA,0,0,0,0,0,NA,NA,0,0,0,0,NA,0,0,NA,NA,NA,0,0,0,0,NA,0,0,0,0,0,0,0,0,0,0,NA,0,0,0,0,0,0,0,0,0,0,0,0,0,0,0,0,0,0,0,0,0,0,0,0,0,0
"01344.02","Cherries","BE",0,0,0,NA,0,0,0,0,0,0,NA,0,0,NA,NA,0,0,0,0,0,NA,NA,0,0,0,0,NA,0,0,NA,NA,NA,0,0,0,0,NA,0,0,0,0,0,0,0,0,0,0,NA,0,0,0,0,0,0,0,0,0,0,0,0,0,0,0,0,0,0,0,0,0,0,0,0,0,0
"01344.02","Cherries","BG",0,0,0,NA,0,0,0,0,0,0,NA,0,0,NA,NA,0,0,0,0,0,NA,NA,0,0,0,0,NA,0,0,NA,NA,NA,0,0,0,0,NA,0,0,0,0,0,0,0,0,0,0,NA,0,0,0,0,0,0,0,0,0,0,0,0,0,0,0,0,0,0,0,0,0,0,0,0,0,0
"01344.02","Cherries","CL",0,0,0,NA,0,0,0,0,0,0,NA,0,0,NA,NA,0,0,0,0,0,NA,NA,0,0,0,0,NA,0,0,NA,NA,NA,0,0,0,0,NA,0,0,0,0,0,0,0,0,0,0,NA,0,0,0,0,0,0,0,0,0,0,0,0,0,0,0,0,0,0,0,0,0,0,0,0,0,0
"01344.02","Cherries","DE",0,0,0,NA,0,0,0,0,0,0,NA,0,0,NA,NA,0,0,0,0,0,NA,NA,0,0,0,0,NA,0,0,NA,NA,NA,0,0,0,0,NA,0,0,0,0,0,0,0,0,0,0,NA,0,0,0,0,0,0,0,0,0,0,0,0,0,0,0,0,0,0,0,0,0,0,0,0,0,0
"01344.02","Cherries","DK",0,0,0,NA,0,0,0,0,0,0,NA,0,0,NA,NA,0,0,0,0,0,NA,NA,0,0,0,0,NA,0,0,NA,NA,NA,0,0,0,0,NA,0,0,0,0,0,0,0,0,0,0,NA,0,0,0,0,0,0,0,0,0,0,0,0,0,0,0,0,0,0,0,0,0,0,0,0,0,0
"01344.02","Cherries","ES",0,0,0,NA,0,0,0,0,0,0,NA,0,0,NA,NA,0,0,0,0,0,NA,NA,0,0,0,0,NA,0,0,NA,NA,NA,0,0,0,0,NA,0,0,0,0,0,0,0,0,0,0,NA,0,0,0,0,0,0,0,0,0,0,0,0,0,0,0,0,0,0,0,0,0,0,0,0,0,0
"01344.02","Cherries","FR",0,0,0,NA,0,0,0,0,0,0,NA,0,0,NA,NA,0,0,0,0,0,NA,NA,0,0,0,0,NA,0,0,NA,NA,NA,0,0,0,0,NA,0,0,0,0,0,0,0,0,0,0,NA,0,0,0,0,0,0,0,0,0,0,0,0,0,0,0,0,0,0,0,0,0,0,0,0,0,0
"01344.02","Cherries","GB",0,0,0,NA,0,0,0,0,0,0,NA,0,0,NA,NA,0,0,0,0,NA,NA,NA,0,0,0,NA,NA,0,0,NA,NA,NA,0,0,0,0,NA,0,0,0,0,0,0,0,0,0,0,NA,0,0,0,0,0,0,0,0,0,0,0,0,0,0,0,0,0,0,0,0,0,0,0,0,0,0
"01344.02","Cherries","GR",0,0,0,NA,0,0,0,0,0,0,NA,0,0,NA,NA,0,0,0,0,0,NA,NA,0,0,0,0,NA,0,0,NA,NA,NA,0,0,0,0,NA,0,0,0,0,0,0,0,0,0,0,NA,0,0,0,0,0,0,0,0,0,0,0,0,0,0,0,0,0,0,0,0,0,0,0,0,0,0
"01344.02","Cherries","HU",0,0,0,NA,0,0,0,0,0,0,NA,0,0,NA,NA,0,0,0,0,0,NA,NA,0,0,0,0,NA,0,0,NA,NA,NA,0,0,0,0,NA,0,0,0,0,0,0,0,0,0,0,NA,0,0,0,0,0,0,0,0,0,0,0,0,0,0,0,0,0,0,0,0,0,0,0,0,0,0
"01344.02","Cherries","IT",0,0,0,NA,0,0,0,0,0,0,NA,0,0,NA,NA,0,0,0,0,0,NA,NA,0,0,0,0,NA,0,0,NA,NA,NA,0,0,0,0,NA,0,0,0,0,0,0,0,0,0,0,NA,0,0,0,0,0,0,0,0,0,0,0,0,0,0,0,0,0,0,0,0,0,0,0,0,0,0
"01344.02","Cherries","NL",0,0,0,NA,0,0,0,0,0,NA,NA,0,0,NA,NA,0,0,0,0,NA,NA,NA,0,0,0,NA,NA,0,0,NA,NA,NA,0,0,0,0,NA,0,0,0,0,0,0,0,0,0,NA,NA,0,0,0,0,0,0,0,0,0,0,0,0,0,0,0,0,0,0,0,0,0,0,0,0,0,0
"01344.02","Cherries","PL",0,0,0,NA,0,0,0,0,0,0,NA,0,0,NA,NA,0,0,0,0,0,NA,NA,0,0,0,0,NA,0,0,NA,NA,NA,0,0,0,0,NA,0,0,0,0,0,0,0,0,0,0,NA,0,0,0,0,0,0,0,0,0,0,0,0,0,0,0,0,0,0,0,0,0,0,0,0,0,0
"01344.02","Cherries","RS",0,0,0,NA,0,0,0,0,0,0,NA,0,0,NA,NA,0,0,0,0,NA,NA,NA,0,0,0,NA,NA,0,0,NA,NA,NA,0,0,0,0,NA,0,0,0,0,0,0,0,0,0,0,NA,0,0,0,0,0,0,0,0,0,0,0,0,0,0,0,0,0,0,0,0,0,0,0,0,0,0
"01344.02","Cherries","SE",0,0,0,NA,0,0,0,0,0,0,NA,0,0,NA,NA,0,0,0,0,0,NA,NA,0,0,0,0,NA,0,0,NA,NA,NA,0,0,0,0,NA,0,0,0,0,0,0,0,0,0,0,NA,0,0,0,0,0,0,0,0,0,0,0,0,0,0,0,0,0,0,0,0,0,0,0,0,0,0
"01344.02","Cherries","TR",0,0,0,NA,0,0,0,0,0,NA,NA,0,0,NA,NA,0,0,0,0,NA,NA,NA,0,0,0,NA,NA,0,0,NA,NA,NA,0,0,0,0,NA,0,0,0,0,0,0,0,0,0,NA,NA,0,0,0,0,0,0,0,0,0,0,0,0,0,0,0,0,0,0,0,0,0,0,0,0,0,0
"01344.02","Cherries","US",0,0,0,NA,0,0,0,0,0,0,NA,0,0,NA,NA,0,0,0,0,NA,NA,NA,0,0,0,NA,NA,0,0,NA,NA,NA,0,0,0,0,NA,0,0,0,0,0,0,0,0,0,0,NA,0,0,0,0,0,0,0,0,0,0,0,0,0,0,0,0,0,0,0,0,0,0,0,0,0,0
"01344.02","Cherries","ZA",0,0,0,NA,0,0,0,0,0,0,NA,0,0,NA,NA,0,0,0,0,0,NA,NA,0,0,0,0,NA,0,0,NA,NA,NA,0,0,0,0,NA,0,0,0,0,0,0,0,0,0,0,NA,0,0,0,0,0,0,0,0,0,0,0,0,0,0,0,0,0,0,0,0,0,0,0,0,0,0
"01345","Peaches and nectarines","AL",0,0,0,NA,0,0,0,0,0,0,NA,0,0,NA,NA,0,0,0,0,0,NA,NA,0,0,0,0,NA,0,0,NA,NA,NA,0,0,0,0,NA,0,0,0,0,0,0,0,0,0,0,NA,0,0,0,0,0,0,0,0,0,0,0,0,0,0,0,0,0,0,0,0,0,0,0,0,0,0
"01345","Peaches and nectarines","CL",0,0,0,NA,0,0,0,0,0,0,NA,0,0,NA,NA,0,0,0,0,0,NA,NA,0,0,0,0,NA,0,0,NA,NA,NA,0,0,0,0,NA,0,0,0,0,0,0,0,0,0,0,NA,0,0,0,0,0,0,0,0,0,0,0,0,0,0,0,0,0,0,0,0,0,0,0,0,0,0
"01345","Peaches and nectarines","ES",0,0,0,NA,0,0,0,0,0,0,NA,0,0,NA,NA,0,0,0,0,0,NA,NA,0,0,0,0,NA,0,0,NA,NA,NA,0,0,0,0,NA,0,0,0,0,0,0,0,0,0,0,NA,0,0,0,0,0,0,0,0,0,0,0,0,0,0,0,0,0,0,0,0,0,0,0,0,0,0
"01345","Peaches and nectarines","FR",0,0,0,NA,0,0,0,0,0,0,NA,0,0,NA,NA,0,0,0,0,0,NA,NA,0,0,0,0,NA,0,0,NA,NA,NA,0,0,0,0,NA,0,0,0,0,0,0,0,0,0,0,NA,0,0,0,0,0,0,0,0,0,0,0,0,0,0,0,0,0,0,0,0,0,0,0,0,0,0
"01345","Peaches and nectarines","GR",0,0,0,NA,0,0,0,0,0,0,NA,0,0,NA,NA,0,0,0,0,0,NA,NA,0,0,0,0,NA,0,0,NA,NA,NA,0,0,0,0,NA,0,0,0,0,0,0,0,0,0,0,NA,0,0,0,0,0,0,0,0,0,0,0,0,0,0,0,0,0,0,0,0,0,0,0,0,0,0
"01345","Peaches and nectarines","HU",0,0,0,NA,0,0,0,0,0,0,NA,0,0,NA,NA,0,0,0,0,0,NA,NA,0,0,0,0,NA,0,0,NA,NA,NA,0,0,0,0,NA,0,0,0,0,0,0,0,0,0,0,NA,0,0,0,0,0,0,0,0,0,0,0,0,0,0,0,0,0,0,0,0,0,0,0,0,0,0
"01345","Peaches and nectarines","IT",0,0,0,NA,0,0,0,0,0,0,NA,0,0,NA,NA,0,0,0,0,0,NA,NA,0,0,0,0,NA,0,0,NA,NA,NA,0,0,0,0,NA,0,0,0,0,0,0,0,0,0,0,NA,0,0,0,0,0,0,0,0,0,0,0,0,0,0,0,0,0,0,0,0,0,0,0,0,0,0
"01345","Peaches and nectarines","MK",0,0,0,NA,0,0,0,0,0,0,NA,0,0,NA,NA,0,0,0,0,0,NA,NA,0,0,0,0,NA,0,0,NA,NA,NA,0,0,0,0,NA,0,0,0,0,0,0,0,0,0,0,NA,0,0,0,0,0,0,0,0,0,0,0,0,0,0,0,0,0,0,0,0,0,0,0,0,0,0
"01345","Peaches and nectarines","PL",0,0,0,NA,0,0,0,0,0,0,NA,0,0,NA,NA,0,0,0,0,0,NA,NA,0,0,0,0,NA,0,0,NA,NA,NA,0,0,0,0,NA,0,0,0,0,0,0,0,0,0,0,NA,0,0,0,0,0,0,0,0,0,0,0,0,0,0,0,0,0,0,0,0,0,0,0,0,0,0
"01345","Peaches and nectarines","TR",0,0,0,NA,0,0,0,0,0,NA,NA,0,0,NA,NA,0,0,0,0,NA,NA,NA,0,0,0,NA,NA,0,0,NA,NA,NA,0,0,0,0,NA,0,0,0,0,0,0,0,0,0,NA,NA,0,0,0,0,0,0,0,0,0,0,0,0,0,0,0,0,0,0,0,0,0,0,0,0,0,0
"01345","Peaches and nectarines","ZA",0,0,0,NA,0,0,0,0,0,0,NA,0,0,NA,NA,0,0,0,0,0,NA,NA,0,0,0,0,NA,0,0,NA,NA,NA,0,0,0,0,NA,0,0,0,0,0,0,0,0,0,0,NA,0,0,0,0,0,0,0,0,0,0,0,0,0,0,0,0,0,0,0,0,0,0,0,0,0,0
"01346","Plums and sloes","AR",0,0,0,NA,0,0,0,0,0,0,NA,0,0,NA,NA,0,0,0,0,0,NA,NA,0,0,0,0,NA,0,0,NA,NA,NA,0,0,0,0,NA,0,0,0,0,0,0,0,0,0,0,NA,0,0,0,0,0,0,0,0,0,0,0,0,0,0,0,0,0,0,0,0,0,0,0,0,0,0
"01346","Plums and sloes","BA",0,0,0,NA,0,0,0,0,0,0,NA,0,0,NA,NA,0,0,0,0,0,NA,NA,0,0,0,0,NA,0,0,NA,NA,NA,0,0,0,0,NA,0,0,0,0,0,0,0,0,0,0,NA,0,0,0,0,0,0,0,0,0,0,0,0,0,0,0,0,0,0,0,0,0,0,0,0,0,0
"01346","Plums and sloes","BG",0,0,0,NA,0,0,0,0,0,0,NA,0,0,NA,NA,0,0,0,0,0,NA,NA,0,0,0,0,NA,0,0,NA,NA,NA,0,0,0,0,NA,0,0,0,0,0,0,0,0,0,0,NA,0,0,0,0,0,0,0,0,0,0,0,0,0,0,0,0,0,0,0,0,0,0,0,0,0,0
"01346","Plums and sloes","CL",0,0,0,NA,0,0,0,0,0,0,NA,0,0,NA,NA,0,0,0,0,0,NA,NA,0,0,0,0,NA,0,0,NA,NA,NA,0,0,0,0,NA,0,0,0,0,0,0,0,0,0,0,NA,0,0,0,0,0,0,0,0,0,0,0,0,0,0,0,0,0,0,0,0,0,0,0,0,0,0
"01346","Plums and sloes","CN",0,0,0,NA,0,0,0,0,0,0,NA,0,0,NA,NA,0,0,0,0,0,NA,NA,0,0,0,0,NA,0,0,NA,NA,NA,0,0,0,0,NA,0,0,0,0,0,0,0,0,0,0,NA,0,0,0,0,0,0,0,0,0,0,0,0,0,0,0,0,0,0,0,0,0,0,0,0,0,0
"01346","Plums and sloes","DE",0,0,0,NA,0,0,0,0,0,0,NA,0,0,NA,NA,0,0,0,0,0,NA,NA,0,0,0,0,NA,0,0,NA,NA,NA,0,0,0,0,NA,0,0,0,0,0,0,0,0,0,0,NA,0,0,0,0,0,0,0,0,0,0,0,0,0,0,0,0,0,0,0,0,0,0,0,0,0,0
"01346","Plums and sloes","DK",0,0,0,NA,0,0,0,0,0,0,NA,0,0,NA,NA,0,0,0,0,0,NA,NA,0,0,0,0,NA,0,0,NA,NA,NA,0,0,0,0,NA,0,0,0,0,0,0,0,0,0,0,NA,0,0,0,0,0,0,0,0,0,0,0,0,0,0,0,0,0,0,0,0,0,0,0,0,0,0
"01346","Plums and sloes","ES",0,0,0,NA,0,0,0,0,0,0,NA,0,0,NA,NA,0,0,0,0,0,NA,NA,0,0,0,0,NA,0,0,NA,NA,NA,0,0,0,0,NA,0,0,0,0,0,0,0,0,0,0,NA,0,0,0,0,0,0,0,0,0,0,0,0,0,0,0,0,0,0,0,0,0,0,0,0,0,0
"01346","Plums and sloes","FR",0,0,0,NA,0,0,0,0,0,0,NA,0,0,NA,NA,0,0,0,0,0,NA,NA,0,0,0,0,NA,0,0,NA,NA,NA,0,0,0,0,NA,0,0,0,0,0,0,0,0,0,0,NA,0,0,0,0,0,0,0,0,0,0,0,0,0,0,0,0,0,0,0,0,0,0,0,0,0,0
"01346","Plums and sloes","GR",0,0,0,NA,0,0,0,0,0,0,NA,0,0,NA,NA,0,0,0,0,0,NA,NA,0,0,0,0,NA,0,0,NA,NA,NA,0,0,0,0,NA,0,0,0,0,0,0,0,0,0,0,NA,0,0,0,0,0,0,0,0,0,0,0,0,0,0,0,0,0,0,0,0,0,0,0,0,0,0
"01346","Plums and sloes","HU",0,0,0,NA,0,0,0,0,0,0,NA,0,0,NA,NA,0,0,0,0,0,NA,NA,0,0,0,0,NA,0,0,NA,NA,NA,0,0,0,0,NA,0,0,0,0,0,0,0,0,0,0,NA,0,0,0,0,0,0,0,0,0,0,0,0,0,0,0,0,0,0,0,0,0,0,0,0,0,0
"01346","Plums and sloes","IT",0,0,0,NA,0,0,0,0,0,0,NA,0,0,NA,NA,0,0,0,0,0,NA,NA,0,0,0,0,NA,0,0,NA,NA,NA,0,0,0,0,NA,0,0,0,0,0,0,0,0,0,0,NA,0,0,0,0,0,0,0,0,0,0,0,0,0,0,0,0,0,0,0,0,0,0,0,0,0,0
"01346","Plums and sloes","MD",0,0,0,NA,0,0,0,0,0,0,NA,0,0,NA,NA,0,0,0,0,NA,NA,NA,0,0,0,NA,NA,0,0,NA,NA,NA,0,0,0,0,NA,0,0,0,0,0,0,0,0,0,0,NA,0,0,0,0,0,0,0,0,0,0,0,0,0,0,0,0,0,0,0,0,0,0,0,0,0,0
"01346","Plums and sloes","NL",0,0,0,NA,0,0,0,0,0,NA,NA,0,0,NA,NA,0,0,0,0,NA,NA,NA,0,0,0,NA,NA,0,0,NA,NA,NA,0,0,0,0,NA,0,0,0,0,0,0,0,0,0,NA,NA,0,0,0,0,0,0,0,0,0,0,0,0,0,0,0,0,0,0,0,0,0,0,0,0,0,0
"01346","Plums and sloes","PL",0,0,0,NA,0,0,0,0,0,0,NA,0,0,NA,NA,0,0,0,0,0,NA,NA,0,0,0,0,NA,0,0,NA,NA,NA,0,0,0,0,NA,0,0,0,0,0,0,0,0,0,0,NA,0,0,0,0,0,0,0,0,0,0,0,0,0,0,0,0,0,0,0,0,0,0,0,0,0,0
"01346","Plums and sloes","RS",0,0,0,NA,0,0,0,0,0,0,NA,0,0,NA,NA,0,0,0,0,NA,NA,NA,0,0,0,NA,NA,0,0,NA,NA,NA,0,0,0,0,NA,0,0,0,0,0,0,0,0,0,0,NA,0,0,0,0,0,0,0,0,0,0,0,0,0,0,0,0,0,0,0,0,0,0,0,0,0,0
"01346","Plums and sloes","SE",0,0,0,NA,0,0,0,0,0,0,NA,0,0,NA,NA,0,0,0,0,0,NA,NA,0,0,0,0,NA,0,0,NA,NA,NA,0,0,0,0,NA,0,0,0,0,0,0,0,0,0,0,NA,0,0,0,0,0,0,0,0,0,0,0,0,0,0,0,0,0,0,0,0,0,0,0,0,0,0
"01346","Plums and sloes","TR",0,0,0,NA,0,0,0,0,0,NA,NA,0,0,NA,NA,0,0,0,0,NA,NA,NA,0,0,0,NA,NA,0,0,NA,NA,NA,0,0,0,0,NA,0,0,0,0,0,0,0,0,0,NA,NA,0,0,0,0,0,0,0,0,0,0,0,0,0,0,0,0,0,0,0,0,0,0,0,0,0,0
"01346","Plums and sloes","US",0,0,0,NA,0,0,0,0,0,0,NA,0,0,NA,NA,0,0,0,0,NA,NA,NA,0,0,0,NA,NA,0,0,NA,NA,NA,0,0,0,0,NA,0,0,0,0,0,0,0,0,0,0,NA,0,0,0,0,0,0,0,0,0,0,0,0,0,0,0,0,0,0,0,0,0,0,0,0,0,0
"01346","Plums and sloes","ZA",0,0,0,NA,0,0,0,0,0,0,NA,0,0,NA,NA,0,0,0,0,0,NA,NA,0,0,0,0,NA,0,0,NA,NA,NA,0,0,0,0,NA,0,0,0,0,0,0,0,0,0,0,NA,0,0,0,0,0,0,0,0,0,0,0,0,0,0,0,0,0,0,0,0,0,0,0,0,0,0
"01351.01","Currants","AT",0,0,0,NA,0,0,0,0,0,0,NA,0,0,NA,NA,0,0,0,0,0,NA,NA,0,0,0,0,NA,0,0,NA,NA,NA,0,0,0,0,NA,0,0,0,0,0,0,0,0,0,0,NA,0,0,0,0,0,0,0,0,0,0,0,0,0,0,0,0,0,0,0,0,0,0,0,0,0,0
"01351.01","Currants","BE",0,0,0,NA,0,0,0,0,0,0,NA,0,0,NA,NA,0,0,0,0,0,NA,NA,0,0,0,0,NA,0,0,NA,NA,NA,0,0,0,0,NA,0,0,0,0,0,0,0,0,0,0,NA,0,0,0,0,0,0,0,0,0,0,0,0,0,0,0,0,0,0,0,0,0,0,0,0,0,0
"01351.01","Currants","CL",0,0,0,NA,0,0,0,0,0,0,NA,0,0,NA,NA,0,0,0,0,0,NA,NA,0,0,0,0,NA,0,0,NA,NA,NA,0,0,0,0,NA,0,0,0,0,0,0,0,0,0,0,NA,0,0,0,0,0,0,0,0,0,0,0,0,0,0,0,0,0,0,0,0,0,0,0,0,0,0
"01351.01","Currants","CZ",0,0,0,NA,0,0,0,0,0,NA,NA,0,0,NA,NA,0,0,0,0,0,NA,NA,0,0,0,0,NA,0,0,NA,NA,NA,0,0,0,0,NA,0,0,0,0,0,0,0,0,0,0,NA,0,0,0,0,0,0,0,0,0,0,0,0,0,0,0,0,0,0,0,0,0,0,0,0,0,0
"01351.01","Currants","DE",0,0,0,NA,0,0,0,0,0,0,NA,0,0,NA,NA,0,0,0,0,0,NA,NA,0,0,0,0,NA,0,0,NA,NA,NA,0,0,0,0,NA,0,0,0,0,0,0,0,0,0,0,NA,0,0,0,0,0,0,0,0,0,0,0,0,0,0,0,0,0,0,0,0,0,0,0,0,0,0
"01351.01","Currants","DK",0,0,0,NA,0,0,0,0,0,NA,0,0,0,NA,NA,0,0,0,0,0,NA,NA,0,0,0,0,NA,0,0,NA,NA,NA,0,0,0,0,NA,0,0,0,0,0,0,0,0,0,0,0,0,0,0,0,0,0,0,0,0,0,0,0,0,0,0,0,0,0,0,0,0,0,0,0,0,0
"01351.01","Currants","ES",0,0,0,NA,0,0,0,0,0,0,NA,0,0,NA,NA,0,0,0,0,0,NA,NA,0,0,0,0,NA,0,0,NA,NA,NA,0,0,0,0,NA,0,0,0,0,0,0,0,0,0,0,NA,0,0,0,0,0,0,0,0,0,0,0,0,0,0,0,0,0,0,0,0,0,0,0,0,0,0
"01351.01","Currants","FR",0,0,0,NA,0,0,0,0,0,NA,NA,0,0,NA,NA,0,0,0,0,0,NA,NA,0,0,0,0,NA,0,0,NA,NA,NA,0,0,0,0,NA,0,0,0,0,0,0,0,0,0,0,NA,0,0,0,0,0,0,0,0,0,0,0,0,0,0,0,0,0,0,0,0,0,0,0,0,0,0
"01351.01","Currants","GR",0,0,0,NA,0,0,0,0,0,NA,NA,0,0,NA,NA,0,0,0,0,0,NA,NA,0,0,0,0,NA,0,0,NA,NA,NA,0,0,0,0,NA,0,0,0,0,0,0,0,0,0,0,NA,0,0,0,0,0,0,0,0,0,0,0,0,0,0,0,0,0,0,0,0,0,0,0,0,0,0
"01351.01","Currants","HU",0,0,0,NA,0,0,0,0,0,0,NA,0,0,NA,NA,0,0,0,0,0,NA,NA,0,0,0,0,NA,0,0,NA,NA,NA,0,0,0,0,NA,0,0,0,0,0,0,0,0,0,0,NA,0,0,0,0,0,0,0,0,0,0,0,0,0,0,0,0,0,0,0,0,0,0,0,0,0,0
"01351.01","Currants","IE",0,0,0,NA,0,0,0,0,0,0,NA,0,0,NA,NA,0,0,0,0,0,NA,NA,0,0,0,0,NA,0,0,NA,NA,NA,0,0,0,0,NA,0,0,0,0,0,0,0,0,0,0,NA,0,0,0,0,0,0,0,0,0,0,0,0,0,0,0,0,0,0,0,0,0,0,0,0,0,0
"01351.01","Currants","IT",0,0,0,NA,0,0,0,0,0,0,NA,0,0,NA,NA,0,0,0,0,0,NA,NA,0,0,0,0,NA,0,0,NA,NA,NA,0,0,0,0,NA,0,0,0,0,0,0,0,0,0,0,NA,0,0,0,0,0,0,0,0,0,0,0,0,0,0,0,0,0,0,0,0,0,0,0,0,0,0
"01351.01","Currants","NL",0,0,0,NA,0,0,0,0,0,NA,NA,0,0,NA,NA,0,0,0,0,NA,NA,NA,0,0,0,NA,NA,0,0,NA,NA,NA,0,0,0,0,NA,0,0,0,0,0,0,0,0,0,NA,NA,0,0,0,0,0,0,0,0,0,0,0,0,0,0,0,0,0,0,0,0,0,0,0,0,0,0
"01351.01","Currants","PL",0,0,0,NA,0,0,0,0,0,0,NA,0,0,NA,NA,0,0,0,0,0,NA,NA,0,0,0,0,NA,0,0,NA,NA,NA,0,0,0,0,NA,0,0,0,0,0,0,0,0,0,0,NA,0,0,0,0,0,0,0,0,0,0,0,0,0,0,0,0,0,0,0,0,0,0,0,0,0,0
"01351.01","Currants","PT",0,0,0,NA,0,0,0,0,0,0,NA,0,0,NA,NA,0,0,0,0,0,NA,NA,0,0,0,0,NA,0,0,NA,NA,NA,0,0,0,0,NA,0,0,0,0,0,0,0,0,0,0,NA,0,0,0,0,0,0,0,0,0,0,0,0,0,0,0,0,0,0,0,0,0,0,0,0,0,0
"01351.01","Currants","SE",0,0,0,NA,0,0,0,0,0,0,NA,0,0,NA,NA,0,0,0,0,0,NA,NA,0,0,0,0,NA,0,0,NA,NA,NA,0,0,0,0,NA,0,0,0,0,0,0,0,0,0,0,NA,0,0,0,0,0,0,0,0,0,0,0,0,0,0,0,0,0,0,0,0,0,0,0,0,0,0
"01352","Kiwi fruit","CL",0,0,0,NA,0,0,0,0,0,0,NA,0,0,NA,NA,0,0,0,0,0,NA,NA,0,0,0,0,NA,0,0,NA,NA,NA,0,0,0,0,NA,0,0,0,0,0,0,0,0,0,0,NA,0,0,0,0,0,0,0,0,0,0,0,0,0,0,0,0,0,0,0,0,0,0,0,0,0,0
"01352","Kiwi fruit","ES",0,0,0,NA,0,0,0,0,0,0,NA,0,0,NA,NA,0,0,0,0,0,NA,NA,0,0,0,0,NA,0,0,NA,NA,NA,0,0,0,0,NA,0,0,0,0,0,0,0,0,0,0,NA,0,0,0,0,0,0,0,0,0,0,0,0,0,0,0,0,0,0,0,0,0,0,0,0,0,0
"01352","Kiwi fruit","FR",0,0,0,NA,0,0,0,0,0,0,NA,0,0,NA,NA,0,0,0,0,0,NA,NA,0,0,0,0,NA,0,0,NA,NA,NA,0,0,0,0,NA,0,0,0,0,0,0,0,0,0,0,NA,0,0,0,0,0,0,0,0,0,0,0,0,0,0,0,0,0,0,0,0,0,0,0,0,0,0
"01352","Kiwi fruit","GR",0,0,0,NA,0,0,0,0,0,0,NA,0,0,NA,NA,0,0,0,0,0,NA,NA,0,0,0,0,NA,0,0,NA,NA,NA,0,0,0,0,NA,0,0,0,0,0,0,0,0,0,0,NA,0,0,0,0,0,0,0,0,0,0,0,0,0,0,0,0,0,0,0,0,0,0,0,0,0,0
"01352","Kiwi fruit","IT",0,0,0,NA,0,0,0,0,0,0,NA,0,0,NA,NA,0,0,0,0,0,NA,NA,0,0,0,0,NA,0,0,NA,NA,NA,0,0,0,0,NA,0,0,0,0,0,0,0,0,0,0,NA,0,0,0,0,0,0,0,0,0,0,0,0,0,0,0,0,0,0,0,0,0,0,0,0,0,0
"01352","Kiwi fruit","NZ",0,0,0,NA,0,0,0,0,0,0,NA,0,0,NA,NA,0,0,0,0,0,NA,NA,0,0,0,0,NA,0,0,NA,NA,NA,0,0,0,0,NA,0,0,0,0,0,0,0,0,0,0,NA,0,0,0,0,0,0,0,0,0,0,0,0,0,0,0,0,0,0,0,0,0,0,0,0,0,0
"01352","Kiwi fruit","PT",0,0,0,NA,0,0,0,0,0,0,NA,0,0,NA,NA,0,0,0,0,0,NA,NA,0,0,0,0,NA,0,0,NA,NA,NA,0,0,0,0,NA,0,0,0,0,0,0,0,0,0,0,NA,0,0,0,0,0,0,0,0,0,0,0,0,0,0,0,0,0,0,0,0,0,0,0,0,0,0
"01353.01","Raspberries","AT",0,0,0,NA,0,0,0,0,0,0,NA,0,0,NA,NA,0,0,0,0,0,NA,NA,0,0,0,0,NA,0,0,NA,NA,NA,0,0,0,0,NA,0,0,0,0,0,0,0,0,0,0,NA,0,0,0,0,0,0,0,0,0,0,0,0,0,0,0,0,0,0,0,0,0,0,0,0,0,0
"01353.01","Raspberries","CA",0,0,0,NA,0,0,0,0,0,0,NA,0,0,NA,NA,0,0,0,0,0,NA,NA,0,0,0,0,NA,0,0,NA,NA,NA,0,0,0,0,NA,0,0,0,0,0,0,0,0,0,0,NA,0,0,0,0,0,0,0,0,0,0,0,0,0,0,0,0,0,0,0,0,0,0,0,0,0,0
"01353.01","Raspberries","CL",0,0,0,NA,0,0,0,0,0,0,NA,0,0,NA,NA,0,0,0,0,0,NA,NA,0,0,0,0,NA,0,0,NA,NA,NA,0,0,0,0,NA,0,0,0,0,0,0,0,0,0,0,NA,0,0,0,0,0,0,0,0,0,0,0,0,0,0,0,0,0,0,0,0,0,0,0,0,0,0
"01353.01","Raspberries","DE",0,0,0,NA,0,0,0,0,0,0,NA,0,0,NA,NA,0,0,0,0,0,NA,NA,0,0,0,0,NA,0,0,NA,NA,NA,0,0,0,0,NA,0,0,0,0,0,0,0,0,0,0,NA,0,0,0,0,0,0,0,0,0,0,0,0,0,0,0,0,0,0,0,0,0,0,0,0,0,0
"01353.01","Raspberries","DK",0,0,0,NA,0,0,0,0,0,NA,NA,0,0,NA,NA,0,0,0,0,0,NA,NA,0,0,0,0,NA,0,0,NA,NA,NA,0,0,0,0,NA,0,0,0,0,0,0,0,0,0,0,NA,0,0,0,0,0,0,0,0,0,0,0,0,0,0,0,0,0,0,0,0,0,0,0,0,0,0
"01353.01","Raspberries","ES",0,0,0,NA,0,0,0,0,0,0,NA,0,0,NA,NA,0,0,0,0,0,NA,NA,0,0,0,0,NA,0,0,NA,NA,NA,0,0,0,0,NA,0,0,0,0,0,0,0,0,0,0,NA,0,0,0,0,0,0,0,0,0,0,0,0,0,0,0,0,0,0,0,0,0,0,0,0,0,0
"01353.01","Raspberries","FR",0,0,0,NA,0,0,0,0,0,NA,NA,0,0,NA,NA,0,0,0,0,0,NA,NA,0,0,0,0,NA,0,0,NA,NA,NA,0,0,0,0,NA,0,0,0,0,0,0,0,0,0,0,NA,0,0,0,0,0,0,0,0,0,0,0,0,0,0,0,0,0,0,0,0,0,0,0,0,0,0
"01353.01","Raspberries","HU",0,0,0,NA,0,0,0,0,0,0,NA,0,0,NA,NA,0,0,0,0,0,NA,NA,0,0,0,0,NA,0,0,NA,NA,NA,0,0,0,0,NA,0,0,0,0,0,0,0,0,0,0,NA,0,0,0,0,0,0,0,0,0,0,0,0,0,0,0,0,0,0,0,0,0,0,0,0,0,0
"01353.01","Raspberries","IT",0,0,0,NA,0,0,0,0,0,0,NA,0,0,NA,NA,0,0,0,0,0,NA,NA,0,0,0,0,NA,0,0,NA,NA,NA,0,0,0,0,NA,0,0,0,0,0,0,0,0,0,0,NA,0,0,0,0,0,0,0,0,0,0,0,0,0,0,0,0,0,0,0,0,0,0,0,0,0,0
"01353.01","Raspberries","MA",0,0,0,NA,0,0,0,0,0,0,NA,0,0,NA,NA,0,0,0,0,0,NA,NA,0,0,0,0,NA,0,0,NA,NA,NA,0,0,0,0,NA,0,0,0,0,0,0,0,0,0,0,NA,0,0,0,0,0,0,0,0,0,0,0,0,0,0,0,0,0,0,0,0,0,0,0,0,0,0
"01353.01","Raspberries","NL",0,0,0,NA,0,0,0,0,0,NA,NA,0,0,NA,NA,0,0,0,0,NA,NA,NA,0,0,0,NA,NA,0,0,NA,NA,NA,0,0,0,0,NA,0,0,0,0,0,0,0,0,0,NA,NA,0,0,0,0,0,0,0,0,0,0,0,0,0,0,0,0,0,0,0,0,0,0,0,0,0,0
"01353.01","Raspberries","PL",0,0,0,NA,0,0,0,0,0,0,NA,0,0,NA,NA,0,0,0,0,0,NA,NA,0,0,0,0,NA,0,0,NA,NA,NA,0,0,0,0,NA,0,0,0,0,0,0,0,0,0,0,NA,0,0,0,0,0,0,0,0,0,0,0,0,0,0,0,0,0,0,0,0,0,0,0,0,0,0
"01353.01","Raspberries","PT",0,0,0,NA,0,0,0,0,0,0,NA,0,0,NA,NA,0,0,0,0,0,NA,NA,0,0,0,0,NA,0,0,NA,NA,NA,0,0,0,0,NA,0,0,0,0,0,0,0,0,0,0,NA,0,0,0,0,0,0,0,0,0,0,0,0,0,0,0,0,0,0,0,0,0,0,0,0,0,0
"01353.01","Raspberries","RO",0,0,0,NA,0,0,0,0,0,0,NA,0,0,NA,NA,0,0,0,0,0,NA,NA,0,0,0,0,NA,0,0,NA,NA,NA,0,0,0,0,NA,0,0,0,0,0,0,0,0,0,0,NA,0,0,0,0,0,0,0,0,0,0,0,0,0,0,0,0,0,0,0,0,0,0,0,0,0,0
"01353.01","Raspberries","SE",0,0,0,NA,0,0,0,0,0,0,NA,0,0,NA,NA,0,0,0,0,0,NA,NA,0,0,0,0,NA,0,0,NA,NA,NA,0,0,0,0,NA,0,0,0,0,0,0,0,0,0,0,NA,0,0,0,0,0,0,0,0,0,0,0,0,0,0,0,0,0,0,0,0,0,0,0,0,0,0
"01353.01","Raspberries","ZW",0,0,0,NA,0,0,0,0,0,NA,NA,0,0,NA,NA,0,0,0,0,NA,NA,NA,0,0,0,NA,NA,0,0,NA,NA,NA,0,0,0,0,NA,0,0,0,0,0,0,0,0,0,NA,NA,0,0,0,0,0,0,0,0,0,0,0,0,0,0,0,0,0,0,0,0,0,0,0,0,0,0
"01354","Strawberries","AT",0,0,0,NA,0,0,0,0,0,0,NA,0,0,NA,NA,0,0,0,0,0,NA,NA,0,0,0,0,NA,0,0,NA,NA,NA,0,0,0,0,NA,0,0,0,0,0,0,0,0,0,0,NA,0,0,0,0,0,0,0,0,0,0,0,0,0,0,0,0,0,0,0,0,0,0,0,0,0,0
"01354","Strawberries","BE",0,0,0,NA,0,0,0,0,0,0,NA,0,0,NA,NA,0,0,0,0,0,NA,NA,0,0,0,0,NA,0,0,NA,NA,NA,0,0,0,0,NA,0,0,0,0,0,0,0,0,0,0,NA,0,0,0,0,0,0,0,0,0,0,0,0,0,0,0,0,0,0,0,0,0,0,0,0,0,0
"01354","Strawberries","DE",0,0,0,NA,0,0,0,0,0,0,NA,0,0,NA,NA,0,0,0,0,0,NA,NA,0,0,0,0,NA,0,0,NA,NA,NA,0,0,0,0,NA,0,0,0,0,0,0,0,0,0,0,NA,0,0,0,0,0,0,0,0,0,0,0,0,0,0,0,0,0,0,0,0,0,0,0,0,0,0
"01354","Strawberries","DK",0,0,0,NA,0,0,0,0,0,NA,0,0,0,NA,NA,0,0,0,0,0,NA,NA,0,0,0,0,NA,0,0,NA,NA,NA,0,0,0,0,NA,0,0,0,0,0,0,0,0,0,0,0,0,0,0,0,0,0,0,0,0,0,0,0,0,0,0,0,0,0,0,0,0,0,0,0,0,0
"01354","Strawberries","EG",0,0,0,NA,0,0,0,0,0,0,NA,NA,0,NA,NA,0,0,0,0,0,NA,NA,0,0,0,0,NA,0,0,NA,NA,NA,0,0,0,0,NA,0,0,0,0,0,0,0,0,0,0,NA,NA,0,0,0,0,0,0,0,0,0,0,0,0,0,0,0,0,0,0,0,0,0,0,0,0,0
"01354","Strawberries","ES",0,0,0,NA,0,0,0,0,0,0,NA,0,0,NA,NA,0,0,0,0,0,NA,NA,0,0,0,0,NA,0,0,NA,NA,NA,0,0,0,0,NA,0,0,0,0,0,0,0,0,0,0,NA,0,0,0,0,0,0,0,0,0,0,0,0,0,0,0,0,0,0,0,0,0,0,0,0,0,0
"01354","Strawberries","FR",0,0,0,NA,0,0,0,0,0,NA,NA,0,0,NA,NA,0,0,0,0,0,NA,NA,0,0,0,0,NA,0,0,NA,NA,NA,0,0,0,0,NA,0,0,0,0,0,0,0,0,0,0,NA,0,0,0,0,0,0,0,0,0,0,0,0,0,0,0,0,0,0,0,0,0,0,0,0,0,0
"01354","Strawberries","GR",0,0,0,NA,0,0,0,0,0,NA,NA,0,0,NA,NA,0,0,0,0,0,NA,NA,0,0,0,0,NA,0,0,NA,NA,NA,0,0,0,0,NA,0,0,0,0,0,0,0,0,0,0,NA,0,0,0,0,0,0,0,0,0,0,0,0,0,0,0,0,0,0,0,0,0,0,0,0,0,0
"01354","Strawberries","HU",0,0,0,NA,0,0,0,0,0,0,NA,0,0,NA,NA,0,0,0,0,0,NA,NA,0,0,0,0,NA,0,0,NA,NA,NA,0,0,0,0,NA,0,0,0,0,0,0,0,0,0,0,NA,0,0,0,0,0,0,0,0,0,0,0,0,0,0,0,0,0,0,0,0,0,0,0,0,0,0
"01354","Strawberries","IE",0,0,0,NA,0,0,0,0,0,0,NA,0,0,NA,NA,0,0,0,0,0,NA,NA,0,0,0,0,NA,0,0,NA,NA,NA,0,0,0,0,NA,0,0,0,0,0,0,0,0,0,0,NA,0,0,0,0,0,0,0,0,0,0,0,0,0,0,0,0,0,0,0,0,0,0,0,0,0,0
"01354","Strawberries","IT",0,0,0,NA,0,0,0,0,0,0,NA,0,0,NA,NA,0,0,0,0,0,NA,NA,0,0,0,0,NA,0,0,NA,NA,NA,0,0,0,0,NA,0,0,0,0,0,0,0,0,0,0,NA,0,0,0,0,0,0,0,0,0,0,0,0,0,0,0,0,0,0,0,0,0,0,0,0,0,0
"01354","Strawberries","MA",0,0,0,NA,0,0,0,0,0,0,NA,0,0,NA,NA,0,0,0,0,0,NA,NA,0,0,0,0,NA,0,0,NA,NA,NA,0,0,0,0,NA,0,0,0,0,0,0,0,0,0,0,NA,0,0,0,0,0,0,0,0,0,0,0,0,0,0,0,0,0,0,0,0,0,0,0,0,0,0
"01354","Strawberries","NL",0,0,0,NA,0,0,0,0,0,NA,NA,0,0,NA,NA,0,0,0,0,NA,NA,NA,0,0,0,NA,NA,0,0,NA,NA,NA,0,0,0,0,NA,0,0,0,0,0,0,0,0,0,NA,NA,0,0,0,0,0,0,0,0,0,0,0,0,0,0,0,0,0,0,0,0,0,0,0,0,0,0
"01354","Strawberries","PL",0,0,0,NA,0,0,0,0,0,0,NA,0,0,NA,NA,0,0,0,0,0,NA,NA,0,0,0,0,NA,0,0,NA,NA,NA,0,0,0,0,NA,0,0,0,0,0,0,0,0,0,0,NA,0,0,0,0,0,0,0,0,0,0,0,0,0,0,0,0,0,0,0,0,0,0,0,0,0,0
"01354","Strawberries","SE",0,0,0,NA,0,0,0,0,0,0,NA,0,0,NA,NA,0,0,0,0,0,NA,NA,0,0,0,0,NA,0,0,NA,NA,NA,0,0,0,0,NA,0,0,0,0,0,0,0,0,0,0,NA,0,0,0,0,0,0,0,0,0,0,0,0,0,0,0,0,0,0,0,0,0,0,0,0,0,0
"01355.01","Blueberries","AT",0,0,0,NA,0,0,0,0,0,0,NA,0,0,NA,NA,0,0,0,0,0,NA,NA,0,0,0,0,NA,0,0,NA,NA,NA,0,0,0,0,NA,0,0,0,0,0,0,0,0,0,0,NA,0,0,0,0,0,0,0,0,0,0,0,0,0,0,0,0,0,0,0,0,0,0,0,0,0,0
"01355.01","Blueberries","CA",0,0,0,NA,0,0,0,0,0,0,NA,0,0,NA,NA,0,0,0,0,0,NA,NA,0,0,0,0,NA,0,0,NA,NA,NA,0,0,0,0,NA,0,0,0,0,0,0,0,0,0,0,NA,0,0,0,0,0,0,0,0,0,0,0,0,0,0,0,0,0,0,0,0,0,0,0,0,0,0
"01355.01","Blueberries","CL",0,0,0,NA,0,0,0,0,0,0,NA,0,0,NA,NA,0,0,0,0,0,NA,NA,0,0,0,0,NA,0,0,NA,NA,NA,0,0,0,0,NA,0,0,0,0,0,0,0,0,0,0,NA,0,0,0,0,0,0,0,0,0,0,0,0,0,0,0,0,0,0,0,0,0,0,0,0,0,0
"01355.01","Blueberries","DE",0,0,0,NA,0,0,0,0,0,0,NA,0,0,NA,NA,0,0,0,0,0,NA,NA,0,0,0,0,NA,0,0,NA,NA,NA,0,0,0,0,NA,0,0,0,0,0,0,0,0,0,0,NA,0,0,0,0,0,0,0,0,0,0,0,0,0,0,0,0,0,0,0,0,0,0,0,0,0,0
"01355.01","Blueberries","DK",0,0,0,NA,0,0,0,0,0,NA,0,0,0,NA,NA,0,0,0,0,0,NA,NA,0,0,0,0,NA,0,0,NA,NA,NA,0,0,0,0,NA,0,0,0,0,0,0,0,0,0,0,0,0,0,0,0,0,0,0,0,0,0,0,0,0,0,0,0,0,0,0,0,0,0,0,0,0,0
"01355.01","Blueberries","ES",0,0,0,NA,0,0,0,0,0,0,NA,0,0,NA,NA,0,0,0,0,0,NA,NA,0,0,0,0,NA,0,0,NA,NA,NA,0,0,0,0,NA,0,0,0,0,0,0,0,0,0,0,NA,0,0,0,0,0,0,0,0,0,0,0,0,0,0,0,0,0,0,0,0,0,0,0,0,0,0
"01355.01","Blueberries","FR",0,0,0,NA,0,0,0,0,0,NA,NA,0,0,NA,NA,0,0,0,0,0,NA,NA,0,0,0,0,NA,0,0,NA,NA,NA,0,0,0,0,NA,0,0,0,0,0,0,0,0,0,0,NA,0,0,0,0,0,0,0,0,0,0,0,0,0,0,0,0,0,0,0,0,0,0,0,0,0,0
"01355.01","Blueberries","HU",0,0,0,NA,0,0,0,0,0,0,NA,0,0,NA,NA,0,0,0,0,0,NA,NA,0,0,0,0,NA,0,0,NA,NA,NA,0,0,0,0,NA,0,0,0,0,0,0,0,0,0,0,NA,0,0,0,0,0,0,0,0,0,0,0,0,0,0,0,0,0,0,0,0,0,0,0,0,0,0
"01355.01","Blueberries","IT",0,0,0,NA,0,0,0,0,0,0,NA,0,0,NA,NA,0,0,0,0,0,NA,NA,0,0,0,0,NA,0,0,NA,NA,NA,0,0,0,0,NA,0,0,0,0,0,0,0,0,0,0,NA,0,0,0,0,0,0,0,0,0,0,0,0,0,0,0,0,0,0,0,0,0,0,0,0,0,0
"01355.01","Blueberries","MA",0,0,0,NA,0,0,0,0,0,0,NA,0,0,NA,NA,0,0,0,0,0,NA,NA,0,0,0,0,NA,0,0,NA,NA,NA,0,0,0,0,NA,0,0,0,0,0,0,0,0,0,0,NA,0,0,0,0,0,0,0,0,0,0,0,0,0,0,0,0,0,0,0,0,0,0,0,0,0,0
"01355.01","Blueberries","NL",0,0,0,NA,0,0,0,0,0,NA,NA,0,0,NA,NA,0,0,0,0,NA,NA,NA,0,0,0,NA,NA,0,0,NA,NA,NA,0,0,0,0,NA,0,0,0,0,0,0,0,0,0,NA,NA,0,0,0,0,0,0,0,0,0,0,0,0,0,0,0,0,0,0,0,0,0,0,0,0,0,0
"01355.01","Blueberries","PE",0,0,0,NA,0,0,0,0,0,0,NA,0,0,NA,NA,0,0,0,0,0,NA,NA,0,0,0,0,NA,0,0,NA,NA,NA,0,0,0,0,NA,0,0,0,0,0,0,0,0,0,0,NA,0,0,0,0,0,0,0,0,0,0,0,0,0,0,0,0,0,0,0,0,0,0,0,0,0,0
"01355.01","Blueberries","PL",0,0,0,NA,0,0,0,0,0,0,NA,0,0,NA,NA,0,0,0,0,0,NA,NA,0,0,0,0,NA,0,0,NA,NA,NA,0,0,0,0,NA,0,0,0,0,0,0,0,0,0,0,NA,0,0,0,0,0,0,0,0,0,0,0,0,0,0,0,0,0,0,0,0,0,0,0,0,0,0
"01355.01","Blueberries","PT",0,0,0,NA,0,0,0,0,0,0,NA,0,0,NA,NA,0,0,0,0,0,NA,NA,0,0,0,0,NA,0,0,NA,NA,NA,0,0,0,0,NA,0,0,0,0,0,0,0,0,0,0,NA,0,0,0,0,0,0,0,0,0,0,0,0,0,0,0,0,0,0,0,0,0,0,0,0,0,0
"01355.01","Blueberries","RO",0,0,0,NA,0,0,0,0,0,0,NA,0,0,NA,NA,0,0,0,0,0,NA,NA,0,0,0,0,NA,0,0,NA,NA,NA,0,0,0,0,NA,0,0,0,0,0,0,0,0,0,0,NA,0,0,0,0,0,0,0,0,0,0,0,0,0,0,0,0,0,0,0,0,0,0,0,0,0,0
"01355.01","Blueberries","SE",0,0,0,NA,0,0,0,0,0,0,NA,0,0,NA,NA,0,0,0,0,0,NA,NA,0,0,0,0,NA,0,0,NA,NA,NA,0,0,0,0,NA,0,0,0,0,0,0,0,0,0,0,NA,0,0,0,0,0,0,0,0,0,0,0,0,0,0,0,0,0,0,0,0,0,0,0,0,0,0
"01355.01","Blueberries","ZW",0,0,0,NA,0,0,0,0,0,NA,NA,0,0,NA,NA,0,0,0,0,NA,NA,NA,0,0,0,NA,NA,0,0,NA,NA,NA,0,0,0,0,NA,0,0,0,0,0,0,0,0,0,NA,NA,0,0,0,0,0,0,0,0,0,0,0,0,0,0,0,0,0,0,0,0,0,0,0,0,0,0
"01359.90","Other fruits, n.e.c.","CN",0,0,0,NA,0,0,0,0,0,0,NA,0,0,NA,NA,0,0,0,0,0,NA,NA,0,0,0,0,NA,0,0,NA,NA,NA,0,0,0,0,NA,0,0,0,0,0,0,0,0,0,0,NA,0,0,0,0,0,0,0,0,0,0,0,0,0,0,0,0,0,0,0,0,0,0,0,0,0,0
"01359.90","Other fruits, n.e.c.","CO",0,0,0,NA,0,0,0,0,0,0,NA,0,0,NA,NA,0,0,0,0,0,NA,NA,0,0,0,0,NA,0,0,NA,NA,NA,0,0,0,0,NA,0,0,0,0,0,0,0,0,0,0,NA,0,0,0,0,0,0,0,0,0,0,0,0,0,0,0,0,0,0,0,0,0,0,0,0,0,0
"01359.90","Other fruits, n.e.c.","CR",0,0,0,NA,0,0,0,0,0,0,NA,0,0,NA,NA,0,0,0,0,0,NA,NA,0,0,0,0,NA,0,0,NA,NA,NA,0,0,0,0,NA,0,0,0,0,0,0,0,0,0,0,NA,0,0,0,0,0,0,0,0,0,0,0,0,0,0,0,0,0,0,0,0,0,0,0,0,0,0
"01359.90","Other fruits, n.e.c.","EC",0,0,0,NA,0,0,0,0,0,0,NA,0,0,NA,NA,0,0,0,0,0,NA,NA,0,0,0,0,NA,0,0,NA,NA,NA,0,0,0,0,NA,0,0,0,0,0,0,0,0,0,0,NA,0,0,0,0,0,0,0,0,0,0,0,0,0,0,0,0,0,0,0,0,0,0,0,0,0,0
"01359.90","Other fruits, n.e.c.","EG",0,0,0,NA,0,0,0,0,0,0,NA,NA,0,NA,NA,0,0,0,0,0,NA,NA,0,0,0,0,NA,0,0,NA,NA,NA,0,0,0,0,NA,0,0,0,0,0,0,0,0,0,0,NA,NA,0,0,0,0,0,0,0,0,0,0,0,0,0,0,0,0,0,0,0,0,0,0,0,0,0
"01359.90","Other fruits, n.e.c.","GT",0,0,0,NA,0,0,0,0,0,0,NA,0,0,NA,NA,0,0,0,0,0,NA,NA,0,0,0,0,NA,0,0,NA,NA,NA,0,0,0,0,NA,0,0,0,0,0,0,0,0,0,0,NA,0,0,0,0,0,0,0,0,0,0,0,0,0,0,0,0,0,0,0,0,0,0,0,0,0,0
"01359.90","Other fruits, n.e.c.","IN",0,0,0,NA,0,0,0,0,0,0,NA,0,0,NA,NA,0,0,0,0,0,NA,NA,0,0,0,0,NA,0,0,NA,NA,NA,NA,0,0,0,NA,0,0,0,0,0,0,0,0,0,0,NA,0,0,0,0,0,0,0,0,0,0,0,0,0,0,0,0,0,0,0,0,0,0,0,0,0,0
"01359.90","Other fruits, n.e.c.","MA",0,0,0,NA,0,0,0,0,0,0,NA,0,0,NA,NA,0,0,0,0,0,NA,NA,0,0,0,0,NA,0,0,NA,NA,NA,0,0,0,0,NA,0,0,0,0,0,0,0,0,0,0,NA,0,0,0,0,0,0,0,0,0,0,0,0,0,0,0,0,0,0,0,0,0,0,0,0,0,0
"01359.90","Other fruits, n.e.c.","MG",0,0,0,NA,0,0,0,0,0,0,NA,0,0,NA,NA,0,0,0,0,0,NA,NA,0,0,0,0,NA,0,0,NA,NA,NA,0,0,0,0,NA,0,0,0,0,0,0,0,0,0,0,NA,0,0,0,0,0,0,0,0,0,0,0,0,0,0,0,0,0,0,0,0,0,0,0,0,0,0
"01359.90","Other fruits, n.e.c.","MX",0,0,0,NA,0,0,0,0,0,0,NA,0,0,NA,NA,0,0,0,0,NA,NA,NA,0,0,0,NA,NA,0,0,NA,NA,NA,0,0,0,0,NA,0,0,0,0,0,0,0,0,0,0,NA,0,0,0,0,0,0,0,0,0,0,0,0,0,0,0,0,0,0,0,0,0,0,0,0,0,0
"01359.90","Other fruits, n.e.c.","PE",0,0,0,NA,0,0,0,0,0,0,NA,0,0,NA,NA,0,0,0,0,0,NA,NA,0,0,0,0,NA,0,0,NA,NA,NA,0,0,0,0,NA,0,0,0,0,0,0,0,0,0,0,NA,0,0,0,0,0,0,0,0,0,0,0,0,0,0,0,0,0,0,0,0,0,0,0,0,0,0
"01359.90","Other fruits, n.e.c.","PH",0,0,0,NA,0,0,0,0,0,0,NA,0,0,NA,NA,0,0,0,0,0,NA,NA,0,0,0,0,NA,0,0,NA,NA,NA,0,0,0,0,NA,0,0,0,0,0,0,0,0,0,0,NA,0,0,0,0,0,0,0,0,0,0,0,0,0,0,0,0,0,0,0,0,0,0,0,0,0,0
"01359.90","Other fruits, n.e.c.","RS",0,0,0,NA,0,0,0,0,0,0,NA,0,0,NA,NA,0,0,0,0,NA,NA,NA,0,0,0,NA,NA,0,0,NA,NA,NA,0,0,0,0,NA,0,0,0,0,0,0,0,0,0,0,NA,0,0,0,0,0,0,0,0,0,0,0,0,0,0,0,0,0,0,0,0,0,0,0,0,0,0
"01359.90","Other fruits, n.e.c.","TH",0,0,0,NA,0,0,0,0,0,0,NA,0,0,NA,NA,0,0,0,0,0,NA,NA,0,0,0,0,NA,0,0,NA,NA,NA,NA,0,0,0,NA,0,0,0,0,0,0,0,0,0,0,NA,0,0,0,0,0,0,0,0,0,0,0,0,0,0,0,0,0,0,0,0,0,0,0,0,0,0
"01359.90","Other fruits, n.e.c.","TR",0,0,0,NA,0,0,0,0,0,NA,NA,0,0,NA,NA,0,0,0,0,NA,NA,NA,0,0,0,NA,NA,0,0,NA,NA,NA,0,0,0,0,NA,0,0,0,0,0,0,0,0,0,NA,NA,0,0,0,0,0,0,0,0,0,0,0,0,0,0,0,0,0,0,0,0,0,0,0,0,0,0
"01359.90","Other fruits, n.e.c.","VN",0,0,0,NA,0,0,0,0,0,0,NA,0,0,NA,NA,0,0,0,0,0,NA,NA,0,0,0,0,NA,0,0,NA,NA,NA,NA,0,0,0,NA,0,0,0,0,0,0,0,0,0,0,NA,0,0,0,0,0,0,0,0,0,0,0,0,0,0,0,0,0,0,0,0,0,0,0,0,0,0
"01359.90","Other fruits, n.e.c.","ZA",0,0,0,NA,0,0,0,0,0,0,NA,0,0,NA,NA,0,0,0,0,0,NA,NA,0,0,0,0,NA,0,0,NA,NA,NA,0,0,0,0,NA,0,0,0,0,0,0,0,0,0,0,NA,0,0,0,0,0,0,0,0,0,0,0,0,0,0,0,0,0,0,0,0,0,0,0,0,0,0
"01371","Almonds, in shell","AU",0,0,0,NA,0,0,0,0,0,0,NA,0,0,NA,NA,0,0,0,0,0,NA,NA,0,0,0,0,NA,0,0,NA,NA,NA,0,0,0,0,NA,0,0,0,0,0,0,0,0,0,0,NA,0,0,0,0,0,0,0,0,0,0,0,0,0,0,0,0,0,0,0,0,0,0,0,0,0,0
"01371","Almonds, in shell","ES",0,0,0,NA,0,0,0,0,0,0,NA,0,0,NA,NA,0,0,0,0,0,NA,NA,0,0,0,0,NA,0,0,NA,NA,NA,0,0,0,0,NA,0,0,0,0,0,0,0,0,0,0,NA,0,0,0,0,0,0,0,0,0,0,0,0,0,0,0,0,0,0,0,0,0,0,0,0,0,0
"01371","Almonds, in shell","FR",0,0,0,NA,0,0,0,0,0,0,NA,0,0,NA,NA,0,0,0,0,0,NA,NA,0,0,0,0,NA,0,0,NA,NA,NA,0,0,0,0,NA,0,0,0,0,0,0,0,0,0,0,NA,0,0,0,0,0,0,0,0,0,0,0,0,0,0,0,0,0,0,0,0,0,0,0,0,0,0
"01371","Almonds, in shell","GR",0,0,0,NA,0,0,0,0,0,0,NA,0,0,NA,NA,0,0,0,0,0,NA,NA,0,0,0,0,NA,0,0,NA,NA,NA,0,0,0,0,NA,0,0,0,0,0,0,0,0,0,0,NA,0,0,0,0,0,0,0,0,0,0,0,0,0,0,0,0,0,0,0,0,0,0,0,0,0,0
"01371","Almonds, in shell","HU",0,0,0,NA,0,0,0,0,0,0,NA,0,0,NA,NA,0,0,0,0,0,NA,NA,0,0,0,0,NA,0,0,NA,NA,NA,0,0,0,0,NA,0,0,0,0,0,0,0,0,0,0,NA,0,0,0,0,0,0,0,0,0,0,0,0,0,0,0,0,0,0,0,0,0,0,0,0,0,0
"01371","Almonds, in shell","IT",0,0,0,NA,0,0,0,0,0,0,NA,0,0,NA,NA,0,0,0,0,0,NA,NA,0,0,0,0,NA,0,0,NA,NA,NA,0,0,0,0,NA,0,0,0,0,0,0,0,0,0,0,NA,0,0,0,0,0,0,0,0,0,0,0,0,0,0,0,0,0,0,0,0,0,0,0,0,0,0
"01371","Almonds, in shell","MA",0,0,0,NA,0,0,0,0,0,0,NA,0,0,NA,NA,0,0,0,0,0,NA,NA,0,0,0,0,NA,0,0,NA,NA,NA,0,0,0,0,NA,0,0,0,0,0,0,0,0,0,0,NA,0,0,0,0,0,0,0,0,0,0,0,0,0,0,0,0,0,0,0,0,0,0,0,0,0,0
"01371","Almonds, in shell","PT",0,0,0,NA,0,0,0,0,0,0,NA,0,0,NA,NA,0,0,0,0,0,NA,NA,0,0,0,0,NA,0,0,NA,NA,NA,0,0,0,0,NA,0,0,0,0,0,0,0,0,0,0,NA,0,0,0,0,0,0,0,0,0,0,0,0,0,0,0,0,0,0,0,0,0,0,0,0,0,0
"01371","Almonds, in shell","US",0,0,0,NA,0,0,0,0,NA,0,0,0,0,NA,NA,0,0,0,0,NA,NA,NA,0,0,0,NA,NA,0,0,NA,NA,NA,0,0,0,0,NA,0,0,0,0,0,0,0,0,0,0,0,0,0,0,0,0,0,0,0,0,0,0,0,0,0,0,0,0,0,0,0,0,0,0,0,0,0
"01372","Cashew nuts, in shell","BF",0,0,0,NA,0,0,0,0,0,0,NA,0,0,NA,NA,0,0,0,0,0,NA,NA,0,0,0,0,NA,0,0,NA,NA,NA,NA,0,0,0,NA,0,0,0,0,0,0,0,0,0,0,NA,0,0,0,0,0,0,0,0,0,0,0,0,0,0,0,0,0,0,0,0,0,0,0,0,0,0
"01372","Cashew nuts, in shell","BJ",0,0,0,NA,0,0,0,0,0,0,NA,0,0,NA,NA,0,0,0,0,0,NA,NA,0,0,0,0,NA,0,0,NA,NA,NA,NA,0,0,0,NA,0,0,0,0,0,0,0,0,0,0,NA,0,0,0,0,0,0,0,0,0,0,0,0,0,0,0,0,0,0,0,0,0,0,0,0,0,0
"01372","Cashew nuts, in shell","BR",0,0,0,NA,0,0,0,0,0,0,NA,0,0,NA,NA,0,0,0,0,NA,NA,NA,0,0,0,NA,NA,0,0,NA,NA,NA,0,0,0,0,NA,0,0,0,0,0,0,0,0,0,0,NA,0,0,0,0,0,0,0,0,0,0,0,0,0,0,0,0,0,0,0,0,0,0,0,0,0,0
"01372","Cashew nuts, in shell","CI",0,0,0,NA,0,0,0,0,0,NA,NA,0,0,NA,NA,0,0,0,0,0,NA,NA,0,0,0,0,NA,0,0,NA,NA,NA,NA,0,0,0,NA,0,0,0,0,0,0,0,0,0,NA,NA,0,0,0,0,0,0,0,0,0,0,0,0,0,0,0,0,0,0,0,0,0,0,0,0,0,0
"01372","Cashew nuts, in shell","GH",0,0,0,NA,0,0,0,0,0,0,NA,0,0,NA,NA,0,0,0,0,0,NA,NA,0,0,0,0,NA,0,0,NA,NA,NA,0,0,0,0,NA,0,0,0,0,0,0,0,0,0,0,NA,0,0,0,0,0,0,0,0,0,0,0,0,0,0,0,0,0,0,0,0,0,0,0,0,0,0
"01372","Cashew nuts, in shell","GW",0,0,0,NA,0,0,0,0,0,0,NA,0,NA,NA,NA,NA,0,0,0,0,NA,NA,NA,0,0,0,NA,0,0,NA,NA,NA,NA,0,0,0,NA,0,0,0,0,0,0,0,0,0,0,NA,0,0,0,0,0,0,0,0,0,0,0,0,0,0,0,0,0,0,0,0,0,0,0,0,0,0
"01372","Cashew nuts, in shell","ID",0,0,0,NA,0,0,0,0,0,NA,NA,0,0,NA,NA,0,0,0,0,0,NA,NA,0,0,0,0,NA,0,0,NA,NA,NA,0,0,0,0,NA,0,0,0,0,0,0,0,0,0,0,NA,0,0,0,0,0,0,0,0,0,0,0,0,0,0,0,0,0,0,0,0,0,0,0,0,0,0
"01372","Cashew nuts, in shell","IN",0,0,0,NA,0,0,0,0,0,0,NA,0,0,NA,NA,0,0,0,0,0,NA,NA,0,0,0,0,NA,0,0,NA,NA,NA,NA,0,0,0,NA,0,0,0,0,0,0,0,0,0,0,NA,0,0,0,0,0,0,0,0,0,0,0,0,0,0,0,0,0,0,0,0,0,0,0,0,0,0
"01372","Cashew nuts, in shell","MZ",0,0,0,NA,0,0,0,0,0,0,NA,0,NA,NA,NA,NA,0,0,0,0,NA,NA,NA,0,0,0,NA,0,0,NA,NA,NA,NA,0,0,0,NA,0,0,0,0,0,0,0,0,0,0,NA,0,0,0,0,0,0,0,0,0,0,0,0,0,0,0,0,0,0,0,0,0,0,0,0,0,0
"01372","Cashew nuts, in shell","NG",0,0,0,NA,0,0,0,0,0,0,NA,0,0,NA,NA,0,0,0,0,0,NA,NA,0,0,0,0,NA,0,0,NA,NA,NA,NA,0,0,0,NA,0,0,0,0,0,0,0,0,0,0,NA,0,0,0,0,0,0,0,0,0,0,0,0,0,0,0,0,0,0,0,0,0,0,0,0,0,0
"01372","Cashew nuts, in shell","SN",0,0,0,NA,0,0,0,0,0,0,NA,0,0,NA,NA,0,0,0,0,0,NA,NA,0,0,0,0,NA,0,0,NA,NA,NA,NA,0,0,0,NA,0,0,0,0,0,0,0,0,0,0,NA,0,0,0,0,0,0,0,0,0,0,0,0,0,0,0,0,0,0,0,0,0,0,0,0,0,0
"01372","Cashew nuts, in shell","TZ",0,0,0,NA,0,0,0,0,0,0,NA,0,0,NA,NA,0,0,0,0,NA,NA,NA,0,0,0,NA,NA,0,0,NA,NA,NA,0,0,0,0,NA,0,0,0,0,0,0,0,0,0,0,NA,0,0,0,0,0,0,0,0,0,0,0,0,0,0,0,0,0,0,0,0,0,0,0,0,0,0
"01372","Cashew nuts, in shell","VN",0,0,0,NA,0,0,0,0,0,0,NA,0,0,NA,NA,0,0,0,0,0,NA,NA,0,0,0,0,NA,0,0,NA,NA,NA,NA,0,0,0,NA,0,0,0,0,0,0,0,0,0,0,NA,0,0,0,0,0,0,0,0,0,0,0,0,0,0,0,0,0,0,0,0,0,0,0,0,0,0
"01373","Chestnuts, in shell","AL",0,0,0,NA,0,0,0,0,0,0,NA,0,0,NA,NA,0,0,0,0,0,NA,NA,0,0,0,0,NA,0,0,NA,NA,NA,0,0,0,0,NA,0,0,0,0,0,0,0,0,0,0,NA,0,0,0,0,0,0,0,0,0,0,0,0,0,0,0,0,0,0,0,0,0,0,0,0,0,0
"01373","Chestnuts, in shell","BA",0,0,0,NA,0,0,0,0,0,0,NA,0,0,NA,NA,0,0,0,0,0,NA,NA,0,0,0,0,NA,0,0,NA,NA,NA,0,0,0,0,NA,0,0,0,0,0,0,0,0,0,0,NA,0,0,0,0,0,0,0,0,0,0,0,0,0,0,0,0,0,0,0,0,0,0,0,0,0,0
"01373","Chestnuts, in shell","CL",0,0,0,NA,0,0,0,0,0,0,NA,0,0,NA,NA,0,0,0,0,0,NA,NA,0,0,0,0,NA,0,0,NA,NA,NA,0,0,0,0,NA,0,0,0,0,0,0,0,0,0,0,NA,0,0,0,0,0,0,0,0,0,0,0,0,0,0,0,0,0,0,0,0,0,0,0,0,0,0
"01373","Chestnuts, in shell","CN",0,0,0,NA,0,0,0,0,0,0,NA,0,0,NA,NA,0,0,0,0,0,NA,NA,0,0,0,0,NA,0,0,NA,NA,NA,0,0,0,0,NA,0,0,0,0,0,0,0,0,0,0,NA,0,0,0,0,0,0,0,0,0,0,0,0,0,0,0,0,0,0,0,0,0,0,0,0,0,0
"01373","Chestnuts, in shell","ES",0,0,0,NA,0,0,0,0,0,0,NA,0,0,NA,NA,0,0,0,0,0,NA,NA,0,0,0,0,NA,0,0,NA,NA,NA,0,0,0,0,NA,0,0,0,0,0,0,0,0,0,0,NA,0,0,0,0,0,0,0,0,0,0,0,0,0,0,0,0,0,0,0,0,0,0,0,0,0,0
"01373","Chestnuts, in shell","FR",0,0,0,NA,0,0,0,0,0,0,NA,0,0,NA,NA,0,0,0,0,0,NA,NA,0,0,0,0,NA,0,0,NA,NA,NA,0,0,0,0,NA,0,0,0,0,0,0,0,0,0,0,NA,0,0,0,0,0,0,0,0,0,0,0,0,0,0,0,0,0,0,0,0,0,0,0,0,0,0
"01373","Chestnuts, in shell","GR",0,0,0,NA,0,0,0,0,0,0,NA,0,0,NA,NA,0,0,0,0,0,NA,NA,0,0,0,0,NA,0,0,NA,NA,NA,0,0,0,0,NA,0,0,0,0,0,0,0,0,0,0,NA,0,0,0,0,0,0,0,0,0,0,0,0,0,0,0,0,0,0,0,0,0,0,0,0,0,0
"01373","Chestnuts, in shell","HU",0,0,0,NA,0,0,0,0,0,0,NA,0,0,NA,NA,0,0,0,0,0,NA,NA,0,0,0,0,NA,0,0,NA,NA,NA,0,0,0,0,NA,0,0,0,0,0,0,0,0,0,0,NA,0,0,0,0,0,0,0,0,0,0,0,0,0,0,0,0,0,0,0,0,0,0,0,0,0,0
"01373","Chestnuts, in shell","IT",0,0,0,NA,0,0,0,0,0,0,NA,0,0,NA,NA,0,0,0,0,0,NA,NA,0,0,0,0,NA,0,0,NA,NA,NA,0,0,0,0,NA,0,0,0,0,0,0,0,0,0,0,NA,0,0,0,0,0,0,0,0,0,0,0,0,0,0,0,0,0,0,0,0,0,0,0,0,0,0
"01373","Chestnuts, in shell","MK",0,0,0,NA,0,0,0,0,0,0,NA,0,0,NA,NA,0,0,0,0,0,NA,NA,0,0,0,0,NA,0,0,NA,NA,NA,0,0,0,0,NA,0,0,0,0,0,0,0,0,0,0,NA,0,0,0,0,0,0,0,0,0,0,0,0,0,0,0,0,0,0,0,0,0,0,0,0,0,0
"01373","Chestnuts, in shell","PT",0,0,0,NA,0,0,0,0,0,0,NA,0,0,NA,NA,0,0,0,0,0,NA,NA,0,0,0,0,NA,0,0,NA,NA,NA,0,0,0,0,NA,0,0,0,0,0,0,0,0,0,0,NA,0,0,0,0,0,0,0,0,0,0,0,0,0,0,0,0,0,0,0,0,0,0,0,0,0,0
"01373","Chestnuts, in shell","TR",0,0,0,NA,0,0,0,0,0,NA,NA,0,0,NA,NA,0,0,0,0,NA,NA,NA,0,0,0,NA,NA,0,0,NA,NA,NA,0,0,0,0,NA,0,0,0,0,0,0,0,0,0,NA,NA,0,0,0,0,0,0,0,0,0,0,0,0,0,0,0,0,0,0,0,0,0,0,0,0,0,0
"01374","Hazelnuts, in shell","AZ",0,0,0,NA,0,0,0,0,0,0,NA,0,0,NA,NA,0,0,0,0,0,NA,NA,0,0,0,0,NA,0,0,NA,NA,NA,0,0,0,0,NA,0,0,0,0,0,0,0,0,0,0,NA,0,0,0,0,0,0,0,0,0,0,0,0,0,0,0,0,0,0,0,0,0,0,0,0,0,0
"01374","Hazelnuts, in shell","CL",0,0,0,NA,0,0,0,0,0,0,NA,0,0,NA,NA,0,0,0,0,0,NA,NA,0,0,0,0,NA,0,0,NA,NA,NA,0,0,0,0,NA,0,0,0,0,0,0,0,0,0,0,NA,0,0,0,0,0,0,0,0,0,0,0,0,0,0,0,0,0,0,0,0,0,0,0,0,0,0
"01374","Hazelnuts, in shell","ES",0,0,0,NA,0,0,0,0,0,0,NA,0,0,NA,NA,0,0,0,0,0,NA,NA,0,0,0,0,NA,0,0,NA,NA,NA,0,0,0,0,NA,0,0,0,0,0,0,0,0,0,0,NA,0,0,0,0,0,0,0,0,0,0,0,0,0,0,0,0,0,0,0,0,0,0,0,0,0,0
"01374","Hazelnuts, in shell","FR",0,0,0,NA,0,0,0,0,0,0,NA,0,0,NA,NA,0,0,0,0,0,NA,NA,0,0,0,0,NA,0,0,NA,NA,NA,0,0,0,0,NA,0,0,0,0,0,0,0,0,0,0,NA,0,0,0,0,0,0,0,0,0,0,0,0,0,0,0,0,0,0,0,0,0,0,0,0,0,0
"01374","Hazelnuts, in shell","GE",0,0,0,NA,0,0,0,0,0,0,NA,0,0,NA,NA,0,0,0,0,0,NA,NA,0,0,0,0,NA,0,0,NA,NA,NA,0,0,0,0,NA,0,0,0,0,0,0,0,0,0,0,NA,0,0,0,0,0,0,0,0,0,0,0,0,0,0,0,0,0,0,0,0,0,0,0,0,0,0
"01374","Hazelnuts, in shell","GR",0,0,0,NA,0,0,0,0,0,0,NA,0,0,NA,NA,0,0,0,0,0,NA,NA,0,0,0,0,NA,0,0,NA,NA,NA,0,0,0,0,NA,0,0,0,0,0,0,0,0,0,0,NA,0,0,0,0,0,0,0,0,0,0,0,0,0,0,0,0,0,0,0,0,0,0,0,0,0,0
"01374","Hazelnuts, in shell","HU",0,0,0,NA,0,0,0,0,0,0,NA,0,0,NA,NA,0,0,0,0,0,NA,NA,0,0,0,0,NA,0,0,NA,NA,NA,0,0,0,0,NA,0,0,0,0,0,0,0,0,0,0,NA,0,0,0,0,0,0,0,0,0,0,0,0,0,0,0,0,0,0,0,0,0,0,0,0,0,0
"01374","Hazelnuts, in shell","IT",0,0,0,NA,0,0,0,0,0,0,NA,0,0,NA,NA,0,0,0,0,0,NA,NA,0,0,0,0,NA,0,0,NA,NA,NA,0,0,0,0,NA,0,0,0,0,0,0,0,0,0,0,NA,0,0,0,0,0,0,0,0,0,0,0,0,0,0,0,0,0,0,0,0,0,0,0,0,0,0
"01374","Hazelnuts, in shell","PL",0,0,0,NA,0,0,0,0,0,0,NA,0,0,NA,NA,0,0,0,0,0,NA,NA,0,0,0,0,NA,0,0,NA,NA,NA,0,0,0,0,NA,0,0,0,0,0,0,0,0,0,0,NA,0,0,0,0,0,0,0,0,0,0,0,0,0,0,0,0,0,0,0,0,0,0,0,0,0,0
"01374","Hazelnuts, in shell","PT",0,0,0,NA,0,0,0,0,0,0,NA,0,0,NA,NA,0,0,0,0,0,NA,NA,0,0,0,0,NA,0,0,NA,NA,NA,0,0,0,0,NA,0,0,0,0,0,0,0,0,0,0,NA,0,0,0,0,0,0,0,0,0,0,0,0,0,0,0,0,0,0,0,0,0,0,0,0,0,0
"01374","Hazelnuts, in shell","TR",0,0,0,NA,0,0,0,0,0,NA,NA,0,0,NA,NA,0,0,0,0,NA,NA,NA,0,0,0,NA,NA,0,0,NA,NA,NA,0,0,0,0,NA,0,0,0,0,0,0,0,0,0,NA,NA,0,0,0,0,0,0,0,0,0,0,0,0,0,0,0,0,0,0,0,0,0,0,0,0,0,0
"01374","Hazelnuts, in shell","US",0,0,0,NA,0,0,0,0,0,0,NA,0,0,NA,NA,0,0,0,0,NA,NA,NA,0,0,0,NA,NA,0,0,NA,NA,NA,0,0,0,0,NA,0,0,0,0,0,0,0,0,0,0,NA,0,0,0,0,0,0,0,0,0,0,0,0,0,0,0,0,0,0,0,0,0,0,0,0,0,0
"01375","Pistachios, in shell","ES",0,0,0,NA,0,0,0,0,0,0,NA,0,0,NA,NA,0,0,0,0,0,NA,NA,0,0,0,0,NA,0,0,NA,NA,NA,0,0,0,0,NA,0,0,0,0,0,0,0,0,0,0,NA,0,0,0,0,0,0,0,0,0,0,0,0,0,0,0,0,0,0,0,0,0,0,0,0,0,0
"01375","Pistachios, in shell","GR",0,0,0,NA,0,0,0,0,0,0,NA,0,0,NA,NA,0,0,0,0,0,NA,NA,0,0,0,0,NA,0,0,NA,NA,NA,0,0,0,0,NA,0,0,0,0,0,0,0,0,0,0,NA,0,0,0,0,0,0,0,0,0,0,0,0,0,0,0,0,0,0,0,0,0,0,0,0,0,0
"01375","Pistachios, in shell","IR",0,0,0,NA,0,0,0,0,0,0,NA,0,0,NA,NA,0,0,0,0,0,NA,NA,0,0,0,0,NA,0,0,NA,NA,NA,NA,0,0,0,NA,0,0,0,0,0,0,0,0,0,0,NA,0,0,0,0,0,0,0,0,0,0,0,0,0,0,0,0,0,0,0,0,0,0,0,0,0,0
"01375","Pistachios, in shell","IT",0,0,0,NA,0,0,0,0,0,0,NA,0,0,NA,NA,0,0,0,0,0,NA,NA,0,0,0,0,NA,0,0,NA,NA,NA,0,0,0,0,NA,0,0,0,0,0,0,0,0,0,0,NA,0,0,0,0,0,0,0,0,0,0,0,0,0,0,0,0,0,0,0,0,0,0,0,0,0,0
"01376","Walnuts, in shell","AR",0,0,0,NA,0,0,0,0,0,0,NA,0,0,NA,NA,0,0,0,0,0,NA,NA,0,0,0,0,NA,0,0,NA,NA,NA,0,0,0,0,NA,0,0,0,0,0,0,0,0,0,0,NA,0,0,0,0,0,0,0,0,0,0,0,0,0,0,0,0,0,0,0,0,0,0,0,0,0,0
"01376","Walnuts, in shell","AT",0,0,0,NA,0,0,0,0,0,0,NA,0,0,NA,NA,0,0,0,0,0,NA,NA,0,0,0,0,NA,0,0,NA,NA,NA,0,0,0,0,NA,0,0,0,0,0,0,0,0,0,0,NA,0,0,0,0,0,0,0,0,0,0,0,0,0,0,0,0,0,0,0,0,0,0,0,0,0,0
"01376","Walnuts, in shell","CL",0,0,0,NA,0,0,0,0,0,0,NA,0,0,NA,NA,0,0,0,0,0,NA,NA,0,0,0,0,NA,0,0,NA,NA,NA,0,0,0,0,NA,0,0,0,0,0,0,0,0,0,0,NA,0,0,0,0,0,0,0,0,0,0,0,0,0,0,0,0,0,0,0,0,0,0,0,0,0,0
"01376","Walnuts, in shell","CN",0,0,0,NA,0,0,0,0,0,0,NA,0,0,NA,NA,0,0,0,0,0,NA,NA,0,0,0,0,NA,0,0,NA,NA,NA,0,0,0,0,NA,0,0,0,0,0,0,0,0,0,0,NA,0,0,0,0,0,0,0,0,0,0,0,0,0,0,0,0,0,0,0,0,0,0,0,0,0,0
"01376","Walnuts, in shell","ES",0,0,0,NA,0,0,0,0,0,0,NA,0,0,NA,NA,0,0,0,0,0,NA,NA,0,0,0,0,NA,0,0,NA,NA,NA,0,0,0,0,NA,0,0,0,0,0,0,0,0,0,0,NA,0,0,0,0,0,0,0,0,0,0,0,0,0,0,0,0,0,0,0,0,0,0,0,0,0,0
"01376","Walnuts, in shell","FR",0,0,0,NA,0,0,0,0,0,0,NA,0,0,NA,NA,0,0,0,0,0,NA,NA,0,0,0,0,NA,0,0,NA,NA,NA,0,0,0,0,NA,0,0,0,0,0,0,0,0,0,0,NA,0,0,0,0,0,0,0,0,0,0,0,0,0,0,0,0,0,0,0,0,0,0,0,0,0,0
"01376","Walnuts, in shell","GR",0,0,0,NA,0,0,0,0,0,0,NA,0,0,NA,NA,0,0,0,0,0,NA,NA,0,0,0,0,NA,0,0,NA,NA,NA,0,0,0,0,NA,0,0,0,0,0,0,0,0,0,0,NA,0,0,0,0,0,0,0,0,0,0,0,0,0,0,0,0,0,0,0,0,0,0,0,0,0,0
"01376","Walnuts, in shell","HU",0,0,0,NA,0,0,0,0,0,0,NA,0,0,NA,NA,0,0,0,0,0,NA,NA,0,0,0,0,NA,0,0,NA,NA,NA,0,0,0,0,NA,0,0,0,0,0,0,0,0,0,0,NA,0,0,0,0,0,0,0,0,0,0,0,0,0,0,0,0,0,0,0,0,0,0,0,0,0,0
"01376","Walnuts, in shell","IT",0,0,0,NA,0,0,0,0,0,0,NA,0,0,NA,NA,0,0,0,0,0,NA,NA,0,0,0,0,NA,0,0,NA,NA,NA,0,0,0,0,NA,0,0,0,0,0,0,0,0,0,0,NA,0,0,0,0,0,0,0,0,0,0,0,0,0,0,0,0,0,0,0,0,0,0,0,0,0,0
"01376","Walnuts, in shell","MD",0,0,0,NA,0,0,0,0,0,0,NA,0,0,NA,NA,0,0,0,0,NA,NA,NA,0,0,0,NA,NA,0,0,NA,NA,NA,0,0,0,0,NA,0,0,0,0,0,0,0,0,0,0,NA,0,0,0,0,0,0,0,0,0,0,0,0,0,0,0,0,0,0,0,0,0,0,0,0,0,0
"01376","Walnuts, in shell","PL",0,0,0,NA,0,0,0,0,0,0,NA,0,0,NA,NA,0,0,0,0,0,NA,NA,0,0,0,0,NA,0,0,NA,NA,NA,0,0,0,0,NA,0,0,0,0,0,0,0,0,0,0,NA,0,0,0,0,0,0,0,0,0,0,0,0,0,0,0,0,0,0,0,0,0,0,0,0,0,0
"01376","Walnuts, in shell","RO",0,0,0,NA,0,0,0,0,0,0,NA,0,0,NA,NA,0,0,0,0,0,NA,NA,0,0,0,0,NA,0,0,NA,NA,NA,0,0,0,0,NA,0,0,0,0,0,0,0,0,0,0,NA,0,0,0,0,0,0,0,0,0,0,0,0,0,0,0,0,0,0,0,0,0,0,0,0,0,0
"01376","Walnuts, in shell","UA",0,0,0,NA,0,0,0,0,0,0,NA,0,0,NA,NA,0,0,0,0,0,NA,NA,0,0,0,0,NA,0,0,NA,NA,NA,0,0,0,0,NA,0,0,0,0,0,0,0,0,0,0,NA,0,0,0,0,0,0,0,0,0,0,0,0,0,0,0,0,0,0,0,0,0,0,0,0,0,0
"01376","Walnuts, in shell","US",0,0,0,NA,0,0,0,0,0,0,NA,0,0,NA,NA,0,0,0,0,NA,NA,NA,0,0,0,NA,NA,0,0,NA,NA,NA,0,0,0,0,NA,0,0,0,0,0,0,0,0,0,0,NA,0,0,0,0,0,0,0,0,0,0,0,0,0,0,0,0,0,0,0,0,0,0,0,0,0,0
"01377","Brazil nuts, in shell","BR",0,0,0,NA,0,0,0,0,0,0,NA,0,0,NA,NA,0,0,0,0,0,NA,NA,0,0,0,0,NA,0,0,NA,NA,NA,NA,0,0,0,NA,0,0,0,0,0,0,0,0,0,0,NA,0,0,0,0,0,0,0,0,0,0,0,0,0,0,0,0,0,0,0,0,0,0,0,0,0,0
"01377","Brazil nuts, in shell","CO",0,0,0,NA,0,0,0,0,0,0,NA,0,0,NA,NA,0,0,0,0,0,NA,NA,0,0,0,0,NA,0,0,NA,NA,NA,NA,0,0,0,NA,0,0,0,0,0,0,0,0,0,0,NA,0,0,0,0,0,0,0,0,0,0,0,0,0,0,0,0,0,0,0,0,0,0,0,0,0,0
"01377","Brazil nuts, in shell","PE",0,0,0,NA,0,0,0,0,0,0,NA,0,0,NA,NA,0,0,0,0,0,NA,NA,0,0,0,0,NA,0,0,NA,NA,NA,NA,0,0,0,NA,0,0,0,0,0,0,0,0,0,0,NA,0,0,0,0,0,0,0,0,0,0,0,0,0,0,0,0,0,0,0,0,0,0,0,0,0,0
"01379.02","Kola nuts","GH",0,0,0,NA,0,0,0,NA,0,NA,0,0,NA,NA,NA,NA,0,0,NA,0,NA,NA,NA,0,NA,0,NA,0,NA,NA,NA,NA,NA,0,0,NA,NA,0,0,0,0,0,0,0,0,0,0,0,0,0,0,0,0,0,0,0,0,0,0,0,0,0,0,0,0,0,0,0,0,0,0,0,0,0
"01379.02","Kola nuts","NG",0,0,0,NA,0,0,0,NA,0,NA,0,0,NA,NA,NA,NA,0,0,NA,0,NA,NA,NA,0,NA,0,NA,0,NA,NA,NA,NA,NA,0,0,NA,NA,0,0,0,0,0,0,0,0,0,0,0,0,0,0,0,0,0,0,0,0,0,0,0,0,0,0,0,0,0,0,0,0,0,0,0,0,0
"0141","Soya beans","AR",0,0,0,NA,0,0,0,0,0,0,NA,0,0,NA,NA,0,0,0,0,0,NA,NA,0,0,0,0,NA,0,0,NA,NA,NA,0,0,0,0,NA,0,0,0,0,0,0,0,0,0,0,NA,0,0,0,0,0,0,0,0,0,0,0,0,0,0,0,0,0,0,0,0,0,0,0,0,0,0
"0141","Soya beans","BR",0,0,0,NA,0,0,0,0,0,0,NA,0,0,NA,NA,0,0,0,0,0,NA,NA,0,0,0,0,NA,0,0,NA,NA,NA,0,0,0,0,NA,0,0,0,0,0,0,0,0,0,0,NA,0,0,0,0,0,0,0,0,0,0,0,0,0,0,0,0,0,0,0,0,0,0,0,0,0,0
"0141","Soya beans","CA",0,0,0,NA,0,0,0,0,0,NA,NA,0,0,NA,NA,0,0,0,0,0,NA,NA,0,0,0,0,NA,0,0,NA,NA,NA,0,0,0,0,NA,0,0,0,0,0,0,0,0,0,0,NA,0,0,0,0,0,0,0,0,0,0,0,0,0,0,0,0,0,0,0,0,0,0,0,0,0,0
"0141","Soya beans","DE",0,0,0,NA,0,0,0,0,0,NA,NA,0,0,NA,NA,0,0,0,0,0,NA,NA,0,0,0,0,NA,0,0,NA,NA,NA,0,0,0,0,NA,0,0,0,0,0,0,0,0,0,0,NA,0,0,0,0,0,0,0,0,0,0,0,0,0,0,0,0,0,0,0,0,0,0,0,0,0,0
"0141","Soya beans","FR",0,0,0,NA,0,0,0,0,0,NA,NA,0,0,NA,NA,0,0,0,0,0,NA,NA,0,0,0,0,NA,0,0,NA,NA,NA,0,0,0,0,NA,0,0,0,0,0,0,0,0,0,0,NA,0,0,0,0,0,0,0,0,0,0,0,0,0,0,0,0,0,0,0,0,0,0,0,0,0,0
"0141","Soya beans","HR",0,0,0,NA,0,0,0,0,0,NA,NA,0,0,NA,NA,0,0,0,0,0,NA,NA,0,0,0,0,NA,0,0,NA,NA,NA,0,0,0,0,NA,0,0,0,0,0,0,0,0,0,0,NA,0,0,0,0,0,0,0,0,0,0,0,0,0,0,0,0,0,0,0,0,0,0,0,0,0,0
"0141","Soya beans","HU",0,0,0,NA,0,0,0,0,0,0,NA,0,0,NA,NA,0,0,0,0,0,NA,NA,0,0,0,0,NA,0,0,NA,NA,NA,0,0,0,0,NA,0,0,0,0,0,0,0,0,0,0,NA,0,0,0,0,0,0,0,0,0,0,0,0,0,0,0,0,0,0,0,0,0,0,0,0,0,0
"0141","Soya beans","IT",0,0,0,NA,0,0,0,0,0,NA,NA,0,0,NA,NA,0,0,0,0,0,NA,NA,0,0,0,0,NA,0,0,NA,NA,NA,0,0,0,0,NA,0,0,0,0,0,0,0,0,0,0,NA,0,0,0,0,0,0,0,0,0,0,0,0,0,0,0,0,0,0,0,0,0,0,0,0,0,0
"0141","Soya beans","KZ",0,0,0,NA,0,0,0,0,0,0,NA,0,0,NA,NA,0,0,0,0,0,NA,NA,0,0,0,0,NA,0,0,NA,NA,NA,0,0,0,0,NA,0,0,0,0,0,0,0,0,0,0,NA,0,0,0,0,0,0,0,0,0,0,0,0,0,0,0,0,0,0,0,0,0,0,0,0,0,0
"0141","Soya beans","NG",0,0,0,NA,0,0,0,0,0,NA,NA,0,0,NA,NA,0,0,0,0,0,NA,NA,0,0,0,0,NA,0,0,NA,NA,NA,NA,0,0,0,NA,0,0,0,0,0,0,0,0,0,0,NA,0,0,0,0,0,0,0,0,0,0,0,0,0,0,0,0,0,0,0,0,0,0,0,0,0,0
"0141","Soya beans","PL",0,0,0,NA,0,0,0,0,0,NA,NA,0,0,NA,NA,0,0,0,0,0,NA,NA,0,0,0,0,NA,0,0,NA,NA,NA,0,0,0,0,NA,0,0,0,0,0,0,0,0,0,0,NA,0,0,0,0,0,0,0,0,0,0,0,0,0,0,0,0,0,0,0,0,0,0,0,0,0,0
"0141","Soya beans","PY",0,0,0,NA,0,0,0,0,0,NA,NA,0,0,NA,NA,0,0,0,0,0,NA,NA,0,0,0,0,NA,0,0,NA,NA,NA,NA,0,0,0,NA,0,0,0,0,0,0,0,0,0,0,NA,0,0,0,0,0,0,0,0,0,0,0,0,0,0,0,0,0,0,0,0,0,0,0,0,0,0
"0141","Soya beans","RS",0,0,0,NA,0,0,0,0,0,NA,NA,0,0,NA,NA,0,0,0,0,NA,NA,NA,0,0,0,NA,NA,0,0,NA,NA,NA,0,0,0,0,NA,0,0,0,0,0,0,0,0,0,0,NA,0,0,0,0,0,0,0,0,0,0,0,0,0,0,0,0,0,0,0,0,0,0,0,0,0,0
"0141","Soya beans","RU",0,0,0,NA,0,0,0,0,0,0,NA,0,0,NA,NA,0,0,0,0,NA,NA,NA,0,0,0,NA,NA,0,0,NA,NA,NA,0,0,0,0,NA,0,0,0,0,0,0,0,0,0,0,NA,0,0,0,0,0,0,0,0,0,0,0,0,0,0,0,0,0,0,0,0,0,0,0,0,0,0
"0141","Soya beans","SK",0,0,0,NA,0,0,0,0,0,NA,NA,0,0,NA,NA,0,0,0,0,0,NA,NA,0,0,0,0,NA,0,0,NA,NA,NA,0,0,0,0,NA,0,0,0,0,0,0,0,0,0,0,NA,0,0,0,0,0,0,0,0,0,0,0,0,0,0,0,0,0,0,0,0,0,0,0,0,0,0
"0141","Soya beans","TG",0,0,0,NA,0,0,0,0,0,NA,NA,0,NA,NA,NA,NA,0,0,0,0,NA,NA,NA,0,0,0,NA,0,0,NA,NA,NA,NA,0,0,0,NA,0,0,0,0,0,0,0,0,0,0,NA,0,0,0,0,0,0,0,0,0,0,0,0,0,0,0,0,0,0,0,0,0,0,0,0,0,0
"0141","Soya beans","UA",0,0,0,NA,0,0,0,0,0,0,NA,0,0,NA,NA,0,0,0,0,0,NA,NA,0,0,0,0,NA,0,0,NA,NA,NA,0,0,0,0,NA,0,0,0,0,0,0,0,0,0,0,NA,0,0,0,0,0,0,0,0,0,0,0,0,0,0,0,0,0,0,0,0,0,0,0,0,0,0
"0141","Soya beans","US",0,0,0,NA,0,0,0,0,0,0,NA,0,0,NA,NA,0,0,0,0,NA,NA,NA,0,0,0,NA,NA,0,0,NA,NA,NA,0,0,0,0,NA,0,0,0,0,0,0,0,0,0,0,NA,0,0,0,0,0,0,0,0,0,0,0,0,0,0,0,0,0,0,0,0,0,0,0,0,0,0
"0141","Soya beans","UY",0,0,0,NA,0,0,0,0,0,0,NA,0,0,NA,NA,0,0,0,0,0,NA,NA,0,0,0,0,NA,0,0,NA,NA,NA,0,0,0,0,NA,0,0,0,0,0,0,0,0,0,0,NA,0,0,0,0,0,0,0,0,0,0,0,0,0,0,0,0,0,0,0,0,0,0,0,0,0,0
"0142","Groundnuts, excluding shelled","AU",0,0,0,NA,0,0,0,0,0,0,NA,0,0,NA,NA,0,0,0,0,0,NA,NA,0,0,0,0,NA,0,0,NA,NA,NA,0,0,0,0,NA,0,0,0,0,0,0,0,0,0,0,NA,0,0,0,0,0,0,0,0,0,0,0,0,0,0,0,0,0,0,0,0,0,0,0,0,0,0
"0142","Groundnuts, excluding shelled","MA",0,0,0,NA,0,0,0,0,0,0,NA,0,0,NA,NA,0,0,0,0,0,NA,NA,0,0,0,0,NA,0,0,NA,NA,NA,0,0,0,0,NA,0,0,0,0,0,0,0,0,0,0,NA,0,0,0,0,0,0,0,0,0,0,0,0,0,0,0,0,0,0,0,0,0,0,0,0,0,0
"0142","Groundnuts, excluding shelled","US",0,0,0,NA,0,0,0,0,0,0,NA,0,0,NA,NA,0,0,0,0,NA,NA,NA,0,0,0,NA,NA,0,0,NA,NA,NA,0,0,0,0,NA,0,0,0,0,0,0,0,0,0,0,NA,0,0,0,0,0,0,0,0,0,0,0,0,0,0,0,0,0,0,0,0,0,0,0,0,0,0
"01441","Linseed","BG",0,0,0,NA,0,0,0,0,0,NA,NA,0,0,NA,NA,0,0,0,0,0,NA,NA,0,0,0,0,NA,0,0,NA,NA,NA,0,0,0,0,NA,0,0,0,0,0,0,0,0,0,0,NA,0,0,0,0,0,0,0,0,0,0,0,0,0,0,0,0,0,0,0,0,0,0,0,0,0,0
"01441","Linseed","CA",0,0,0,NA,0,0,0,0,0,0,NA,0,0,NA,NA,0,0,0,0,0,NA,NA,0,0,0,0,NA,0,0,NA,NA,NA,0,0,0,0,NA,0,0,0,0,0,0,0,0,0,0,NA,0,0,0,0,0,0,0,0,0,0,0,0,0,0,0,0,0,0,0,0,0,0,0,0,0,0
"01441","Linseed","ES",0,0,0,NA,0,0,0,0,0,0,NA,0,0,NA,NA,0,0,0,0,0,NA,NA,0,0,0,0,NA,0,0,NA,NA,NA,0,0,0,0,NA,0,0,0,0,0,0,0,0,0,0,NA,0,0,0,0,0,0,0,0,0,0,0,0,0,0,0,0,0,0,0,0,0,0,0,0,0,0
"01441","Linseed","FR",0,0,0,NA,0,0,0,0,0,NA,NA,0,0,NA,NA,0,0,0,0,0,NA,NA,0,0,0,0,NA,0,0,NA,NA,NA,0,0,0,0,NA,0,0,0,0,0,0,0,0,0,0,NA,0,0,0,0,0,0,0,0,0,0,0,0,0,0,0,0,0,0,0,0,0,0,0,0,0,0
"01441","Linseed","GB",0,0,0,NA,0,0,0,0,0,NA,NA,0,0,NA,NA,0,0,0,0,NA,NA,NA,0,0,0,NA,NA,0,0,NA,NA,NA,0,0,0,0,NA,0,0,0,0,0,0,0,0,0,0,NA,0,0,0,0,0,0,0,0,0,0,0,0,0,0,0,0,0,0,0,0,0,0,0,0,0,0
"01441","Linseed","GR",0,0,0,NA,0,0,0,0,0,0,NA,0,0,NA,NA,0,0,0,0,0,NA,NA,0,0,0,0,NA,0,0,NA,NA,NA,0,0,0,0,NA,0,0,0,0,0,0,0,0,0,0,NA,0,0,0,0,0,0,0,0,0,0,0,0,0,0,0,0,0,0,0,0,0,0,0,0,0,0
"01441","Linseed","HU",0,0,0,NA,0,0,0,0,0,NA,NA,0,0,NA,NA,0,0,0,0,0,NA,NA,0,0,0,0,NA,0,0,NA,NA,NA,0,0,0,0,NA,0,0,0,0,0,0,0,0,0,0,NA,0,0,0,0,0,0,0,0,0,0,0,0,0,0,0,0,0,0,0,0,0,0,0,0,0,0
"01441","Linseed","IN",0,0,0,NA,0,0,0,0,0,0,NA,0,0,NA,NA,0,0,0,0,0,NA,NA,0,0,0,0,NA,0,0,NA,NA,NA,NA,0,0,0,NA,0,0,0,0,0,0,0,0,0,0,NA,0,0,0,0,0,0,0,0,0,0,0,0,0,0,0,0,0,0,0,0,0,0,0,0,0,0
"01441","Linseed","KZ",0,0,0,NA,0,0,0,0,0,NA,NA,0,0,NA,NA,0,0,0,0,0,NA,NA,0,0,0,0,NA,0,0,NA,NA,NA,0,0,0,0,NA,0,0,0,0,0,0,0,0,0,0,NA,0,0,0,0,0,0,0,0,0,0,0,0,0,0,0,0,0,0,0,0,0,0,0,0,0,0
"01441","Linseed","PL",0,0,0,NA,0,0,0,0,0,NA,NA,0,0,NA,NA,0,0,0,0,0,NA,NA,0,0,0,0,NA,0,0,NA,NA,NA,0,0,0,0,NA,0,0,0,0,0,0,0,0,0,0,NA,0,0,0,0,0,0,0,0,0,0,0,0,0,0,0,0,0,0,0,0,0,0,0,0,0,0
"01441","Linseed","RU",0,0,0,NA,0,0,0,0,0,NA,NA,0,0,NA,NA,0,0,0,0,NA,NA,NA,0,0,0,NA,NA,0,0,NA,NA,NA,0,0,0,0,NA,0,0,0,0,0,0,0,0,0,0,NA,0,0,0,0,0,0,0,0,0,0,0,0,0,0,0,0,0,0,0,0,0,0,0,0,0,0
"01441","Linseed","SE",0,0,0,NA,0,0,0,0,0,NA,NA,0,0,NA,NA,0,0,0,0,0,NA,NA,0,0,0,0,NA,0,0,NA,NA,NA,0,0,0,0,NA,0,0,0,0,0,0,0,0,0,0,NA,0,0,0,0,0,0,0,0,0,0,0,0,0,0,0,0,0,0,0,0,0,0,0,0,0,0
"01441","Linseed","UA",0,0,0,NA,0,0,0,0,0,NA,NA,0,0,NA,NA,0,0,0,0,0,NA,NA,0,0,0,0,NA,0,0,NA,NA,NA,0,0,0,0,NA,0,0,0,0,0,0,0,0,0,0,NA,0,0,0,0,0,0,0,0,0,0,0,0,0,0,0,0,0,0,0,0,0,0,0,0,0,0
"01443","Rape or colza seed","AT",0,0,0,NA,0,0,0,0,0,NA,NA,0,0,NA,NA,0,0,0,0,0,NA,NA,0,0,0,0,NA,0,0,NA,NA,NA,0,0,0,0,NA,0,0,0,0,0,0,0,0,0,0,NA,0,0,0,0,0,0,0,0,0,0,0,0,0,0,0,0,0,0,0,0,0,0,0,0,0,0
"01443","Rape or colza seed","AU",0,0,0,NA,0,0,0,0,0,NA,NA,0,0,NA,NA,0,0,0,0,0,NA,NA,0,0,0,0,NA,0,0,NA,NA,NA,0,0,0,0,NA,0,0,0,0,0,0,0,0,0,0,NA,0,0,0,0,0,0,0,0,0,0,0,0,0,0,0,0,0,0,0,0,0,0,0,0,0,0
"01443","Rape or colza seed","BA",0,0,0,NA,0,0,0,0,0,NA,NA,0,0,NA,NA,0,0,0,0,-0,NA,NA,0,0,0,-0,NA,0,0,NA,NA,NA,0,0,0,0,NA,0,0,0,0,0,0,0,0,0,0,NA,0,0,0,0,0,0,0,0,0,0,0,0,0,0,0,0,0,0,0,0,0,0,0,0,0,0
"01443","Rape or colza seed","BG",0,0,0,NA,0,0,0,0,0,NA,NA,0,0,NA,NA,0,0,0,0,-0,NA,NA,0,0,0,-0,NA,0,0,NA,NA,NA,0,0,0,0,NA,0,0,0,0,0,0,0,0,0,0,NA,0,0,0,0,0,0,0,0,0,0,0,0,0,0,0,0,0,0,0,0,0,0,0,0,0,0
"01443","Rape or colza seed","BY",0,0,0,NA,0,0,0,0,0,0,NA,0,0,NA,NA,0,0,0,0,-0,NA,NA,0,0,0,-0,NA,0,0,NA,NA,NA,0,0,0,0,NA,0,0,0,0,0,0,0,0,0,0,NA,0,0,0,0,0,0,0,0,0,0,0,0,0,0,0,0,0,0,0,0,0,0,0,0,0,0
"01443","Rape or colza seed","CA",0,0,0,NA,0,0,0,0,0,0,NA,0,0,NA,NA,0,0,0,0,0,NA,NA,0,0,0,0,NA,0,0,NA,NA,NA,0,0,0,0,NA,0,0,0,0,0,0,0,0,0,0,NA,0,0,0,0,0,0,0,0,0,0,0,0,0,0,0,0,0,0,0,0,0,0,0,0,0,0
"01443","Rape or colza seed","CZ",0,0,0,NA,0,0,0,0,0,NA,NA,0,0,NA,NA,0,0,0,0,0,NA,NA,0,0,0,0,NA,0,0,NA,NA,NA,0,0,0,0,NA,0,0,0,0,0,0,0,0,0,0,NA,0,0,0,0,0,0,0,0,0,0,0,0,0,0,0,0,0,0,0,0,0,0,0,0,0,0
"01443","Rape or colza seed","DE",0,0,0,NA,0,0,0,0,0,NA,NA,0,0,NA,NA,0,0,0,0,-0,NA,NA,0,0,0,-0,NA,0,0,NA,NA,NA,0,0,0,0,NA,0,0,0,0,0,0,0,0,0,0,NA,0,0,0,0,0,0,0,0,0,0,0,0,0,0,0,0,0,0,0,0,0,0,0,0,0,0
"01443","Rape or colza seed","DK",0,0,0,NA,0,0,0,0,0,NA,0,0,0,NA,NA,0,0,0,0,0,NA,NA,0,0,0,0,NA,0,0,NA,NA,NA,0,0,0,0,NA,0,0,0,0,0,0,0,0,0,0,0,0,0,0,0,0,0,0,0,0,0,0,0,0,0,0,0,0,0,0,0,0,0,0,0,0,0
"01443","Rape or colza seed","ES",0,0,0,NA,0,0,0,0,0,NA,NA,0,0,NA,NA,0,0,0,0,-0,NA,NA,0,0,0,-0,NA,0,0,NA,NA,NA,0,0,0,0,NA,0,0,0,0,0,0,0,0,0,0,NA,0,0,0,0,0,0,0,0,0,0,0,0,0,0,0,0,0,0,0,0,0,0,0,0,0,0
"01443","Rape or colza seed","FR",0,0,0,NA,0,0,0,0,0,NA,NA,0,0,NA,NA,0,0,0,0,0,NA,NA,0,0,0,0,NA,0,0,NA,NA,NA,0,0,0,0,NA,0,0,0,0,0,0,0,0,0,0,NA,0,0,0,0,0,0,0,0,0,0,0,0,0,0,0,0,0,0,0,0,0,0,0,0,0,0
"01443","Rape or colza seed","GB",0,0,0,NA,0,0,0,0,0,NA,NA,0,0,NA,NA,0,0,0,0,NA,NA,NA,0,0,0,NA,NA,0,0,NA,NA,NA,0,0,0,0,NA,0,0,0,0,0,0,0,0,0,0,NA,0,0,0,0,0,0,0,0,0,0,0,0,0,0,0,0,0,0,0,0,0,0,0,0,0,0
"01443","Rape or colza seed","GR",0,0,0,NA,0,0,0,0,0,NA,NA,0,0,NA,NA,0,0,0,0,-0,NA,NA,0,0,0,-0,NA,0,0,NA,NA,NA,0,0,0,0,NA,0,0,0,0,0,0,0,0,0,0,NA,0,0,0,0,0,0,0,0,0,0,0,0,0,0,0,0,0,0,0,0,0,0,0,0,0,0
"01443","Rape or colza seed","HR",0,0,0,NA,0,0,0,0,0,NA,NA,0,0,NA,NA,0,0,0,0,-0,NA,NA,0,0,0,-0,NA,0,0,NA,NA,NA,0,0,0,0,NA,0,0,0,0,0,0,0,0,0,0,NA,0,0,0,0,0,0,0,0,0,0,0,0,0,0,0,0,0,0,0,0,0,0,0,0,0,0
"01443","Rape or colza seed","HU",0,0,0,NA,0,0,0,0,0,NA,NA,0,0,NA,NA,0,0,0,0,-0,NA,NA,0,0,0,-0,NA,0,0,NA,NA,NA,0,0,0,0,NA,0,0,0,0,0,0,0,0,0,0,NA,0,0,0,0,0,0,0,0,0,0,0,0,0,0,0,0,0,0,0,0,0,0,0,0,0,0
"01443","Rape or colza seed","IE",0,0,0,NA,0,0,0,0,0,NA,NA,0,0,NA,NA,0,0,0,0,0,NA,NA,0,0,0,0,NA,0,0,NA,NA,NA,0,0,0,0,NA,0,0,0,0,0,0,0,0,0,0,NA,0,0,0,0,0,0,0,0,0,0,0,0,0,0,0,0,0,0,0,0,0,0,0,0,0,0
"01443","Rape or colza seed","IT",0,0,0,NA,0,0,0,0,0,NA,NA,0,0,NA,NA,0,0,0,0,0,NA,NA,0,0,0,0,NA,0,0,NA,NA,NA,0,0,0,0,NA,0,0,0,0,0,0,0,0,0,0,NA,0,0,0,0,0,0,0,0,0,0,0,0,0,0,0,0,0,0,0,0,0,0,0,0,0,0
"01443","Rape or colza seed","LT",0,0,0,NA,0,0,0,0,0,0,NA,0,0,NA,NA,0,0,0,0,-0,NA,NA,0,0,0,-0,NA,0,0,NA,NA,NA,0,0,0,0,NA,0,0,0,0,0,0,0,0,0,0,NA,0,0,0,0,0,0,0,0,0,0,0,0,0,0,0,0,0,0,0,0,0,0,0,0,0,0
"01443","Rape or colza seed","LU",0,0,0,NA,0,0,0,0,0,NA,NA,0,NA,NA,NA,NA,0,0,0,0,NA,NA,NA,0,0,0,NA,0,0,NA,NA,NA,NA,0,0,0,NA,0,0,0,0,0,0,0,0,0,0,NA,0,0,0,0,0,0,0,0,0,0,0,0,0,0,0,0,0,0,0,0,0,0,0,0,0,0
"01443","Rape or colza seed","LV",0,0,0,NA,0,0,0,0,0,0,NA,0,0,NA,NA,0,0,0,0,-0,NA,NA,0,0,0,-0,NA,0,0,NA,NA,NA,0,0,0,0,NA,0,0,0,0,0,0,0,0,0,0,NA,0,0,0,0,0,0,0,0,0,0,0,0,0,0,0,0,0,0,0,0,0,0,0,0,0,0
"01443","Rape or colza seed","MD",0,0,0,NA,0,0,0,0,0,NA,NA,0,0,NA,NA,0,0,0,0,NA,NA,NA,0,0,0,NA,NA,0,0,NA,NA,NA,0,0,0,0,NA,0,0,0,0,0,0,0,0,0,0,NA,0,0,0,0,0,0,0,0,0,0,0,0,0,0,0,0,0,0,0,0,0,0,0,0,0,0
"01443","Rape or colza seed","PL",0,0,0,NA,0,0,0,0,0,NA,NA,0,0,NA,NA,0,0,0,0,-0,NA,NA,0,0,0,-0,NA,0,0,NA,NA,NA,0,0,0,0,NA,0,0,0,0,0,0,0,0,0,0,NA,0,0,0,0,0,0,0,0,0,0,0,0,0,0,0,0,0,0,0,0,0,0,0,0,0,0
"01443","Rape or colza seed","RO",0,0,0,NA,0,0,0,0,0,NA,NA,0,0,NA,NA,0,0,0,0,-0,NA,NA,0,0,0,-0,NA,0,0,NA,NA,NA,0,0,0,0,NA,0,0,0,0,0,0,0,0,0,0,NA,0,0,0,0,0,0,0,0,0,0,0,0,0,0,0,0,0,0,0,0,0,0,0,0,0,0
"01443","Rape or colza seed","RS",0,0,0,NA,0,0,0,0,0,NA,NA,0,0,NA,NA,0,0,0,0,NA,NA,NA,0,0,0,NA,NA,0,0,NA,NA,NA,0,0,0,0,NA,0,0,0,0,0,0,0,0,0,0,NA,0,0,0,0,0,0,0,0,0,0,0,0,0,0,0,0,0,0,0,0,0,0,0,0,0,0
"01443","Rape or colza seed","RU",0,0,0,NA,0,0,0,0,0,NA,NA,0,0,NA,NA,0,0,0,0,NA,NA,NA,0,0,0,NA,NA,0,0,NA,NA,NA,0,0,0,0,NA,0,0,0,0,0,0,0,0,0,0,NA,0,0,0,0,0,0,0,0,0,0,0,0,0,0,0,0,0,0,0,0,0,0,0,0,0,0
"01443","Rape or colza seed","SE",0,0,0,NA,0,0,0,0,0,NA,NA,0,0,NA,NA,0,0,0,0,0,NA,NA,0,0,0,0,NA,0,0,NA,NA,NA,0,0,0,0,NA,0,0,0,0,0,0,0,0,0,0,NA,0,0,0,0,0,0,0,0,0,0,0,0,0,0,0,0,0,0,0,0,0,0,0,0,0,0
"01443","Rape or colza seed","SK",0,0,0,NA,0,0,0,0,0,NA,NA,0,0,NA,NA,0,0,0,0,-0,NA,NA,0,0,0,-0,NA,0,0,NA,NA,NA,0,0,0,0,NA,0,0,0,0,0,0,0,0,0,0,NA,0,0,0,0,0,0,0,0,0,0,0,0,0,0,0,0,0,0,0,0,0,0,0,0,0,0
"01443","Rape or colza seed","UA",0,0,0,NA,0,0,0,0,0,NA,NA,0,0,NA,NA,0,0,0,0,-0,NA,NA,0,0,0,-0,NA,0,0,NA,NA,NA,0,0,0,0,NA,0,0,0,0,0,0,0,0,0,0,NA,0,0,0,0,0,0,0,0,0,0,0,0,0,0,0,0,0,0,0,0,0,0,0,0,0,0
"01443","Rape or colza seed","UY",0,0,0,NA,0,0,0,0,0,NA,NA,0,0,NA,NA,0,0,0,0,0,NA,NA,0,0,0,0,NA,0,0,NA,NA,NA,0,0,0,0,NA,0,0,0,0,0,0,0,0,0,0,NA,0,0,0,0,0,0,0,0,0,0,0,0,0,0,0,0,0,0,0,0,0,0,0,0,0,0
"01445","Sunflower seed","AR",0,0,0,NA,0,0,0,0,0,0,NA,0,0,NA,NA,0,0,0,0,0,NA,NA,0,0,0,0,NA,0,0,NA,NA,NA,0,0,0,0,NA,0,0,0,0,0,0,0,0,0,0,NA,0,0,0,0,0,0,0,0,0,0,0,0,0,0,0,0,0,0,0,0,0,0,0,0,0,0
"01445","Sunflower seed","BG",0,0,0,NA,0,0,0,0,0,0,NA,0,0,NA,NA,0,0,0,0,0,NA,NA,0,0,0,0,NA,0,0,NA,NA,NA,0,0,0,0,NA,0,0,0,0,0,0,0,0,0,0,NA,0,0,0,0,0,0,0,0,0,0,0,0,0,0,0,0,0,0,0,0,0,0,0,0,0,0
"01445","Sunflower seed","BR",0,0,0,NA,0,0,0,0,0,0,NA,0,0,NA,NA,0,0,0,0,0,NA,NA,0,0,0,0,NA,0,0,NA,NA,NA,0,0,0,0,NA,0,0,0,0,0,0,0,0,0,0,NA,0,0,0,0,0,0,0,0,0,0,0,0,0,0,0,0,0,0,0,0,0,0,0,0,0,0
"01445","Sunflower seed","DE",0,0,0,NA,0,0,0,0,0,0,NA,0,0,NA,NA,0,0,0,0,0,NA,NA,0,0,0,0,NA,0,0,NA,NA,NA,0,0,0,0,NA,0,0,0,0,0,0,0,0,0,0,NA,0,0,0,0,0,0,0,0,0,0,0,0,0,0,0,0,0,0,0,0,0,0,0,0,0,0
"01445","Sunflower seed","ES",0,0,0,NA,0,0,0,0,0,0,NA,0,0,NA,NA,0,0,0,0,0,NA,NA,0,0,0,0,NA,0,0,NA,NA,NA,0,0,0,0,NA,0,0,0,0,0,0,0,0,0,0,NA,0,0,0,0,0,0,0,0,0,0,0,0,0,0,0,0,0,0,0,0,0,0,0,0,0,0
"01445","Sunflower seed","FR",0,0,0,NA,0,0,0,0,0,0,NA,0,0,NA,NA,0,0,0,0,0,NA,NA,0,0,0,0,NA,0,0,NA,NA,NA,0,0,0,0,NA,0,0,0,0,0,0,0,0,0,0,NA,0,0,0,0,0,0,0,0,0,0,0,0,0,0,0,0,0,0,0,0,0,0,0,0,0,0
"01445","Sunflower seed","GR",0,0,0,NA,0,0,0,0,0,NA,NA,0,0,NA,NA,0,0,0,0,0,NA,NA,0,0,0,0,NA,0,0,NA,NA,NA,0,0,0,0,NA,0,0,0,0,0,0,0,0,0,0,NA,0,0,0,0,0,0,0,0,0,0,0,0,0,0,0,0,0,0,0,0,0,0,0,0,0,0
"01445","Sunflower seed","HR",0,0,0,NA,0,0,0,0,0,NA,NA,0,0,NA,NA,0,0,0,0,0,NA,NA,0,0,0,0,NA,0,0,NA,NA,NA,0,0,0,0,NA,0,0,0,0,0,0,0,0,0,0,NA,0,0,0,0,0,0,0,0,0,0,0,0,0,0,0,0,0,0,0,0,0,0,0,0,0,0
"01445","Sunflower seed","HU",0,0,0,NA,0,0,0,0,0,0,NA,0,0,NA,NA,0,0,0,0,0,NA,NA,0,0,0,0,NA,0,0,NA,NA,NA,0,0,0,0,NA,0,0,0,0,0,0,0,0,0,0,NA,0,0,0,0,0,0,0,0,0,0,0,0,0,0,0,0,0,0,0,0,0,0,0,0,0,0
"01445","Sunflower seed","IT",0,0,0,NA,0,0,0,0,0,NA,NA,0,0,NA,NA,0,0,0,0,0,NA,NA,0,0,0,0,NA,0,0,NA,NA,NA,0,0,0,0,NA,0,0,0,0,0,0,0,0,0,0,NA,0,0,0,0,0,0,0,0,0,0,0,0,0,0,0,0,0,0,0,0,0,0,0,0,0,0
"01445","Sunflower seed","KZ",0,0,0,NA,0,0,0,0,0,0,NA,0,0,NA,NA,0,0,0,0,0,NA,NA,0,0,0,0,NA,0,0,NA,NA,NA,0,0,0,0,NA,0,0,0,0,0,0,0,0,0,0,NA,0,0,0,0,0,0,0,0,0,0,0,0,0,0,0,0,0,0,0,0,0,0,0,0,0,0
"01445","Sunflower seed","MD",0,0,0,NA,0,0,0,0,0,0,NA,0,0,NA,NA,0,0,0,0,NA,NA,NA,0,0,0,NA,NA,0,0,NA,NA,NA,0,0,0,0,NA,0,0,0,0,0,0,0,0,0,0,NA,0,0,0,0,0,0,0,0,0,0,0,0,0,0,0,0,0,0,0,0,0,0,0,0,0,0
"01445","Sunflower seed","PL",0,0,0,NA,0,0,0,0,0,0,NA,0,0,NA,NA,0,0,0,0,0,NA,NA,0,0,0,0,NA,0,0,NA,NA,NA,0,0,0,0,NA,0,0,0,0,0,0,0,0,0,0,NA,0,0,0,0,0,0,0,0,0,0,0,0,0,0,0,0,0,0,0,0,0,0,0,0,0,0
"01445","Sunflower seed","RO",0,0,0,NA,0,0,0,0,0,0,NA,0,0,NA,NA,0,0,0,0,0,NA,NA,0,0,0,0,NA,0,0,NA,NA,NA,0,0,0,0,NA,0,0,0,0,0,0,0,0,0,0,NA,0,0,0,0,0,0,0,0,0,0,0,0,0,0,0,0,0,0,0,0,0,0,0,0,0,0
"01445","Sunflower seed","RS",0,0,0,NA,0,0,0,0,0,NA,NA,0,0,NA,NA,0,0,0,0,NA,NA,NA,0,0,0,NA,NA,0,0,NA,NA,NA,0,0,0,0,NA,0,0,0,0,0,0,0,0,0,0,NA,0,0,0,0,0,0,0,0,0,0,0,0,0,0,0,0,0,0,0,0,0,0,0,0,0,0
"01445","Sunflower seed","RU",0,0,0,NA,0,0,0,0,0,0,NA,0,0,NA,NA,0,0,0,0,NA,NA,NA,0,0,0,NA,NA,0,0,NA,NA,NA,0,0,0,0,NA,0,0,0,0,0,0,0,0,0,0,NA,0,0,0,0,0,0,0,0,0,0,0,0,0,0,0,0,0,0,0,0,0,0,0,0,0,0
"01445","Sunflower seed","SK",0,0,0,NA,0,0,0,0,0,0,NA,0,0,NA,NA,0,0,0,0,0,NA,NA,0,0,0,0,NA,0,0,NA,NA,NA,0,0,0,0,NA,0,0,0,0,0,0,0,0,0,0,NA,0,0,0,0,0,0,0,0,0,0,0,0,0,0,0,0,0,0,0,0,0,0,0,0,0,0
"01445","Sunflower seed","UA",0,0,0,NA,0,0,0,0,0,0,NA,0,0,NA,NA,0,0,0,0,0,NA,NA,0,0,0,0,NA,0,0,NA,NA,NA,0,0,0,0,NA,0,0,0,0,0,0,0,0,0,0,NA,0,0,0,0,0,0,0,0,0,0,0,0,0,0,0,0,0,0,0,0,0,0,0,0,0,0
"01448","Poppy seed","RS",0,0,0,NA,0,0,0,0,0,NA,NA,0,0,NA,NA,0,0,0,0,NA,NA,NA,0,0,0,NA,NA,0,0,NA,NA,NA,0,0,0,0,NA,0,0,0,0,0,0,0,0,0,0,NA,0,0,0,0,0,0,0,0,0,0,0,0,0,0,0,0,0,0,0,0,0,0,0,0,0,0
"01448","Poppy seed","TR",0,0,0,NA,0,0,0,0,0,NA,NA,0,0,NA,NA,0,0,0,0,NA,NA,NA,0,0,0,NA,NA,0,0,NA,NA,NA,0,0,0,0,NA,0,0,0,0,0,0,0,0,0,NA,NA,0,0,0,0,0,0,0,0,0,0,0,0,0,0,0,0,0,0,0,0,0,0,0,0,0,0
"01449.90","Other oil seeds, n.e.c.","AT",0,0,0,NA,0,0,0,0,0,NA,NA,0,0,NA,NA,0,0,0,0,0,NA,NA,0,0,0,0,NA,0,0,NA,NA,NA,0,0,0,0,NA,0,0,0,0,0,0,0,0,0,0,NA,0,0,0,0,0,0,0,0,0,0,0,0,0,0,0,0,0,0,0,0,0,0,0,0,0,0
"01449.90","Other oil seeds, n.e.c.","BD",0,0,0,NA,0,0,0,0,0,0,NA,0,0,NA,NA,0,0,0,0,0,NA,NA,0,0,0,0,NA,0,0,NA,NA,NA,NA,0,0,0,NA,0,0,0,0,0,0,0,0,0,0,NA,0,0,0,0,0,0,0,0,0,0,0,0,0,0,0,0,0,0,0,0,0,0,0,0,0,0
"01449.90","Other oil seeds, n.e.c.","BR",0,0,0,NA,0,0,0,0,0,NA,NA,0,0,NA,NA,0,0,0,0,NA,NA,NA,0,0,0,NA,NA,0,0,NA,NA,NA,0,0,0,0,NA,0,0,0,0,0,0,0,0,0,0,NA,0,0,0,0,0,0,0,0,0,0,0,0,0,0,0,0,0,0,0,0,0,0,0,0,0,0
"01449.90","Other oil seeds, n.e.c.","CA",0,0,0,NA,0,0,0,0,0,0,NA,0,0,NA,NA,0,0,0,0,0,NA,NA,0,0,0,0,NA,0,0,NA,NA,NA,0,0,0,0,NA,0,0,0,0,0,0,0,0,0,0,NA,0,0,0,0,0,0,0,0,0,0,0,0,0,0,0,0,0,0,0,0,0,0,0,0,0,0
"01449.90","Other oil seeds, n.e.c.","CI",0,0,0,NA,0,0,0,0,0,NA,NA,0,0,NA,NA,0,0,0,0,0,NA,NA,0,0,0,0,NA,0,0,NA,NA,NA,NA,0,0,0,NA,0,0,0,0,0,0,0,0,0,NA,NA,0,0,0,0,0,0,0,0,0,0,0,0,0,0,0,0,0,0,0,0,0,0,0,0,0,0
"01449.90","Other oil seeds, n.e.c.","CN",0,0,0,NA,0,0,0,0,0,0,NA,0,0,NA,NA,0,0,0,0,0,NA,NA,0,0,0,0,NA,0,0,NA,NA,NA,0,0,0,0,NA,0,0,0,0,0,0,0,0,0,0,NA,0,0,0,0,0,0,0,0,0,0,0,0,0,0,0,0,0,0,0,0,0,0,0,0,0,0
"01449.90","Other oil seeds, n.e.c.","CZ",0,0,0,NA,0,0,0,0,0,NA,NA,0,0,NA,NA,0,0,0,0,0,NA,NA,0,0,0,0,NA,0,0,NA,NA,NA,0,0,0,0,NA,0,0,0,0,0,0,0,0,0,0,NA,0,0,0,0,0,0,0,0,0,0,0,0,0,0,0,0,0,0,0,0,0,0,0,0,0,0
"01449.90","Other oil seeds, n.e.c.","ES",0,0,0,NA,0,0,0,0,0,0,NA,0,0,NA,NA,0,0,0,0,0,NA,NA,0,0,0,0,NA,0,0,NA,NA,NA,0,0,0,0,NA,0,0,0,0,0,0,0,0,0,0,NA,0,0,0,0,0,0,0,0,0,0,0,0,0,0,0,0,0,0,0,0,0,0,0,0,0,0
"01449.90","Other oil seeds, n.e.c.","ET",0,0,0,NA,0,0,0,0,0,0,NA,0,0,NA,NA,0,0,0,0,0,NA,NA,0,0,0,0,NA,0,0,NA,NA,NA,NA,0,0,0,NA,0,0,0,0,0,0,0,0,0,0,NA,0,0,0,0,0,0,0,0,0,0,0,0,0,0,0,0,0,0,0,0,0,0,0,0,0,0
"01449.90","Other oil seeds, n.e.c.","FR",0,0,0,NA,0,0,0,0,0,NA,NA,0,0,NA,NA,0,0,0,0,0,NA,NA,0,0,0,0,NA,0,0,NA,NA,NA,0,0,0,0,NA,0,0,0,0,0,0,0,0,0,0,NA,0,0,0,0,0,0,0,0,0,0,0,0,0,0,0,0,0,0,0,0,0,0,0,0,0,0
"01449.90","Other oil seeds, n.e.c.","GR",0,0,0,NA,0,0,0,0,0,0,NA,0,0,NA,NA,0,0,0,0,0,NA,NA,0,0,0,0,NA,0,0,NA,NA,NA,0,0,0,0,NA,0,0,0,0,0,0,0,0,0,0,NA,0,0,0,0,0,0,0,0,0,0,0,0,0,0,0,0,0,0,0,0,0,0,0,0,0,0
"01449.90","Other oil seeds, n.e.c.","HU",0,0,0,NA,0,0,0,0,0,NA,NA,0,0,NA,NA,0,0,0,0,0,NA,NA,0,0,0,0,NA,0,0,NA,NA,NA,0,0,0,0,NA,0,0,0,0,0,0,0,0,0,0,NA,0,0,0,0,0,0,0,0,0,0,0,0,0,0,0,0,0,0,0,0,0,0,0,0,0,0
"01449.90","Other oil seeds, n.e.c.","IN",0,0,0,NA,0,0,0,0,0,0,NA,0,0,NA,NA,0,0,0,0,0,NA,NA,0,0,0,0,NA,0,0,NA,NA,NA,NA,0,0,0,NA,0,0,0,0,0,0,0,0,0,0,NA,0,0,0,0,0,0,0,0,0,0,0,0,0,0,0,0,0,0,0,0,0,0,0,0,0,0
"01449.90","Other oil seeds, n.e.c.","IT",0,0,0,NA,0,0,0,0,0,NA,NA,0,0,NA,NA,0,0,0,0,0,NA,NA,0,0,0,0,NA,0,0,NA,NA,NA,0,0,0,0,NA,0,0,0,0,0,0,0,0,0,0,NA,0,0,0,0,0,0,0,0,0,0,0,0,0,0,0,0,0,0,0,0,0,0,0,0,0,0
"01449.90","Other oil seeds, n.e.c.","KE",0,0,0,NA,0,0,0,0,0,NA,NA,0,0,NA,NA,0,0,0,0,0,NA,NA,0,0,0,0,NA,0,0,NA,NA,NA,0,0,0,0,NA,0,0,0,0,0,0,0,0,0,0,NA,0,0,0,0,0,0,0,0,0,0,0,0,0,0,0,0,0,0,0,0,0,0,0,0,0,0
"01449.90","Other oil seeds, n.e.c.","MY",0,0,0,NA,0,0,0,0,0,NA,NA,0,0,NA,NA,0,0,0,0,0,NA,NA,0,0,0,0,NA,0,0,NA,NA,NA,NA,0,0,0,NA,0,0,0,0,0,0,0,0,0,0,NA,0,0,0,0,0,0,0,0,0,0,0,0,0,0,0,0,0,0,0,0,0,0,0,0,0,0
"01449.90","Other oil seeds, n.e.c.","NE",0,0,0,NA,0,0,0,0,0,NA,NA,0,NA,NA,NA,NA,0,0,0,NA,NA,NA,NA,0,0,NA,NA,0,0,NA,NA,NA,NA,0,0,0,NA,0,0,0,0,0,0,0,0,0,0,NA,0,0,0,0,0,0,0,0,0,0,0,0,0,0,0,0,0,0,0,0,0,0,0,0,0,0
"01449.90","Other oil seeds, n.e.c.","PE",0,0,0,NA,0,0,0,0,0,NA,NA,0,0,NA,NA,0,0,0,0,NA,NA,NA,0,0,0,NA,NA,0,0,NA,NA,NA,0,0,0,0,NA,0,0,0,0,0,0,0,0,0,NA,NA,0,0,0,0,0,0,0,0,0,0,0,0,0,0,0,0,0,0,0,0,0,0,0,0,0,0
"01449.90","Other oil seeds, n.e.c.","PL",0,0,0,NA,0,0,0,0,0,NA,NA,0,0,NA,NA,0,0,0,0,0,NA,NA,0,0,0,0,NA,0,0,NA,NA,NA,0,0,0,0,NA,0,0,0,0,0,0,0,0,0,0,NA,0,0,0,0,0,0,0,0,0,0,0,0,0,0,0,0,0,0,0,0,0,0,0,0,0,0
"01449.90","Other oil seeds, n.e.c.","PT",0,0,0,NA,0,0,0,0,0,0,NA,0,0,NA,NA,0,0,0,0,0,NA,NA,0,0,0,0,NA,0,0,NA,NA,NA,0,0,0,0,NA,0,0,0,0,0,0,0,0,0,0,NA,0,0,0,0,0,0,0,0,0,0,0,0,0,0,0,0,0,0,0,0,0,0,0,0,0,0
"01449.90","Other oil seeds, n.e.c.","RU",0,0,0,NA,0,0,0,0,0,NA,NA,0,0,NA,NA,0,0,0,0,NA,NA,NA,0,0,0,NA,NA,0,0,NA,NA,NA,0,0,0,0,NA,0,0,0,0,0,0,0,0,0,0,NA,0,0,0,0,0,0,0,0,0,0,0,0,0,0,0,0,0,0,0,0,0,0,0,0,0,0
"01449.90","Other oil seeds, n.e.c.","SS",0,0,0,NA,0,0,0,0,0,NA,NA,0,NA,NA,NA,NA,0,0,0,NA,NA,NA,NA,0,0,NA,NA,0,0,NA,NA,NA,NA,0,0,0,NA,0,0,0,0,0,0,0,0,0,0,NA,0,0,0,0,0,0,0,0,0,0,0,0,0,0,0,0,0,0,0,0,0,0,0,0,0,0
"01449.90","Other oil seeds, n.e.c.","UA",0,0,0,NA,0,0,0,0,0,NA,NA,0,0,NA,NA,0,0,0,0,0,NA,NA,0,0,0,0,NA,0,0,NA,NA,NA,0,0,0,0,NA,0,0,0,0,0,0,0,0,0,0,NA,0,0,0,0,0,0,0,0,0,0,0,0,0,0,0,0,0,0,0,0,0,0,0,0,0,0
"01449.90","Other oil seeds, n.e.c.","UG",0,0,0,NA,0,0,0,0,0,0,NA,0,NA,NA,NA,NA,0,0,0,0,NA,NA,NA,0,0,0,NA,0,0,NA,NA,NA,NA,0,0,0,NA,0,0,0,0,0,0,0,0,0,0,NA,0,0,0,0,0,0,0,0,0,0,0,0,0,0,0,0,0,0,0,0,0,0,0,0,0,0
"01450","Olives","EG",0,0,0,NA,0,0,0,0,0,NA,0,NA,0,NA,NA,0,0,0,0,0,NA,NA,0,0,0,0,NA,0,0,NA,NA,NA,0,0,0,0,NA,0,0,0,0,0,0,0,0,0,NA,0,NA,0,0,0,0,0,0,0,0,0,0,0,0,0,0,0,0,0,0,0,0,0,0,0,0,0
"01450","Olives","ES",0,0,0,NA,0,0,0,0,0,0,0,0,0,NA,NA,0,0,0,0,0,NA,NA,0,0,0,0,NA,0,0,NA,NA,NA,0,0,0,0,NA,0,0,0,0,0,0,0,0,0,0,0,0,0,0,0,0,0,0,0,0,0,0,0,0,0,0,0,0,0,0,0,0,0,0,0,0,0
"01450","Olives","FR",0,0,0,NA,0,0,0,0,0,NA,0,0,0,NA,NA,0,0,0,0,0,NA,NA,0,0,0,0,NA,0,0,NA,NA,NA,0,0,0,0,NA,0,0,0,0,0,0,0,0,0,0,0,0,0,0,0,0,0,0,0,0,0,0,0,0,0,0,0,0,0,0,0,0,0,0,0,0,0
"01450","Olives","GR",0,0,0,NA,0,0,0,0,0,0,0,0,0,NA,NA,0,0,0,0,0,NA,NA,0,0,0,0,NA,0,0,NA,NA,NA,0,0,0,0,NA,0,0,0,0,0,0,0,0,0,0,0,0,0,0,0,0,0,0,0,0,0,0,0,0,0,0,0,0,0,0,0,0,0,0,0,0,0
"01450","Olives","IT",0,0,0,NA,0,0,0,0,0,NA,0,0,0,NA,NA,0,0,0,0,0,NA,NA,0,0,0,0,NA,0,0,NA,NA,NA,0,0,0,0,NA,0,0,0,0,0,0,0,0,0,0,0,0,0,0,0,0,0,0,0,0,0,0,0,0,0,0,0,0,0,0,0,0,0,0,0,0,0
"01450","Olives","MA",0,0,0,NA,0,0,0,0,0,0,0,0,0,NA,NA,0,0,0,0,0,NA,NA,0,0,0,0,NA,0,0,NA,NA,NA,0,0,0,0,NA,0,0,0,0,0,0,0,0,0,0,0,0,0,0,0,0,0,0,0,0,0,0,0,0,0,0,0,0,0,0,0,0,0,0,0,0,0
"01450","Olives","PT",0,0,0,NA,0,0,0,0,0,0,0,0,0,NA,NA,0,0,0,0,0,NA,NA,0,0,0,0,NA,0,0,NA,NA,NA,0,0,0,0,NA,0,0,0,0,0,0,0,0,0,0,0,0,0,0,0,0,0,0,0,0,0,0,0,0,0,0,0,0,0,0,0,0,0,0,0,0,0
"01450","Olives","SY",0,0,0,NA,0,0,0,0,0,NA,0,0,0,NA,NA,0,0,0,0,NA,NA,NA,0,0,0,NA,NA,0,0,NA,NA,NA,0,0,0,0,NA,0,0,0,0,0,0,0,0,0,0,0,0,0,0,0,0,0,0,0,0,0,0,0,0,0,0,0,0,0,0,0,0,0,0,0,0,0
"01450","Olives","TN",0,0,0,NA,0,0,0,0,0,NA,0,0,0,NA,NA,0,0,0,0,0,NA,NA,0,0,0,0,NA,0,0,NA,NA,NA,0,0,0,0,NA,0,0,0,0,0,0,0,0,0,0,0,0,0,0,0,0,0,0,0,0,0,0,0,0,0,0,0,0,0,0,0,0,0,0,0,0,0
"01450","Olives","TR",0,0,0,NA,0,0,0,0,0,NA,0,0,0,NA,NA,0,0,0,0,NA,NA,NA,0,0,0,NA,NA,0,0,NA,NA,NA,0,0,0,0,NA,0,0,0,0,0,0,0,0,0,NA,0,0,0,0,0,0,0,0,0,0,0,0,0,0,0,0,0,0,0,0,0,0,0,0,0,0,0
"01460","Coconut, in shell","CI",-0,-0,0,NA,0,0,0,0,0,NA,0,0,0,NA,NA,0,0,0,0,-0,NA,NA,0,0,0,-0,NA,0,0,NA,NA,NA,NA,0,0,0,NA,0,0,0,0,0,0,0,0,0,NA,0,0,0,0,0,0,0,0,0,0,0,0,0,0,0,0,0,0,0,0,0,0,0,0,0,0,0
"01460","Coconut, in shell","ID",0,0,0,NA,0,0,0,0,0,0,0,0,0,NA,NA,0,0,0,0,-0,NA,NA,0,0,0,-0,NA,0,0,NA,NA,NA,0,0,0,0,NA,0,0,0,0,0,0,0,0,0,0,0,0,0,0,0,0,0,0,0,0,0,0,0,0,0,0,0,0,0,0,0,0,0,0,0,0,0
"01460","Coconut, in shell","IN",0,0,0,NA,0,0,0,0,0,0,0,0,0,NA,NA,0,0,0,0,0,NA,NA,0,0,0,0,NA,0,0,NA,NA,NA,NA,0,0,0,NA,0,0,0,0,0,0,0,0,0,0,0,0,0,0,0,0,0,0,0,0,0,0,0,0,0,0,0,0,0,0,0,0,0,0,0,0,0
"01460","Coconut, in shell","LK",0,0,0,NA,0,0,0,0,0,NA,0,0,0,NA,NA,0,0,0,0,-0,NA,NA,0,0,0,-0,NA,0,0,NA,NA,NA,NA,0,0,0,NA,0,0,0,0,0,0,0,0,0,0,0,0,0,0,0,0,0,0,0,0,0,0,0,0,0,0,0,0,0,0,0,0,0,0,0,0,0
"01460","Coconut, in shell","MY",0,0,0,NA,0,0,0,0,0,NA,0,0,0,NA,NA,0,0,0,0,0,NA,NA,0,0,0,0,NA,0,0,NA,NA,NA,NA,0,0,0,NA,0,0,0,0,0,0,0,0,0,0,0,0,0,0,0,0,0,0,0,0,0,0,0,0,0,0,0,0,0,0,0,0,0,0,0,0,0
"01460","Coconut, in shell","PF",0,0,0,NA,0,0,0,0,0,NA,0,NA,NA,NA,NA,NA,0,0,0,NA,NA,NA,NA,0,0,NA,NA,0,0,NA,NA,NA,NA,0,0,0,NA,0,0,0,0,0,0,0,0,0,NA,0,NA,0,0,0,0,0,0,0,0,0,0,0,0,0,0,0,0,0,0,0,0,0,0,0,0,0
"01460","Coconut, in shell","PH",0,0,0,NA,0,0,0,0,0,NA,0,0,0,NA,NA,0,0,0,0,0,NA,NA,0,0,0,0,NA,0,0,NA,NA,NA,0,0,0,0,NA,0,0,0,0,0,0,0,0,0,0,0,0,0,0,0,0,0,0,0,0,0,0,0,0,0,0,0,0,0,0,0,0,0,0,0,0,0
"01460","Coconut, in shell","VN",-0,-0,0,NA,0,0,0,0,0,0,0,0,0,NA,NA,0,0,0,0,-0,NA,NA,0,0,0,-0,NA,0,0,NA,NA,NA,NA,0,0,0,NA,0,0,0,0,0,0,0,0,0,0,0,0,0,0,0,0,0,0,0,0,0,0,0,0,0,0,0,0,0,0,0,0,0,0,0,0,0
"01491.01","Oil palm fruit","BR",0,0,0,NA,0,0,0,0,0,NA,NA,0,0,NA,NA,0,0,0,0,0,NA,NA,0,0,0,0,NA,0,0,NA,NA,NA,0,0,0,0,NA,0,0,0,0,0,0,0,0,0,0,NA,0,0,0,0,0,0,0,0,0,0,0,0,0,0,0,0,0,0,0,0,0,0,0,0,0,0
"01491.01","Oil palm fruit","CI",0,0,0,NA,0,0,0,0,0,NA,NA,0,0,NA,NA,0,0,0,0,-0,NA,NA,0,0,0,-0,NA,0,0,NA,NA,NA,NA,0,0,0,NA,0,0,0,0,0,0,0,0,0,NA,NA,0,0,0,0,0,0,0,0,0,0,0,0,0,0,0,0,0,0,0,0,0,0,0,0,0,0
"01491.01","Oil palm fruit","CN",0,0,0,NA,0,0,0,0,0,0,NA,0,0,NA,NA,0,0,0,0,0,NA,NA,0,0,0,0,NA,0,0,NA,NA,NA,0,0,0,0,NA,0,0,0,0,0,0,0,0,0,0,NA,0,0,0,0,0,0,0,0,0,0,0,0,0,0,0,0,0,0,0,0,0,0,0,0,0,0
"01491.01","Oil palm fruit","CO",0,-0,0,NA,0,0,0,0,0,NA,NA,0,0,NA,NA,0,0,0,0,-0,NA,NA,0,0,0,-0,NA,0,0,NA,NA,NA,0,0,0,0,NA,0,0,0,0,0,0,0,0,0,NA,NA,0,0,0,0,0,0,0,0,0,0,0,0,0,0,0,0,0,0,0,0,0,0,0,0,0,0
"01491.01","Oil palm fruit","CR",0,0,0,NA,0,0,0,0,0,NA,NA,0,0,NA,NA,0,0,0,0,0,NA,NA,0,0,0,0,NA,0,0,NA,NA,NA,0,0,0,0,NA,0,0,0,0,0,0,0,0,0,NA,NA,0,0,0,0,0,0,0,0,0,0,0,0,0,0,0,0,0,0,0,0,0,0,0,0,0,0
"01491.01","Oil palm fruit","GA",0,0,0,NA,0,0,0,0,0,NA,NA,0,NA,NA,NA,NA,0,0,0,-0,NA,NA,NA,0,0,-0,NA,0,0,NA,NA,NA,NA,0,0,0,NA,0,0,0,0,0,0,0,0,0,NA,NA,0,0,0,0,0,0,0,0,0,0,0,0,0,0,0,0,0,0,0,0,0,0,0,0,0,0
"01491.01","Oil palm fruit","GT",0,0,0,NA,0,0,0,0,0,NA,NA,0,0,NA,NA,0,0,0,0,-0,NA,NA,0,0,0,-0,NA,0,0,NA,NA,NA,0,0,0,0,NA,0,0,0,0,0,0,0,0,0,NA,NA,0,0,0,0,0,0,0,0,0,0,0,0,0,0,0,0,0,0,0,0,0,0,0,0,0,0
"01491.01","Oil palm fruit","HN",0,-0,0,NA,0,0,0,0,0,NA,NA,0,0,NA,NA,0,0,0,0,-0,NA,NA,0,0,0,-0,NA,0,0,NA,NA,NA,0,0,0,0,NA,0,0,0,0,0,0,0,0,0,NA,NA,0,0,0,0,0,0,0,0,0,0,0,0,0,0,0,0,0,0,0,0,0,0,0,0,0,0
"01491.01","Oil palm fruit","ID",0,0,0,NA,0,0,0,0,0,NA,NA,0,0,NA,NA,0,0,0,0,0,NA,NA,0,0,0,0,NA,0,0,NA,NA,NA,0,0,0,0,NA,0,0,0,0,0,0,0,0,0,NA,NA,0,0,0,0,0,0,0,0,0,0,0,0,0,0,0,0,0,0,0,0,0,0,0,0,0,0
"01491.01","Oil palm fruit","MY",0,0,0,NA,0,0,0,0,0,NA,NA,0,0,NA,NA,0,0,0,0,0,NA,NA,0,0,0,0,NA,0,0,NA,NA,NA,NA,0,0,0,NA,0,0,0,0,0,0,0,0,0,0,NA,0,0,0,0,0,0,0,0,0,0,0,0,0,0,0,0,0,0,0,0,0,0,0,0,0,0
"01491.01","Oil palm fruit","PE",-0,-0,0,NA,0,0,0,0,0,NA,NA,0,0,NA,NA,0,0,0,0,-0,NA,NA,0,0,0,-0,NA,0,0,NA,NA,NA,0,0,0,0,NA,0,0,0,0,0,0,0,0,0,NA,NA,0,0,0,0,0,0,0,0,0,0,0,0,0,0,0,0,0,0,0,0,0,0,0,0,0,0
"01491.01","Oil palm fruit","PG",-0,-0,0,NA,0,0,0,0,0,NA,NA,0,NA,NA,NA,NA,0,0,0,-0,NA,NA,NA,0,0,-0,NA,0,0,NA,NA,NA,NA,0,0,0,NA,0,0,0,0,0,0,0,0,0,NA,NA,0,0,0,0,0,0,0,0,0,0,0,0,0,0,0,0,0,0,0,0,0,0,0,0,0,0
"01510","Potatoes","AT",0,0,0,NA,0,0,0,0,0,0,NA,0,0,NA,NA,0,0,0,0,0,NA,NA,0,0,0,0,NA,0,0,NA,NA,NA,0,0,0,0,NA,0,0,0,0,0,0,0,0,0,0,NA,0,0,0,0,0,0,0,0,0,0,0,0,0,0,0,0,0,0,0,0,0,0,0,0,0,0
"01510","Potatoes","BE",0,0,0,NA,0,0,0,0,0,0,NA,0,0,NA,NA,0,0,0,0,0,NA,NA,0,0,0,0,NA,0,0,NA,NA,NA,0,0,0,0,NA,0,0,0,0,0,0,0,0,0,0,NA,0,0,0,0,0,0,0,0,0,0,0,0,0,0,0,0,0,0,0,0,0,0,0,0,0,0
"01510","Potatoes","BG",0,0,0,NA,0,0,0,0,0,0,NA,0,0,NA,NA,0,0,0,0,0,NA,NA,0,0,0,0,NA,0,0,NA,NA,NA,0,0,0,0,NA,0,0,0,0,0,0,0,0,0,0,NA,0,0,0,0,0,0,0,0,0,0,0,0,0,0,0,0,0,0,0,0,0,0,0,0,0,0
"01510","Potatoes","CY",0,0,0,NA,0,0,0,0,0,0,NA,0,0,NA,NA,0,0,0,0,0,NA,NA,0,0,0,0,NA,0,0,NA,NA,NA,0,0,0,0,NA,0,0,0,0,0,0,0,0,0,0,NA,0,0,0,0,0,0,0,0,0,0,0,0,0,0,0,0,0,0,0,0,0,0,0,0,0,0
"01510","Potatoes","DE",0,0,0,NA,0,0,0,0,0,0,NA,0,0,NA,NA,0,0,0,0,0,NA,NA,0,0,0,0,NA,0,0,NA,NA,NA,0,0,0,0,NA,0,0,0,0,0,0,0,0,0,0,NA,0,0,0,0,0,0,0,0,0,0,0,0,0,0,0,0,0,0,0,0,0,0,0,0,0,0
"01510","Potatoes","DK",0,0,0,NA,0,0,0,0,0,0,0,0,0,NA,NA,0,0,0,0,0,NA,NA,0,0,0,0,NA,0,0,NA,NA,NA,0,0,0,0,NA,0,0,0,0,0,0,0,0,0,0,0,0,0,0,0,0,0,0,0,0,0,0,0,0,0,0,0,0,0,0,0,0,0,0,0,0,0
"01510","Potatoes","EG",0,0,0,NA,0,0,0,0,0,0,NA,NA,0,NA,NA,0,0,0,0,0,NA,NA,0,0,0,0,NA,0,0,NA,NA,NA,0,0,0,0,NA,0,0,0,0,0,0,0,0,0,0,NA,NA,0,0,0,0,0,0,0,0,0,0,0,0,0,0,0,0,0,0,0,0,0,0,0,0,0
"01510","Potatoes","ES",0,0,0,NA,0,0,0,0,0,0,NA,0,0,NA,NA,0,0,0,0,0,NA,NA,0,0,0,0,NA,0,0,NA,NA,NA,0,0,0,0,NA,0,0,0,0,0,0,0,0,0,0,NA,0,0,0,0,0,0,0,0,0,0,0,0,0,0,0,0,0,0,0,0,0,0,0,0,0,0
"01510","Potatoes","FR",0,0,0,NA,0,0,0,0,0,0,NA,0,0,NA,NA,0,0,0,0,0,NA,NA,0,0,0,0,NA,0,0,NA,NA,NA,0,0,0,0,NA,0,0,0,0,0,0,0,0,0,0,NA,0,0,0,0,0,0,0,0,0,0,0,0,0,0,0,0,0,0,0,0,0,0,0,0,0,0
"01510","Potatoes","GB",0,0,0,NA,0,0,0,0,0,0,NA,0,0,NA,NA,0,0,0,0,NA,NA,NA,0,0,0,NA,NA,0,0,NA,NA,NA,0,0,0,0,NA,0,0,0,0,0,0,0,0,0,0,NA,0,0,0,0,0,0,0,0,0,0,0,0,0,0,0,0,0,0,0,0,0,0,0,0,0,0
"01510","Potatoes","GR",0,0,0,NA,0,0,0,0,0,0,NA,0,0,NA,NA,0,0,0,0,0,NA,NA,0,0,0,0,NA,0,0,NA,NA,NA,0,0,0,0,NA,0,0,0,0,0,0,0,0,0,0,NA,0,0,0,0,0,0,0,0,0,0,0,0,0,0,0,0,0,0,0,0,0,0,0,0,0,0
"01510","Potatoes","HU",0,0,0,NA,0,0,0,0,0,0,NA,0,0,NA,NA,0,0,0,0,0,NA,NA,0,0,0,0,NA,0,0,NA,NA,NA,0,0,0,0,NA,0,0,0,0,0,0,0,0,0,0,NA,0,0,0,0,0,0,0,0,0,0,0,0,0,0,0,0,0,0,0,0,0,0,0,0,0,0
"01510","Potatoes","IE",0,0,0,NA,0,0,0,0,0,0,NA,0,0,NA,NA,0,0,0,0,0,NA,NA,0,0,0,0,NA,0,0,NA,NA,NA,0,0,0,0,NA,0,0,0,0,0,0,0,0,0,0,NA,0,0,0,0,0,0,0,0,0,0,0,0,0,0,0,0,0,0,0,0,0,0,0,0,0,0
"01510","Potatoes","IT",0,0,0,NA,0,0,0,0,0,0,NA,0,0,NA,NA,0,0,0,0,0,NA,NA,0,0,0,0,NA,0,0,NA,NA,NA,0,0,0,0,NA,0,0,0,0,0,0,0,0,0,0,NA,0,0,0,0,0,0,0,0,0,0,0,0,0,0,0,0,0,0,0,0,0,0,0,0,0,0
"01510","Potatoes","NL",0,0,0,NA,0,0,0,0,0,NA,NA,0,0,NA,NA,0,0,0,0,NA,NA,NA,0,0,0,NA,NA,0,0,NA,NA,NA,0,0,0,0,NA,0,0,0,0,0,0,0,0,0,NA,NA,0,0,0,0,0,0,0,0,0,0,0,0,0,0,0,0,0,0,0,0,0,0,0,0,0,0
"01510","Potatoes","PL",0,0,0,NA,0,0,0,0,0,0,NA,0,0,NA,NA,0,0,0,0,0,NA,NA,0,0,0,0,NA,0,0,NA,NA,NA,0,0,0,0,NA,0,0,0,0,0,0,0,0,0,0,NA,0,0,0,0,0,0,0,0,0,0,0,0,0,0,0,0,0,0,0,0,0,0,0,0,0,0
"01510","Potatoes","SE",0,0,0,NA,0,0,0,0,0,0,NA,0,0,NA,NA,0,0,0,0,0,NA,NA,0,0,0,0,NA,0,0,NA,NA,NA,0,0,0,0,NA,0,0,0,0,0,0,0,0,0,0,NA,0,0,0,0,0,0,0,0,0,0,0,0,0,0,0,0,0,0,0,0,0,0,0,0,0,0
"01510","Potatoes","SK",0,0,0,NA,0,0,0,0,0,0,NA,0,0,NA,NA,0,0,0,0,0,NA,NA,0,0,0,0,NA,0,0,NA,NA,NA,0,0,0,0,NA,0,0,0,0,0,0,0,0,0,0,NA,0,0,0,0,0,0,0,0,0,0,0,0,0,0,0,0,0,0,0,0,0,0,0,0,0,0
"01530","Sweet potatoes","BR",0,0,0,NA,0,0,0,0,0,0,NA,0,0,NA,NA,0,0,0,0,0,NA,NA,0,0,0,0,NA,0,0,NA,NA,NA,0,0,0,0,NA,0,0,0,0,0,0,0,0,0,0,NA,0,0,0,0,0,0,0,0,0,0,0,0,0,0,0,0,0,0,0,0,0,0,0,0,0,0
"01530","Sweet potatoes","CN",0,0,0,NA,0,0,0,0,0,0,NA,0,0,NA,NA,0,0,0,0,NA,NA,NA,0,0,0,NA,NA,0,0,NA,NA,NA,0,0,0,0,NA,0,0,0,0,0,0,0,0,0,0,NA,0,0,0,0,0,0,0,0,0,0,0,0,0,0,0,0,0,0,0,0,0,0,0,0,0,0
"01530","Sweet potatoes","EG",0,0,0,NA,0,0,0,0,0,0,NA,NA,0,NA,NA,0,0,0,0,0,NA,NA,0,0,0,0,NA,0,0,NA,NA,NA,0,0,0,0,NA,0,0,0,0,0,0,0,0,0,0,NA,NA,0,0,0,0,0,0,0,0,0,0,0,0,0,0,0,0,0,0,0,0,0,0,0,0,0
"01530","Sweet potatoes","GT",0,0,0,NA,0,0,0,0,0,NA,NA,0,0,NA,NA,0,0,0,0,0,NA,NA,0,0,0,0,NA,0,0,NA,NA,NA,0,0,0,0,NA,0,0,0,0,0,0,0,0,0,NA,NA,0,0,0,0,0,0,0,0,0,0,0,0,0,0,0,0,0,0,0,0,0,0,0,0,0,0
"01530","Sweet potatoes","HN",0,0,0,NA,0,0,0,0,0,0,NA,0,0,NA,NA,0,0,0,0,0,NA,NA,0,0,0,0,NA,0,0,NA,NA,NA,0,0,0,0,NA,0,0,0,0,0,0,0,0,0,0,NA,0,0,0,0,0,0,0,0,0,0,0,0,0,0,0,0,0,0,0,0,0,0,0,0,0,0
"01530","Sweet potatoes","MA",0,0,0,NA,0,0,0,0,0,NA,NA,0,0,NA,NA,0,0,0,0,0,NA,NA,0,0,0,0,NA,0,0,NA,NA,NA,0,0,0,0,NA,0,0,0,0,0,0,0,0,0,NA,NA,0,0,0,0,0,0,0,0,0,0,0,0,0,0,0,0,0,0,0,0,0,0,0,0,0,0
"01530","Sweet potatoes","US",0,0,0,NA,0,0,0,0,0,NA,NA,0,0,NA,NA,0,0,0,0,NA,NA,NA,0,0,0,NA,NA,0,0,NA,NA,NA,0,0,0,0,NA,0,0,0,0,0,0,0,0,0,0,NA,0,0,0,0,0,0,0,0,0,0,0,0,0,0,0,0,0,0,0,0,0,0,0,0,0,0
"01530","Sweet potatoes","ZA",0,0,0,NA,0,0,0,0,0,NA,NA,0,0,NA,NA,0,0,0,0,0,NA,NA,0,0,0,0,NA,0,0,NA,NA,NA,0,0,0,0,NA,0,0,0,0,0,0,0,0,0,0,NA,0,0,0,0,0,0,0,0,0,0,0,0,0,0,0,0,0,0,0,0,0,0,0,0,0,0
"01599.10","Edible roots and tubers with high starch or inulin content, n.e.c., fresh","BO",0,0,0,NA,0,0,0,0,0,0,NA,0,NA,NA,NA,NA,0,0,0,NA,NA,NA,NA,0,0,NA,NA,0,0,NA,NA,NA,NA,0,0,0,NA,0,0,0,0,0,0,0,0,0,0,NA,0,0,0,0,0,0,0,0,0,0,0,0,0,0,0,0,0,0,0,0,0,0,0,0,0,0
"01599.10","Edible roots and tubers with high starch or inulin content, n.e.c., fresh","CG",0,0,0,NA,0,0,0,0,0,NA,NA,0,NA,NA,NA,NA,0,0,0,NA,NA,NA,NA,0,0,NA,NA,0,0,NA,NA,NA,NA,0,0,0,NA,0,0,0,0,0,0,0,0,0,0,NA,0,0,0,0,0,0,0,0,0,0,0,0,0,0,0,0,0,0,0,0,0,0,0,0,0,0
"01599.10","Edible roots and tubers with high starch or inulin content, n.e.c., fresh","CI",0,0,0,NA,0,0,0,0,0,NA,NA,0,0,NA,NA,0,0,0,0,0,NA,NA,0,0,0,0,NA,0,0,NA,NA,NA,NA,0,0,0,NA,0,0,0,0,0,0,0,0,0,NA,NA,0,0,0,0,0,0,0,0,0,0,0,0,0,0,0,0,0,0,0,0,0,0,0,0,0,0
"01599.10","Edible roots and tubers with high starch or inulin content, n.e.c., fresh","CM",0,0,0,NA,0,0,0,0,0,NA,NA,0,0,NA,NA,0,0,0,0,0,NA,NA,0,0,0,0,NA,0,0,NA,NA,NA,NA,0,0,0,NA,0,0,0,0,0,0,0,0,0,0,NA,0,0,0,0,0,0,0,0,0,0,0,0,0,0,0,0,0,0,0,0,0,0,0,0,0,0
"01599.10","Edible roots and tubers with high starch or inulin content, n.e.c., fresh","CN",0,0,0,NA,0,0,0,0,0,NA,NA,0,0,NA,NA,0,0,0,0,0,NA,NA,0,0,0,0,NA,0,0,NA,NA,NA,0,0,0,0,NA,0,0,0,0,0,0,0,0,0,0,NA,0,0,0,0,0,0,0,0,0,0,0,0,0,0,0,0,0,0,0,0,0,0,0,0,0,0
"01599.10","Edible roots and tubers with high starch or inulin content, n.e.c., fresh","CR",0,0,0,NA,0,0,0,0,0,0,NA,0,0,NA,NA,0,0,0,0,0,NA,NA,0,0,0,0,NA,0,0,NA,NA,NA,0,0,0,0,NA,0,0,0,0,0,0,0,0,0,0,NA,0,0,0,0,0,0,0,0,0,0,0,0,0,0,0,0,0,0,0,0,0,0,0,0,0,0
"01599.10","Edible roots and tubers with high starch or inulin content, n.e.c., fresh","DM",0,0,0,NA,0,0,0,0,0,NA,NA,0,NA,NA,NA,NA,0,0,0,0,NA,NA,NA,0,0,0,NA,0,0,NA,NA,NA,NA,0,0,0,NA,0,0,0,0,0,0,0,0,0,NA,NA,0,0,0,0,0,0,0,0,0,0,0,0,0,0,0,0,0,0,0,0,0,0,0,0,0,0
"01599.10","Edible roots and tubers with high starch or inulin content, n.e.c., fresh","EC",0,0,0,NA,0,0,0,0,0,0,NA,0,0,NA,NA,0,0,0,0,0,NA,NA,0,0,0,0,NA,0,0,NA,NA,NA,0,0,0,0,NA,0,0,0,0,0,0,0,0,0,0,NA,0,0,0,0,0,0,0,0,0,0,0,0,0,0,0,0,0,0,0,0,0,0,0,0,0,0
"01599.10","Edible roots and tubers with high starch or inulin content, n.e.c., fresh","EG",0,0,0,NA,0,0,0,0,0,0,NA,NA,0,NA,NA,0,0,0,0,0,NA,NA,0,0,0,0,NA,0,0,NA,NA,NA,0,0,0,0,NA,0,0,0,0,0,0,0,0,0,0,NA,NA,0,0,0,0,0,0,0,0,0,0,0,0,0,0,0,0,0,0,0,0,0,0,0,0,0
"01599.10","Edible roots and tubers with high starch or inulin content, n.e.c., fresh","GH",0,0,0,NA,0,0,0,0,0,NA,NA,0,0,NA,NA,0,0,0,0,0,NA,NA,0,0,0,0,NA,0,0,NA,NA,NA,0,0,0,0,NA,0,0,0,0,0,0,0,0,0,0,NA,0,0,0,0,0,0,0,0,0,0,0,0,0,0,0,0,0,0,0,0,0,0,0,0,0,0
"01599.10","Edible roots and tubers with high starch or inulin content, n.e.c., fresh","HN",0,0,0,NA,0,0,0,0,0,NA,NA,0,0,NA,NA,0,0,0,0,0,NA,NA,0,0,0,0,NA,0,0,NA,NA,NA,0,0,0,0,NA,0,0,0,0,0,0,0,0,0,0,NA,0,0,0,0,0,0,0,0,0,0,0,0,0,0,0,0,0,0,0,0,0,0,0,0,0,0
"01599.10","Edible roots and tubers with high starch or inulin content, n.e.c., fresh","ID",0,0,0,NA,0,0,0,0,0,NA,NA,0,0,NA,NA,0,0,0,0,0,NA,NA,0,0,0,0,NA,0,0,NA,NA,NA,0,0,0,0,NA,0,0,0,0,0,0,0,0,0,0,NA,0,0,0,0,0,0,0,0,0,0,0,0,0,0,0,0,0,0,0,0,0,0,0,0,0,0
"01599.10","Edible roots and tubers with high starch or inulin content, n.e.c., fresh","KE",0,0,0,NA,0,0,0,0,0,NA,NA,0,0,NA,NA,0,0,0,0,0,NA,NA,0,0,0,0,NA,0,0,NA,NA,NA,0,0,0,0,NA,0,0,0,0,0,0,0,0,0,0,NA,0,0,0,0,0,0,0,0,0,0,0,0,0,0,0,0,0,0,0,0,0,0,0,0,0,0
"01599.10","Edible roots and tubers with high starch or inulin content, n.e.c., fresh","LK",0,0,0,NA,0,0,0,0,0,NA,NA,0,0,NA,NA,0,0,0,0,NA,NA,NA,0,0,0,NA,NA,0,0,NA,NA,NA,NA,0,0,0,NA,0,0,0,0,0,0,0,0,0,NA,NA,0,0,0,0,0,0,0,0,0,0,0,0,0,0,0,0,0,0,0,0,0,0,0,0,0,0
"01599.10","Edible roots and tubers with high starch or inulin content, n.e.c., fresh","MX",0,0,0,NA,0,0,0,0,0,0,NA,0,0,NA,NA,0,0,0,0,NA,NA,NA,0,0,0,NA,NA,0,0,NA,NA,NA,0,0,0,0,NA,0,0,0,0,0,0,0,0,0,0,NA,0,0,0,0,0,0,0,0,0,0,0,0,0,0,0,0,0,0,0,0,0,0,0,0,0,0
"01599.10","Edible roots and tubers with high starch or inulin content, n.e.c., fresh","NI",0,0,0,NA,0,0,0,0,0,0,NA,0,0,NA,NA,0,0,0,0,0,NA,NA,0,0,0,0,NA,0,0,NA,NA,NA,0,0,0,0,NA,0,0,0,0,0,0,0,0,0,0,NA,0,0,0,0,0,0,0,0,0,0,0,0,0,0,0,0,0,0,0,0,0,0,0,0,0,0
"01599.10","Edible roots and tubers with high starch or inulin content, n.e.c., fresh","PE",0,0,0,NA,0,0,0,0,0,0,NA,0,0,NA,NA,0,0,0,0,0,NA,NA,0,0,0,0,NA,0,0,NA,NA,NA,0,0,0,0,NA,0,0,0,0,0,0,0,0,0,0,NA,0,0,0,0,0,0,0,0,0,0,0,0,0,0,0,0,0,0,0,0,0,0,0,0,0,0
"01599.10","Edible roots and tubers with high starch or inulin content, n.e.c., fresh","PK",0,0,0,NA,0,0,0,0,0,NA,NA,0,0,NA,NA,0,0,0,0,0,NA,NA,0,0,0,0,NA,0,0,NA,NA,NA,0,0,0,0,NA,0,0,0,0,0,0,0,0,0,0,NA,0,0,0,0,0,0,0,0,0,0,0,0,0,0,0,0,0,0,0,0,0,0,0,0,0,0
"01599.10","Edible roots and tubers with high starch or inulin content, n.e.c., fresh","TG",0,0,0,NA,0,0,0,0,0,NA,NA,0,NA,NA,NA,NA,0,0,0,0,NA,NA,NA,0,0,0,NA,0,0,NA,NA,NA,NA,0,0,0,NA,0,0,0,0,0,0,0,0,0,0,NA,0,0,0,0,0,0,0,0,0,0,0,0,0,0,0,0,0,0,0,0,0,0,0,0,0,0
"01599.10","Edible roots and tubers with high starch or inulin content, n.e.c., fresh","TH",0,0,0,NA,0,0,0,0,0,NA,NA,0,0,NA,NA,0,0,0,0,0,NA,NA,0,0,0,0,NA,0,0,NA,NA,NA,NA,0,0,0,NA,0,0,0,0,0,0,0,0,0,0,NA,0,0,0,0,0,0,0,0,0,0,0,0,0,0,0,0,0,0,0,0,0,0,0,0,0,0
"01599.10","Edible roots and tubers with high starch or inulin content, n.e.c., fresh","TZ",0,0,0,NA,0,0,0,0,0,NA,NA,0,0,NA,NA,0,0,0,0,NA,NA,NA,0,0,0,NA,NA,0,0,NA,NA,NA,0,0,0,0,NA,0,0,0,0,0,0,0,0,0,0,NA,0,0,0,0,0,0,0,0,0,0,0,0,0,0,0,0,0,0,0,0,0,0,0,0,0,0
"01610","Coffee, green","BR",0,0,0,NA,0,0,0,0,0,0,NA,0,0,NA,NA,0,0,0,0,0,NA,NA,0,0,0,0,NA,0,0,NA,NA,NA,0,0,0,0,NA,0,0,0,0,0,0,0,0,0,0,NA,0,0,0,0,0,0,0,0,0,0,0,0,0,0,0,0,0,0,0,0,0,0,0,0,0,0
"01610","Coffee, green","CI",0,0,0,NA,0,0,0,0,0,NA,NA,0,0,NA,NA,0,0,0,0,0,NA,NA,0,0,0,0,NA,0,0,NA,NA,NA,NA,0,0,0,NA,0,0,0,0,0,0,0,0,0,NA,NA,0,0,0,0,0,0,0,0,0,0,0,0,0,0,0,0,0,0,0,0,0,0,0,0,0,0
"01610","Coffee, green","CO",0,0,0,NA,0,0,0,0,0,0,NA,0,0,NA,NA,0,0,0,0,0,NA,NA,0,0,0,0,NA,0,0,NA,NA,NA,0,0,0,0,NA,0,0,0,0,0,0,0,0,0,0,NA,0,0,0,0,0,0,0,0,0,0,0,0,0,0,0,0,0,0,0,0,0,0,0,0,0,0
"01610","Coffee, green","ET",0,0,0,NA,0,0,0,0,0,0,NA,0,0,NA,NA,0,0,0,0,0,NA,NA,0,0,0,0,NA,0,0,NA,NA,NA,NA,0,0,0,NA,0,0,0,0,0,0,0,0,0,0,NA,0,0,0,0,0,0,0,0,0,0,0,0,0,0,0,0,0,0,0,0,0,0,0,0,0,0
"01610","Coffee, green","GT",0,0,0,NA,0,0,0,0,0,0,NA,0,0,NA,NA,0,0,0,0,0,NA,NA,0,0,0,0,NA,0,0,NA,NA,NA,0,0,0,0,NA,0,0,0,0,0,0,0,0,0,0,NA,0,0,0,0,0,0,0,0,0,0,0,0,0,0,0,0,0,0,0,0,0,0,0,0,0,0
"01610","Coffee, green","HN",0,0,0,NA,0,0,0,0,0,0,NA,0,0,NA,NA,0,0,0,0,0,NA,NA,0,0,0,0,NA,0,0,NA,NA,NA,0,0,0,0,NA,0,0,0,0,0,0,0,0,0,0,NA,0,0,0,0,0,0,0,0,0,0,0,0,0,0,0,0,0,0,0,0,0,0,0,0,0,0
"01610","Coffee, green","ID",0,0,0,NA,0,0,0,0,NA,NA,NA,0,0,NA,NA,0,0,0,0,-0,NA,NA,0,0,0,-0,NA,0,0,NA,NA,NA,0,0,0,0,NA,0,0,0,0,0,0,0,0,0,0,NA,0,0,0,0,0,0,0,0,0,0,0,0,0,0,0,0,0,0,0,0,0,0,0,0,0,0
"01610","Coffee, green","IN",0,0,0,NA,0,0,0,0,0,NA,NA,0,0,NA,NA,0,0,0,0,0,NA,NA,0,0,0,0,NA,0,0,NA,NA,NA,NA,0,0,0,NA,0,0,0,0,0,0,0,0,0,0,NA,0,0,0,0,0,0,0,0,0,0,0,0,0,0,0,0,0,0,0,0,0,0,0,0,0,0
"01610","Coffee, green","KE",0,0,0,NA,0,0,0,0,0,0,NA,0,0,NA,NA,0,0,0,0,0,NA,NA,0,0,0,0,NA,0,0,NA,NA,NA,0,0,0,0,NA,0,0,0,0,0,0,0,0,0,0,NA,0,0,0,0,0,0,0,0,0,0,0,0,0,0,0,0,0,0,0,0,0,0,0,0,0,0
"01610","Coffee, green","MX",0,0,0,NA,0,0,0,0,0,0,NA,0,0,NA,NA,0,0,0,0,NA,NA,NA,0,0,0,NA,NA,0,0,NA,NA,NA,0,0,0,0,NA,0,0,0,0,0,0,0,0,0,0,NA,0,0,0,0,0,0,0,0,0,0,0,0,0,0,0,0,0,0,0,0,0,0,0,0,0,0
"01610","Coffee, green","NI",0,0,0,NA,0,0,0,0,0,NA,NA,0,0,NA,NA,0,0,0,0,0,NA,NA,0,0,0,0,NA,0,0,NA,NA,NA,0,0,0,0,NA,0,0,0,0,0,0,0,0,0,0,NA,0,0,0,0,0,0,0,0,0,0,0,0,0,0,0,0,0,0,0,0,0,0,0,0,0,0
"01610","Coffee, green","PE",0,0,0,NA,0,0,0,0,0,0,NA,0,0,NA,NA,0,0,0,0,0,NA,NA,0,0,0,0,NA,0,0,NA,NA,NA,0,0,0,0,NA,0,0,0,0,0,0,0,0,0,0,NA,0,0,0,0,0,0,0,0,0,0,0,0,0,0,0,0,0,0,0,0,0,0,0,0,0,0
"01610","Coffee, green","RW",0,0,0,NA,0,0,0,0,0,NA,NA,0,0,NA,NA,0,0,0,0,0,NA,NA,0,0,0,0,NA,0,0,NA,NA,NA,NA,0,0,0,NA,0,0,0,0,0,0,0,0,0,0,NA,0,0,0,0,0,0,0,0,0,0,0,0,0,0,0,0,0,0,0,0,0,0,0,0,0,0
"01610","Coffee, green","TZ",0,0,0,NA,0,0,0,0,0,NA,NA,0,0,NA,NA,0,0,0,0,NA,NA,NA,0,0,0,NA,NA,0,0,NA,NA,NA,0,0,0,0,NA,0,0,0,0,0,0,0,0,0,0,NA,0,0,0,0,0,0,0,0,0,0,0,0,0,0,0,0,0,0,0,0,0,0,0,0,0,0
"01610","Coffee, green","UG",0,0,0,NA,0,0,0,0,0,NA,NA,0,NA,NA,NA,NA,0,0,0,0,NA,NA,NA,0,0,0,NA,0,0,NA,NA,NA,NA,0,0,0,NA,0,0,0,0,0,0,0,0,0,0,NA,0,0,0,0,0,0,0,0,0,0,0,0,0,0,0,0,0,0,0,0,0,0,0,0,0,0
"01610","Coffee, green","VN",0,0,0,NA,0,0,0,0,0,0,NA,0,0,NA,NA,0,0,0,0,0,NA,NA,0,0,0,0,NA,0,0,NA,NA,NA,NA,0,0,0,NA,0,0,0,0,0,0,0,0,0,0,NA,0,0,0,0,0,0,0,0,0,0,0,0,0,0,0,0,0,0,0,0,0,0,0,0,0,0
"01620","Tea leaves","IN",0,0,0,NA,0,0,0,0,0,0,NA,0,0,NA,NA,0,0,0,0,0,NA,NA,0,0,0,0,NA,0,0,NA,NA,NA,NA,0,0,0,NA,0,0,0,0,0,0,0,0,0,0,NA,0,0,0,0,0,0,0,0,0,0,0,0,0,0,0,0,0,0,0,0,0,0,0,0,0,0
"01620","Tea leaves","LK",0,0,0,NA,0,0,0,0,0,0,NA,0,0,NA,NA,0,0,0,0,0,NA,NA,0,0,0,0,NA,0,0,NA,NA,NA,NA,0,0,0,NA,0,0,0,0,0,0,0,0,0,0,NA,0,0,0,0,0,0,0,0,0,0,0,0,0,0,0,0,0,0,0,0,0,0,0,0,0,0
"01630","Maté leaves","AR",0,0,0,NA,0,0,0,0,0,0,NA,0,0,NA,NA,0,0,0,0,0,NA,NA,0,0,0,0,NA,0,0,NA,NA,NA,0,0,0,0,NA,0,0,0,0,0,0,0,0,0,0,NA,0,0,0,0,0,0,0,0,0,0,0,0,0,0,0,0,0,0,0,0,0,0,0,0,0,0
"01630","Maté leaves","BR",0,0,0,NA,0,0,0,0,0,0,NA,0,0,NA,NA,0,0,0,0,0,NA,NA,0,0,0,0,NA,0,0,NA,NA,NA,0,0,0,0,NA,0,0,0,0,0,0,0,0,0,0,NA,0,0,0,0,0,0,0,0,0,0,0,0,0,0,0,0,0,0,0,0,0,0,0,0,0,0
"01630","Maté leaves","PY",0,0,0,NA,0,0,0,0,0,0,NA,0,0,NA,NA,0,0,0,0,0,NA,NA,0,0,0,0,NA,0,0,NA,NA,NA,0,0,0,0,NA,0,0,0,0,0,0,0,0,0,0,NA,0,0,0,0,0,0,0,0,0,0,0,0,0,0,0,0,0,0,0,0,0,0,0,0,0,0
"01640","Cocoa beans","CI",0,0,0,NA,0,0,0,0,0,NA,0,0,0,NA,NA,0,0,0,NA,0,NA,NA,0,0,NA,0,NA,0,NA,NA,NA,NA,NA,0,0,NA,NA,0,0,0,0,0,0,0,0,0,NA,0,0,0,0,0,0,0,0,0,0,0,0,0,0,0,0,0,0,0,0,0,0,0,0,0,0,0
"01640","Cocoa beans","CM",0,0,0,NA,0,0,0,0,0,NA,0,0,0,NA,NA,0,0,0,NA,0,NA,NA,0,0,NA,0,NA,0,NA,NA,NA,NA,NA,0,0,NA,NA,0,0,0,0,0,0,0,0,0,0,0,0,0,0,0,0,0,0,0,0,0,0,0,0,0,0,0,0,0,0,0,0,0,0,0,0,0
"01640","Cocoa beans","DO",0,0,0,NA,0,0,0,0,0,NA,0,0,0,NA,NA,0,0,0,NA,0,NA,NA,0,0,NA,0,NA,0,NA,NA,NA,NA,0,0,0,NA,NA,0,0,0,0,0,0,0,0,0,0,0,0,0,0,0,0,0,0,0,0,0,0,0,0,0,0,0,0,0,0,0,0,0,0,0,0,0
"01640","Cocoa beans","EC",0,0,0,NA,0,0,0,0,0,0,0,0,0,NA,NA,0,0,0,0,0,NA,NA,0,0,0,0,NA,0,0,NA,NA,NA,0,0,0,0,NA,0,0,0,0,0,0,0,0,0,0,0,0,0,0,0,0,0,0,0,0,0,0,0,0,0,0,0,0,0,0,0,0,0,0,0,0,0
"01640","Cocoa beans","GH",0,0,0,NA,0,0,0,NA,0,NA,0,0,NA,NA,NA,NA,0,0,NA,0,NA,NA,NA,0,NA,0,NA,0,NA,NA,NA,NA,NA,0,0,NA,NA,0,0,0,0,0,0,0,0,0,0,0,0,0,0,0,0,0,0,0,0,0,0,0,0,0,0,0,0,0,0,0,0,0,0,0,0,0
"01640","Cocoa beans","GN",0,0,0,NA,0,0,0,0,0,NA,0,0,NA,NA,NA,NA,0,0,NA,0,NA,NA,NA,0,NA,0,NA,0,NA,NA,NA,NA,NA,0,0,NA,NA,0,0,0,0,0,0,0,0,0,0,0,0,0,0,0,0,0,0,0,0,0,0,0,0,0,0,0,0,0,0,0,0,0,0,0,0,0
"01640","Cocoa beans","ID",0,0,0,NA,0,0,0,0,0,NA,0,0,0,NA,NA,0,0,0,NA,0,NA,NA,0,0,NA,0,NA,0,NA,NA,NA,NA,0,0,0,NA,NA,0,0,0,0,0,0,0,0,0,0,0,0,0,0,0,0,0,0,0,0,0,0,0,0,0,0,0,0,0,0,0,0,0,0,0,0,0
"01640","Cocoa beans","NG",0,0,0,NA,0,0,0,0,0,NA,0,0,0,NA,NA,0,0,0,NA,0,NA,NA,0,0,NA,0,NA,0,NA,NA,NA,NA,NA,0,0,NA,NA,0,0,0,0,0,0,0,0,0,0,0,0,0,0,0,0,0,0,0,0,0,0,0,0,0,0,0,0,0,0,0,0,0,0,0,0,0
"01640","Cocoa beans","PE",0,0,0,NA,0,0,0,0,0,NA,0,0,0,NA,NA,0,0,0,NA,0,NA,NA,0,0,NA,0,NA,0,NA,NA,NA,NA,0,0,0,NA,NA,0,0,0,0,0,0,0,0,0,0,0,0,0,0,0,0,0,0,0,0,0,0,0,0,0,0,0,0,0,0,0,0,0,0,0,0,0
"01640","Cocoa beans","UG",0,0,0,NA,0,0,0,0,0,NA,0,0,NA,NA,NA,NA,0,0,NA,0,NA,NA,NA,0,NA,0,NA,0,NA,NA,NA,NA,NA,0,0,NA,NA,0,0,0,0,0,0,0,0,0,0,0,0,0,0,0,0,0,0,0,0,0,0,0,0,0,0,0,0,0,0,0,0,0,0,0,0,0
"01654","Anise, badian, coriander, cumin, caraway, fennel and juniper berries, raw","AR",0,0,0,NA,0,0,0,0,0,0,NA,0,0,NA,NA,0,0,0,0,0,NA,NA,0,0,0,0,NA,0,0,NA,NA,NA,0,0,0,0,NA,0,0,0,0,0,0,0,0,0,0,NA,0,0,0,0,0,0,0,0,0,0,0,0,0,0,0,0,0,0,0,0,0,0,0,0,0,0
"01654","Anise, badian, coriander, cumin, caraway, fennel and juniper berries, raw","BA",0,0,0,NA,0,0,0,0,0,0,NA,0,0,NA,NA,0,0,0,0,0,NA,NA,0,0,0,0,NA,0,0,NA,NA,NA,0,0,0,0,NA,0,0,0,0,0,0,0,0,0,0,NA,0,0,0,0,0,0,0,0,0,0,0,0,0,0,0,0,0,0,0,0,0,0,0,0,0,0
"01654","Anise, badian, coriander, cumin, caraway, fennel and juniper berries, raw","CN",0,0,0,NA,0,0,0,0,0,0,NA,0,0,NA,NA,0,0,0,0,0,NA,NA,0,0,0,0,NA,0,0,NA,NA,NA,0,0,0,0,NA,0,0,0,0,0,0,0,0,0,0,NA,0,0,0,0,0,0,0,0,0,0,0,0,0,0,0,0,0,0,0,0,0,0,0,0,0,0
"01654","Anise, badian, coriander, cumin, caraway, fennel and juniper berries, raw","EG",0,0,0,NA,0,0,0,0,0,0,NA,NA,0,NA,NA,0,0,0,0,0,NA,NA,0,0,0,0,NA,0,0,NA,NA,NA,0,0,0,0,NA,0,0,0,0,0,0,0,0,0,0,NA,NA,0,0,0,0,0,0,0,0,0,0,0,0,0,0,0,0,0,0,0,0,0,0,0,0,0
"01654","Anise, badian, coriander, cumin, caraway, fennel and juniper berries, raw","IN",0,0,0,NA,0,0,0,0,0,0,NA,0,0,NA,NA,0,0,0,0,0,NA,NA,0,0,0,0,NA,0,0,NA,NA,NA,NA,0,0,0,NA,0,0,0,0,0,0,0,0,0,0,NA,0,0,0,0,0,0,0,0,0,0,0,0,0,0,0,0,0,0,0,0,0,0,0,0,0,0
"01654","Anise, badian, coriander, cumin, caraway, fennel and juniper berries, raw","IR",0,0,0,NA,0,0,0,0,0,0,NA,0,0,NA,NA,0,0,0,0,NA,NA,NA,0,0,0,NA,NA,0,0,NA,NA,NA,0,0,0,0,NA,0,0,0,0,0,0,0,0,0,0,NA,0,0,0,0,0,0,0,0,0,0,0,0,0,0,0,0,0,0,0,0,0,0,0,0,0,0
"01654","Anise, badian, coriander, cumin, caraway, fennel and juniper berries, raw","LT",0,0,0,NA,0,0,0,0,0,0,NA,0,0,NA,NA,0,0,0,0,0,NA,NA,0,0,0,0,NA,0,0,NA,NA,NA,0,0,0,0,NA,0,0,0,0,0,0,0,0,0,0,NA,0,0,0,0,0,0,0,0,0,0,0,0,0,0,0,0,0,0,0,0,0,0,0,0,0,0
"01654","Anise, badian, coriander, cumin, caraway, fennel and juniper berries, raw","MA",0,0,0,NA,0,0,0,0,0,0,NA,0,0,NA,NA,0,0,0,0,0,NA,NA,0,0,0,0,NA,0,0,NA,NA,NA,0,0,0,0,NA,0,0,0,0,0,0,0,0,0,0,NA,0,0,0,0,0,0,0,0,0,0,0,0,0,0,0,0,0,0,0,0,0,0,0,0,0,0
"01654","Anise, badian, coriander, cumin, caraway, fennel and juniper berries, raw","MK",0,0,0,NA,0,0,0,0,0,0,NA,0,0,NA,NA,0,0,0,0,0,NA,NA,0,0,0,0,NA,0,0,NA,NA,NA,0,0,0,0,NA,0,0,0,0,0,0,0,0,0,0,NA,0,0,0,0,0,0,0,0,0,0,0,0,0,0,0,0,0,0,0,0,0,0,0,0,0,0
"01654","Anise, badian, coriander, cumin, caraway, fennel and juniper berries, raw","RS",0,0,0,NA,0,0,0,0,0,0,NA,0,0,NA,NA,0,0,0,0,NA,NA,NA,0,0,0,NA,NA,0,0,NA,NA,NA,0,0,0,0,NA,0,0,0,0,0,0,0,0,0,0,NA,0,0,0,0,0,0,0,0,0,0,0,0,0,0,0,0,0,0,0,0,0,0,0,0,0,0
"01654","Anise, badian, coriander, cumin, caraway, fennel and juniper berries, raw","RU",0,0,0,NA,0,0,0,0,0,0,NA,0,0,NA,NA,0,0,0,0,NA,NA,NA,0,0,0,NA,NA,0,0,NA,NA,NA,0,0,0,0,NA,0,0,0,0,0,0,0,0,0,0,NA,0,0,0,0,0,0,0,0,0,0,0,0,0,0,0,0,0,0,0,0,0,0,0,0,0,0
"01654","Anise, badian, coriander, cumin, caraway, fennel and juniper berries, raw","SY",0,0,0,NA,0,0,0,0,0,0,NA,0,0,NA,NA,0,0,0,0,NA,NA,NA,0,0,0,NA,NA,0,0,NA,NA,NA,0,0,0,0,NA,0,0,0,0,0,0,0,0,0,0,NA,0,0,0,0,0,0,0,0,0,0,0,0,0,0,0,0,0,0,0,0,0,0,0,0,0,0
"01654","Anise, badian, coriander, cumin, caraway, fennel and juniper berries, raw","TR",0,0,0,NA,0,0,0,0,0,NA,NA,0,0,NA,NA,0,0,0,0,NA,NA,NA,0,0,0,NA,NA,0,0,NA,NA,NA,0,0,0,0,NA,0,0,0,0,0,0,0,0,0,NA,NA,0,0,0,0,0,0,0,0,0,0,0,0,0,0,0,0,0,0,0,0,0,0,0,0,0,0
"01654","Anise, badian, coriander, cumin, caraway, fennel and juniper berries, raw","UA",0,0,0,NA,0,0,0,0,0,0,NA,0,0,NA,NA,0,0,0,0,0,NA,NA,0,0,0,0,NA,0,0,NA,NA,NA,0,0,0,0,NA,0,0,0,0,0,0,0,0,0,0,NA,0,0,0,0,0,0,0,0,0,0,0,0,0,0,0,0,0,0,0,0,0,0,0,0,0,0
"01654","Anise, badian, coriander, cumin, caraway, fennel and juniper berries, raw","VN",0,0,0,NA,0,0,0,0,0,0,NA,0,0,NA,NA,0,0,0,0,0,NA,NA,0,0,0,0,NA,0,0,NA,NA,NA,NA,0,0,0,NA,0,0,0,0,0,0,0,0,0,0,NA,0,0,0,0,0,0,0,0,0,0,0,0,0,0,0,0,0,0,0,0,0,0,0,0,0,0
"01699","Other stimulant, spice and aromatic crops, n.e.c.","AL",0,0,0,NA,0,0,0,0,0,0,NA,0,0,NA,NA,0,0,0,0,0,NA,NA,0,0,0,0,NA,0,0,NA,NA,NA,0,0,0,0,NA,0,0,0,0,0,0,0,0,0,0,NA,0,0,0,0,0,0,0,0,0,0,0,0,0,0,0,0,0,0,0,0,0,0,0,0,0,0
"01699","Other stimulant, spice and aromatic crops, n.e.c.","BD",0,0,0,NA,0,0,0,0,0,0,NA,0,0,NA,NA,0,0,0,0,0,NA,NA,0,0,0,0,NA,0,0,NA,NA,NA,NA,0,0,0,NA,0,0,0,0,0,0,0,0,0,0,NA,0,0,0,0,0,0,0,0,0,0,0,0,0,0,0,0,0,0,0,0,0,0,0,0,0,0
"01699","Other stimulant, spice and aromatic crops, n.e.c.","CN",0,0,0,NA,0,0,0,0,0,0,NA,0,0,NA,NA,0,0,0,0,0,NA,NA,0,0,0,0,NA,0,0,NA,NA,NA,0,0,0,0,NA,0,0,0,0,0,0,0,0,0,0,NA,0,0,0,0,0,0,0,0,0,0,0,0,0,0,0,0,0,0,0,0,0,0,0,0,0,0
"01699","Other stimulant, spice and aromatic crops, n.e.c.","ID",0,0,0,NA,0,0,0,0,0,0,NA,0,0,NA,NA,0,0,0,0,0,NA,NA,0,0,0,0,NA,0,0,NA,NA,NA,0,0,0,0,NA,0,0,0,0,0,0,0,0,0,0,NA,0,0,0,0,0,0,0,0,0,0,0,0,0,0,0,0,0,0,0,0,0,0,0,0,0,0
"01699","Other stimulant, spice and aromatic crops, n.e.c.","IN",0,0,0,NA,0,0,0,0,0,0,NA,0,0,NA,NA,0,0,0,0,0,NA,NA,0,0,0,0,NA,0,0,NA,NA,NA,NA,0,0,0,NA,0,0,0,0,0,0,0,0,0,0,NA,0,0,0,0,0,0,0,0,0,0,0,0,0,0,0,0,0,0,0,0,0,0,0,0,0,0
"01699","Other stimulant, spice and aromatic crops, n.e.c.","KE",0,0,0,NA,0,0,0,0,0,0,NA,0,0,NA,NA,0,0,0,0,0,NA,NA,0,0,0,0,NA,0,0,NA,NA,NA,0,0,0,0,NA,0,0,0,0,0,0,0,0,0,0,NA,0,0,0,0,0,0,0,0,0,0,0,0,0,0,0,0,0,0,0,0,0,0,0,0,0,0
"01699","Other stimulant, spice and aromatic crops, n.e.c.","MG",0,0,0,NA,0,0,0,0,0,NA,NA,0,0,NA,NA,0,0,0,0,0,NA,NA,0,0,0,0,NA,0,0,NA,NA,NA,0,0,0,0,NA,0,0,0,0,0,0,0,0,0,0,NA,0,0,0,0,0,0,0,0,0,0,0,0,0,0,0,0,0,0,0,0,0,0,0,0,0,0
"01699","Other stimulant, spice and aromatic crops, n.e.c.","MM",0,0,0,NA,0,0,0,0,0,0,NA,0,0,NA,NA,0,0,0,0,0,NA,NA,0,0,0,0,NA,0,0,NA,NA,NA,NA,0,0,0,NA,0,0,0,0,0,0,0,0,0,0,NA,0,0,0,0,0,0,0,0,0,0,0,0,0,0,0,0,0,0,0,0,0,0,0,0,0,0
"01699","Other stimulant, spice and aromatic crops, n.e.c.","NG",0,0,0,NA,0,0,0,0,0,0,NA,0,0,NA,NA,0,0,0,0,0,NA,NA,0,0,0,0,NA,0,0,NA,NA,NA,NA,0,0,0,NA,0,0,0,0,0,0,0,0,0,0,NA,0,0,0,0,0,0,0,0,0,0,0,0,0,0,0,0,0,0,0,0,0,0,0,0,0,0
"01699","Other stimulant, spice and aromatic crops, n.e.c.","PE",0,0,0,NA,0,0,0,0,0,0,NA,0,0,NA,NA,0,0,0,0,0,NA,NA,0,0,0,0,NA,0,0,NA,NA,NA,0,0,0,0,NA,0,0,0,0,0,0,0,0,0,0,NA,0,0,0,0,0,0,0,0,0,0,0,0,0,0,0,0,0,0,0,0,0,0,0,0,0,0
"01699","Other stimulant, spice and aromatic crops, n.e.c.","PK",0,0,0,NA,0,0,0,0,0,0,NA,0,0,NA,NA,0,0,0,0,0,NA,NA,0,0,0,0,NA,0,0,NA,NA,NA,0,0,0,0,NA,0,0,0,0,0,0,0,0,0,0,NA,0,0,0,0,0,0,0,0,0,0,0,0,0,0,0,0,0,0,0,0,0,0,0,0,0,0
"01699","Other stimulant, spice and aromatic crops, n.e.c.","SY",0,0,0,NA,0,0,0,0,0,0,NA,0,0,NA,NA,0,0,0,0,NA,NA,NA,0,0,0,NA,NA,0,0,NA,NA,NA,0,0,0,0,NA,0,0,0,0,0,0,0,0,0,0,NA,0,0,0,0,0,0,0,0,0,0,0,0,0,0,0,0,0,0,0,0,0,0,0,0,0,0
"01699","Other stimulant, spice and aromatic crops, n.e.c.","TH",0,0,0,NA,0,0,0,0,0,0,NA,0,0,NA,NA,0,0,0,0,0,NA,NA,0,0,0,0,NA,0,0,NA,NA,NA,NA,0,0,0,NA,0,0,0,0,0,0,0,0,0,0,NA,0,0,0,0,0,0,0,0,0,0,0,0,0,0,0,0,0,0,0,0,0,0,0,0,0,0
"01699","Other stimulant, spice and aromatic crops, n.e.c.","TR",0,0,0,NA,0,0,0,0,0,NA,NA,0,0,NA,NA,0,0,0,0,NA,NA,NA,0,0,0,NA,NA,0,0,NA,NA,NA,0,0,0,0,NA,0,0,0,0,0,0,0,0,0,NA,NA,0,0,0,0,0,0,0,0,0,0,0,0,0,0,0,0,0,0,0,0,0,0,0,0,0,0
"01701","Beans, dry","AR",0,0,0,NA,0,0,0,0,0,0,NA,0,0,NA,NA,0,0,0,0,0,NA,NA,0,0,0,0,NA,0,0,NA,NA,NA,0,0,0,0,NA,0,0,0,0,0,0,0,0,0,0,NA,0,0,0,0,0,0,0,0,0,0,0,0,0,0,0,0,0,0,0,0,0,0,0,0,0,0
"01701","Beans, dry","AU",0,0,0,NA,0,0,0,0,0,NA,NA,0,0,NA,NA,0,0,0,0,0,NA,NA,0,0,0,0,NA,0,0,NA,NA,NA,0,0,0,0,NA,0,0,0,0,0,0,0,0,0,0,NA,0,0,0,0,0,0,0,0,0,0,0,0,0,0,0,0,0,0,0,0,0,0,0,0,0,0
"01701","Beans, dry","BO",0,0,0,NA,0,0,0,0,0,0,NA,0,NA,NA,NA,NA,0,0,0,NA,NA,NA,NA,0,0,NA,NA,0,0,NA,NA,NA,NA,0,0,0,NA,0,0,0,0,0,0,0,0,0,0,NA,0,0,0,0,0,0,0,0,0,0,0,0,0,0,0,0,0,0,0,0,0,0,0,0,0,0
"01701","Beans, dry","BR",0,0,0,NA,0,0,0,0,0,0,NA,0,0,NA,NA,0,0,0,0,0,NA,NA,0,0,0,0,NA,0,0,NA,NA,NA,0,0,0,0,NA,0,0,0,0,0,0,0,0,0,0,NA,0,0,0,0,0,0,0,0,0,0,0,0,0,0,0,0,0,0,0,0,0,0,0,0,0,0
"01701","Beans, dry","CA",0,0,0,NA,0,0,0,0,0,0,NA,0,0,NA,NA,0,0,0,0,0,NA,NA,0,0,0,0,NA,0,0,NA,NA,NA,0,0,0,0,NA,0,0,0,0,0,0,0,0,0,0,NA,0,0,0,0,0,0,0,0,0,0,0,0,0,0,0,0,0,0,0,0,0,0,0,0,0,0
"01701","Beans, dry","CN",0,0,0,NA,0,0,0,0,0,0,NA,0,0,NA,NA,0,0,0,0,0,NA,NA,0,0,0,0,NA,0,0,NA,NA,NA,0,0,0,0,NA,0,0,0,0,0,0,0,0,0,0,NA,0,0,0,0,0,0,0,0,0,0,0,0,0,0,0,0,0,0,0,0,0,0,0,0,0,0
"01701","Beans, dry","EG",0,0,0,NA,0,0,0,0,0,0,NA,NA,0,NA,NA,0,0,0,0,0,NA,NA,0,0,0,0,NA,0,0,NA,NA,NA,0,0,0,0,NA,0,0,0,0,0,0,0,0,0,0,NA,NA,0,0,0,0,0,0,0,0,0,0,0,0,0,0,0,0,0,0,0,0,0,0,0,0,0
"01701","Beans, dry","ET",0,0,0,NA,0,0,0,0,0,NA,NA,0,0,NA,NA,0,0,0,0,0,NA,NA,0,0,0,0,NA,0,0,NA,NA,NA,NA,0,0,0,NA,0,0,0,0,0,0,0,0,0,0,NA,0,0,0,0,0,0,0,0,0,0,0,0,0,0,0,0,0,0,0,0,0,0,0,0,0,0
"01701","Beans, dry","IN",0,0,0,NA,0,0,0,0,0,0,NA,0,0,NA,NA,0,0,0,0,0,NA,NA,0,0,0,0,NA,0,0,NA,NA,NA,NA,0,0,0,NA,0,0,0,0,0,0,0,0,0,0,NA,0,0,0,0,0,0,0,0,0,0,0,0,0,0,0,0,0,0,0,0,0,0,0,0,0,0
"01701","Beans, dry","KG",0,0,0,NA,0,0,0,0,0,0,NA,0,0,NA,NA,0,0,0,0,0,NA,NA,0,0,0,0,NA,0,0,NA,NA,NA,0,0,0,0,NA,0,0,0,0,0,0,0,0,0,0,NA,0,0,0,0,0,0,0,0,0,0,0,0,0,0,0,0,0,0,0,0,0,0,0,0,0,0
"01701","Beans, dry","MG",0,0,0,NA,0,0,0,0,0,NA,NA,0,0,NA,NA,0,0,0,0,0,NA,NA,0,0,0,0,NA,0,0,NA,NA,NA,0,0,0,0,NA,0,0,0,0,0,0,0,0,0,0,NA,0,0,0,0,0,0,0,0,0,0,0,0,0,0,0,0,0,0,0,0,0,0,0,0,0,0
"01701","Beans, dry","MM",0,0,0,NA,0,0,0,0,0,0,NA,0,0,NA,NA,0,0,0,0,0,NA,NA,0,0,0,0,NA,0,0,NA,NA,NA,NA,0,0,0,NA,0,0,0,0,0,0,0,0,0,0,NA,0,0,0,0,0,0,0,0,0,0,0,0,0,0,0,0,0,0,0,0,0,0,0,0,0,0
"01701","Beans, dry","NE",0,0,0,NA,0,0,0,0,0,NA,NA,0,NA,NA,NA,NA,0,0,0,NA,NA,NA,NA,0,0,NA,NA,0,0,NA,NA,NA,NA,0,0,0,NA,0,0,0,0,0,0,0,0,0,0,NA,0,0,0,0,0,0,0,0,0,0,0,0,0,0,0,0,0,0,0,0,0,0,0,0,0,0
"01701","Beans, dry","PE",0,0,0,NA,0,0,0,0,0,0,NA,0,0,NA,NA,0,0,0,0,0,NA,NA,0,0,0,0,NA,0,0,NA,NA,NA,0,0,0,0,NA,0,0,0,0,0,0,0,0,0,0,NA,0,0,0,0,0,0,0,0,0,0,0,0,0,0,0,0,0,0,0,0,0,0,0,0,0,0
"01701","Beans, dry","TM",0,0,0,NA,0,0,0,0,0,0,NA,0,0,NA,NA,0,0,0,0,NA,NA,NA,0,0,0,NA,NA,0,0,NA,NA,NA,0,0,0,0,NA,0,0,0,0,0,0,0,0,0,0,NA,0,0,0,0,0,0,0,0,0,0,0,0,0,0,0,0,0,0,0,0,0,0,0,0,0,0
"01701","Beans, dry","TR",0,0,0,NA,0,0,0,0,0,NA,NA,0,0,NA,NA,0,0,0,0,NA,NA,NA,0,0,0,NA,NA,0,0,NA,NA,NA,0,0,0,0,NA,0,0,0,0,0,0,0,0,0,NA,NA,0,0,0,0,0,0,0,0,0,0,0,0,0,0,0,0,0,0,0,0,0,0,0,0,0,0
"01701","Beans, dry","TZ",0,0,0,NA,0,0,0,0,0,NA,NA,0,0,NA,NA,0,0,0,0,NA,NA,NA,0,0,0,NA,NA,0,0,NA,NA,NA,0,0,0,0,NA,0,0,0,0,0,0,0,0,0,0,NA,0,0,0,0,0,0,0,0,0,0,0,0,0,0,0,0,0,0,0,0,0,0,0,0,0,0
"01701","Beans, dry","UA",0,0,0,NA,0,0,0,0,0,0,NA,0,0,NA,NA,0,0,0,0,0,NA,NA,0,0,0,0,NA,0,0,NA,NA,NA,0,0,0,0,NA,0,0,0,0,0,0,0,0,0,0,NA,0,0,0,0,0,0,0,0,0,0,0,0,0,0,0,0,0,0,0,0,0,0,0,0,0,0
"01701","Beans, dry","US",0,0,0,NA,0,0,0,0,0,0,NA,0,0,NA,NA,0,0,0,0,NA,NA,NA,0,0,0,NA,NA,0,0,NA,NA,NA,0,0,0,0,NA,0,0,0,0,0,0,0,0,0,0,NA,0,0,0,0,0,0,0,0,0,0,0,0,0,0,0,0,0,0,0,0,0,0,0,0,0,0
"01702","Broad beans and horse beans, dry","AU",0,0,0,NA,0,0,0,0,0,NA,NA,0,0,NA,NA,0,0,0,0,0,NA,NA,0,0,0,0,NA,0,0,NA,NA,NA,0,0,0,0,NA,0,0,0,0,0,0,0,0,0,0,NA,0,0,0,0,0,0,0,0,0,0,0,0,0,0,0,0,0,0,0,0,0,0,0,0,0,0
"01702","Broad beans and horse beans, dry","DE",0,0,0,NA,0,0,0,0,0,0,NA,0,0,NA,NA,0,0,0,0,0,NA,NA,0,0,0,0,NA,0,0,NA,NA,NA,0,0,0,0,NA,0,0,0,0,0,0,0,0,0,0,NA,0,0,0,0,0,0,0,0,0,0,0,0,0,0,0,0,0,0,0,0,0,0,0,0,0,0
"01702","Broad beans and horse beans, dry","DK",0,0,0,NA,0,0,0,0,0,0,0,0,NA,NA,NA,NA,0,0,0,0,NA,NA,NA,0,0,0,NA,0,0,NA,NA,NA,NA,0,0,0,NA,0,0,0,0,0,0,0,0,0,0,0,0,0,0,0,0,0,0,0,0,0,0,0,0,0,0,0,0,0,0,0,0,0,0,0,0,0
"01702","Broad beans and horse beans, dry","EE",0,0,0,NA,0,0,0,0,0,NA,NA,0,0,NA,NA,0,0,0,0,0,NA,NA,0,0,0,0,NA,0,0,NA,NA,NA,0,0,0,0,NA,0,0,0,0,0,0,0,0,0,0,NA,0,0,0,0,0,0,0,0,0,0,0,0,0,0,0,0,0,0,0,0,0,0,0,0,0,0
"01702","Broad beans and horse beans, dry","ES",0,0,0,NA,0,0,0,0,0,0,NA,0,0,NA,NA,0,0,0,0,0,NA,NA,0,0,0,0,NA,0,0,NA,NA,NA,0,0,0,0,NA,0,0,0,0,0,0,0,0,0,0,NA,0,0,0,0,0,0,0,0,0,0,0,0,0,0,0,0,0,0,0,0,0,0,0,0,0,0
"01702","Broad beans and horse beans, dry","FR",0,0,0,NA,0,0,0,0,0,0,NA,0,0,NA,NA,0,0,0,0,0,NA,NA,0,0,0,0,NA,0,0,NA,NA,NA,0,0,0,0,NA,0,0,0,0,0,0,0,0,0,0,NA,0,0,0,0,0,0,0,0,0,0,0,0,0,0,0,0,0,0,0,0,0,0,0,0,0,0
"01702","Broad beans and horse beans, dry","GB",0,0,0,NA,0,0,0,0,0,NA,NA,0,0,NA,NA,0,0,0,0,NA,NA,NA,0,0,0,NA,NA,0,0,NA,NA,NA,0,0,0,0,NA,0,0,0,0,0,0,0,0,0,0,NA,0,0,0,0,0,0,0,0,0,0,0,0,0,0,0,0,0,0,0,0,0,0,0,0,0,0
"01702","Broad beans and horse beans, dry","GR",0,0,0,NA,0,0,0,0,0,0,NA,0,0,NA,NA,0,0,0,0,0,NA,NA,0,0,0,0,NA,0,0,NA,NA,NA,0,0,0,0,NA,0,0,0,0,0,0,0,0,0,0,NA,0,0,0,0,0,0,0,0,0,0,0,0,0,0,0,0,0,0,0,0,0,0,0,0,0,0
"01702","Broad beans and horse beans, dry","HU",0,0,0,NA,0,0,0,0,0,0,NA,0,0,NA,NA,0,0,0,0,0,NA,NA,0,0,0,0,NA,0,0,NA,NA,NA,0,0,0,0,NA,0,0,0,0,0,0,0,0,0,0,NA,0,0,0,0,0,0,0,0,0,0,0,0,0,0,0,0,0,0,0,0,0,0,0,0,0,0
"01702","Broad beans and horse beans, dry","IE",0,0,0,NA,0,0,0,0,0,NA,NA,0,0,NA,NA,0,0,0,0,0,NA,NA,0,0,0,0,NA,0,0,NA,NA,NA,0,0,0,0,NA,0,0,0,0,0,0,0,0,0,0,NA,0,0,0,0,0,0,0,0,0,0,0,0,0,0,0,0,0,0,0,0,0,0,0,0,0,0
"01702","Broad beans and horse beans, dry","IT",0,0,0,NA,0,0,0,0,0,0,NA,0,0,NA,NA,0,0,0,0,0,NA,NA,0,0,0,0,NA,0,0,NA,NA,NA,0,0,0,0,NA,0,0,0,0,0,0,0,0,0,0,NA,0,0,0,0,0,0,0,0,0,0,0,0,0,0,0,0,0,0,0,0,0,0,0,0,0,0
"01702","Broad beans and horse beans, dry","LT",0,0,0,NA,0,0,0,0,0,0,NA,0,0,NA,NA,0,0,0,0,0,NA,NA,0,0,0,0,NA,0,0,NA,NA,NA,0,0,0,0,NA,0,0,0,0,0,0,0,0,0,0,NA,0,0,0,0,0,0,0,0,0,0,0,0,0,0,0,0,0,0,0,0,0,0,0,0,0,0
"01702","Broad beans and horse beans, dry","LV",0,0,0,NA,0,0,0,0,0,0,NA,0,0,NA,NA,0,0,0,0,0,NA,NA,0,0,0,0,NA,0,0,NA,NA,NA,0,0,0,0,NA,0,0,0,0,0,0,0,0,0,0,NA,0,0,0,0,0,0,0,0,0,0,0,0,0,0,0,0,0,0,0,0,0,0,0,0,0,0
"01702","Broad beans and horse beans, dry","PL",0,0,0,NA,0,0,0,0,0,0,NA,0,0,NA,NA,0,0,0,0,0,NA,NA,0,0,0,0,NA,0,0,NA,NA,NA,0,0,0,0,NA,0,0,0,0,0,0,0,0,0,0,NA,0,0,0,0,0,0,0,0,0,0,0,0,0,0,0,0,0,0,0,0,0,0,0,0,0,0
"01702","Broad beans and horse beans, dry","RU",0,0,0,NA,0,0,0,0,0,0,NA,0,0,NA,NA,0,0,0,0,NA,NA,NA,0,0,0,NA,NA,0,0,NA,NA,NA,0,0,0,0,NA,0,0,0,0,0,0,0,0,0,0,NA,0,0,0,0,0,0,0,0,0,0,0,0,0,0,0,0,0,0,0,0,0,0,0,0,0,0
"01702","Broad beans and horse beans, dry","SE",0,0,0,NA,0,0,0,0,0,0,NA,0,0,NA,NA,0,0,0,0,0,NA,NA,0,0,0,0,NA,0,0,NA,NA,NA,0,0,0,0,NA,0,0,0,0,0,0,0,0,0,0,NA,0,0,0,0,0,0,0,0,0,0,0,0,0,0,0,0,0,0,0,0,0,0,0,0,0,0
"01702","Broad beans and horse beans, dry","SY",0,0,0,NA,0,0,0,0,0,0,NA,0,0,NA,NA,0,0,0,0,NA,NA,NA,0,0,0,NA,NA,0,0,NA,NA,NA,0,0,0,0,NA,0,0,0,0,0,0,0,0,0,0,NA,0,0,0,0,0,0,0,0,0,0,0,0,0,0,0,0,0,0,0,0,0,0,0,0,0,0
"01702","Broad beans and horse beans, dry","TR",0,0,0,NA,0,0,0,0,0,NA,NA,0,0,NA,NA,0,0,0,0,NA,NA,NA,0,0,0,NA,NA,0,0,NA,NA,NA,0,0,0,0,NA,0,0,0,0,0,0,0,0,0,NA,NA,0,0,0,0,0,0,0,0,0,0,0,0,0,0,0,0,0,0,0,0,0,0,0,0,0,0
"01703","Chick peas, dry","AR",0,0,0,NA,0,0,0,0,0,0,NA,0,NA,NA,NA,NA,0,0,0,0,NA,NA,NA,0,0,0,NA,0,0,NA,NA,NA,NA,0,0,0,NA,0,0,0,0,0,0,0,0,0,0,NA,0,0,0,0,0,0,0,0,0,0,0,0,0,0,0,0,0,0,0,0,0,0,0,0,0,0
"01703","Chick peas, dry","AU",0,0,0,NA,0,0,0,0,0,NA,NA,0,NA,NA,NA,NA,0,0,0,0,NA,NA,NA,0,0,0,NA,0,0,NA,NA,NA,NA,0,0,0,NA,0,0,0,0,0,0,0,0,0,0,NA,0,0,0,0,0,0,0,0,0,0,0,0,0,0,0,0,0,0,0,0,0,0,0,0,0,0
"01703","Chick peas, dry","CA",0,0,0,NA,0,0,0,0,0,0,NA,0,NA,NA,NA,NA,0,0,0,0,NA,NA,NA,0,0,0,NA,0,0,NA,NA,NA,NA,0,0,0,NA,0,0,0,0,0,0,0,0,0,0,NA,0,0,0,0,0,0,0,0,0,0,0,0,0,0,0,0,0,0,0,0,0,0,0,0,0,0
"01703","Chick peas, dry","IN",0,0,0,NA,0,0,0,0,0,0,NA,0,NA,NA,NA,NA,0,0,0,0,NA,NA,NA,0,0,0,NA,0,0,NA,NA,NA,NA,0,0,0,NA,0,0,0,0,0,0,0,0,0,0,NA,0,0,0,0,0,0,0,0,0,0,0,0,0,0,0,0,0,0,0,0,0,0,0,0,0,0
"01703","Chick peas, dry","KZ",0,0,0,NA,0,0,0,0,0,0,NA,0,NA,NA,NA,NA,0,0,0,0,NA,NA,NA,0,0,0,NA,0,0,NA,NA,NA,NA,0,0,0,NA,0,0,0,0,0,0,0,0,0,0,NA,0,0,0,0,0,0,0,0,0,0,0,0,0,0,0,0,0,0,0,0,0,0,0,0,0,0
"01703","Chick peas, dry","MX",0,0,0,NA,0,0,0,0,0,0,NA,0,NA,NA,NA,NA,0,0,0,NA,NA,NA,NA,0,0,NA,NA,0,0,NA,NA,NA,NA,0,0,0,NA,0,0,0,0,0,0,0,0,0,0,NA,0,0,0,0,0,0,0,0,0,0,0,0,0,0,0,0,0,0,0,0,0,0,0,0,0,0
"01703","Chick peas, dry","RU",0,0,0,NA,0,0,0,0,0,0,NA,0,NA,NA,NA,NA,0,0,0,NA,NA,NA,NA,0,0,NA,NA,0,0,NA,NA,NA,NA,0,0,0,NA,0,0,0,0,0,0,0,0,0,0,NA,0,0,0,0,0,0,0,0,0,0,0,0,0,0,0,0,0,0,0,0,0,0,0,0,0,0
"01703","Chick peas, dry","TR",0,0,0,NA,0,0,0,0,0,NA,NA,0,NA,NA,NA,NA,0,0,0,NA,NA,NA,NA,0,0,NA,NA,0,0,NA,NA,NA,NA,0,0,0,NA,0,0,0,0,0,0,0,0,0,NA,NA,0,0,0,0,0,0,0,0,0,0,0,0,0,0,0,0,0,0,0,0,0,0,0,0,0,0
"01703","Chick peas, dry","TZ",0,0,0,NA,0,0,0,0,0,NA,NA,0,NA,NA,NA,NA,0,0,0,NA,NA,NA,NA,0,0,NA,NA,0,0,NA,NA,NA,NA,0,0,0,NA,0,0,0,0,0,0,0,0,0,0,NA,0,0,0,0,0,0,0,0,0,0,0,0,0,0,0,0,0,0,0,0,0,0,0,0,0,0
"01703","Chick peas, dry","US",0,0,0,NA,0,0,0,0,0,NA,NA,0,NA,NA,NA,NA,0,0,0,NA,NA,NA,NA,0,0,NA,NA,0,0,NA,NA,NA,NA,0,0,0,NA,0,0,0,0,0,0,0,0,0,0,NA,0,0,0,0,0,0,0,0,0,0,0,0,0,0,0,0,0,0,0,0,0,0,0,0,0,0
"01704","Lentils, dry","AR",0,0,0,NA,0,0,0,0,NA,0,NA,0,NA,NA,NA,NA,0,0,0,0,NA,NA,NA,0,0,0,NA,0,0,NA,NA,NA,NA,0,0,0,NA,0,0,0,0,0,0,0,0,0,0,NA,0,0,0,0,0,0,0,0,0,0,0,0,0,0,0,0,0,0,0,0,0,0,0,0,0,0
"01704","Lentils, dry","AU",0,0,0,NA,0,0,0,0,NA,NA,NA,0,NA,NA,NA,NA,0,0,0,0,NA,NA,NA,0,0,0,NA,0,0,NA,NA,NA,NA,0,0,0,NA,0,0,0,0,0,0,0,0,0,0,NA,0,0,0,0,0,0,0,0,0,0,0,0,0,0,0,0,0,0,0,0,0,0,0,0,0,0
"01704","Lentils, dry","CA",0,0,0,NA,0,0,0,0,NA,0,NA,0,NA,NA,NA,NA,0,0,0,0,NA,NA,NA,0,0,0,NA,0,0,NA,NA,NA,NA,0,0,0,NA,0,0,0,0,0,0,0,0,0,0,NA,0,0,0,0,0,0,0,0,0,0,0,0,0,0,0,0,0,0,0,0,0,0,0,0,0,0
"01704","Lentils, dry","CN",0,0,0,NA,0,0,0,0,NA,0,NA,0,NA,NA,NA,NA,0,0,0,0,NA,NA,NA,0,0,0,NA,0,0,NA,NA,NA,NA,0,0,0,NA,0,0,0,0,0,0,0,0,0,0,NA,0,0,0,0,0,0,0,0,0,0,0,0,0,0,0,0,0,0,0,0,0,0,0,0,0,0
"01704","Lentils, dry","IN",0,0,0,NA,0,0,0,0,NA,0,NA,0,NA,NA,NA,NA,0,0,0,0,NA,NA,NA,0,0,0,NA,0,0,NA,NA,NA,NA,0,0,0,NA,0,0,0,0,0,0,0,0,0,0,NA,0,0,0,0,0,0,0,0,0,0,0,0,0,0,0,0,0,0,0,0,0,0,0,0,0,0
"01704","Lentils, dry","KZ",0,0,0,NA,0,0,0,0,NA,0,NA,0,NA,NA,NA,NA,0,0,0,0,NA,NA,NA,0,0,0,NA,0,0,NA,NA,NA,NA,0,0,0,NA,0,0,0,0,0,0,0,0,0,0,NA,0,0,0,0,0,0,0,0,0,0,0,0,0,0,0,0,0,0,0,0,0,0,0,0,0,0
"01704","Lentils, dry","MM",0,0,0,NA,0,0,0,0,NA,0,NA,0,NA,NA,NA,NA,0,0,0,0,NA,NA,NA,0,0,0,NA,0,0,NA,NA,NA,NA,0,0,0,NA,0,0,0,0,0,0,0,0,0,0,NA,0,0,0,0,0,0,0,0,0,0,0,0,0,0,0,0,0,0,0,0,0,0,0,0,0,0
"01704","Lentils, dry","RU",0,0,0,NA,0,0,0,0,NA,0,NA,0,NA,NA,NA,NA,0,0,0,NA,NA,NA,NA,0,0,NA,NA,0,0,NA,NA,NA,NA,0,0,0,NA,0,0,0,0,0,0,0,0,0,0,NA,0,0,0,0,0,0,0,0,0,0,0,0,0,0,0,0,0,0,0,0,0,0,0,0,0,0
"01704","Lentils, dry","TR",0,0,0,NA,0,0,0,0,NA,NA,NA,0,NA,NA,NA,NA,0,0,0,NA,NA,NA,NA,0,0,NA,NA,0,0,NA,NA,NA,NA,0,0,0,NA,0,0,0,0,0,0,0,0,0,NA,NA,0,0,0,0,0,0,0,0,0,0,0,0,0,0,0,0,0,0,0,0,0,0,0,0,0,0
"01704","Lentils, dry","UA",0,0,0,NA,0,0,0,0,NA,0,NA,0,NA,NA,NA,NA,0,0,0,0,NA,NA,NA,0,0,0,NA,0,0,NA,NA,NA,NA,0,0,0,NA,0,0,0,0,0,0,0,0,0,0,NA,0,0,0,0,0,0,0,0,0,0,0,0,0,0,0,0,0,0,0,0,0,0,0,0,0,0
"01704","Lentils, dry","US",0,0,0,NA,0,0,0,0,NA,0,NA,0,NA,NA,NA,NA,0,0,0,NA,NA,NA,NA,0,0,NA,NA,0,0,NA,NA,NA,NA,0,0,0,NA,0,0,0,0,0,0,0,0,0,0,NA,0,0,0,0,0,0,0,0,0,0,0,0,0,0,0,0,0,0,0,0,0,0,0,0,0,0
"01705","Peas, dry","CA",0,0,0,NA,0,0,0,0,0,0,NA,0,NA,NA,NA,NA,0,0,0,0,NA,NA,NA,0,0,0,NA,0,0,NA,NA,NA,NA,0,0,0,NA,0,0,0,0,0,0,0,0,0,0,NA,0,0,0,0,0,0,0,0,0,0,0,0,0,0,0,0,0,0,0,0,0,0,0,0,0,0
"01705","Peas, dry","CZ",0,0,0,NA,0,0,0,0,0,NA,NA,0,NA,NA,NA,NA,0,0,0,0,NA,NA,NA,0,0,0,NA,0,0,NA,NA,NA,NA,0,0,0,NA,0,0,0,0,0,0,0,0,0,0,NA,0,0,0,0,0,0,0,0,0,0,0,0,0,0,0,0,0,0,0,0,0,0,0,0,0,0
"01705","Peas, dry","DE",0,0,0,NA,0,0,0,0,0,0,NA,0,NA,NA,NA,NA,0,0,0,0,NA,NA,NA,0,0,0,NA,0,0,NA,NA,NA,NA,0,0,0,NA,0,0,0,0,0,0,0,0,0,0,NA,0,0,0,0,0,0,0,0,0,0,0,0,0,0,0,0,0,0,0,0,0,0,0,0,0,0
"01705","Peas, dry","DK",0,0,0,NA,0,0,0,0,0,0,0,0,NA,NA,NA,NA,0,0,0,0,NA,NA,NA,0,0,0,NA,0,0,NA,NA,NA,NA,0,0,0,NA,0,0,0,0,0,0,0,0,0,0,0,0,0,0,0,0,0,0,0,0,0,0,0,0,0,0,0,0,0,0,0,0,0,0,0,0,0
"01705","Peas, dry","EE",0,0,0,NA,0,0,0,0,0,NA,NA,0,NA,NA,NA,NA,0,0,0,0,NA,NA,NA,0,0,0,NA,0,0,NA,NA,NA,NA,0,0,0,NA,0,0,0,0,0,0,0,0,0,0,NA,0,0,0,0,0,0,0,0,0,0,0,0,0,0,0,0,0,0,0,0,0,0,0,0,0,0
"01705","Peas, dry","ES",0,0,0,NA,0,0,0,0,0,0,NA,0,NA,NA,NA,NA,0,0,0,0,NA,NA,NA,0,0,0,NA,0,0,NA,NA,NA,NA,0,0,0,NA,0,0,0,0,0,0,0,0,0,0,NA,0,0,0,0,0,0,0,0,0,0,0,0,0,0,0,0,0,0,0,0,0,0,0,0,0,0
"01705","Peas, dry","FR",0,0,0,NA,0,0,0,0,0,0,NA,0,NA,NA,NA,NA,0,0,0,0,NA,NA,NA,0,0,0,NA,0,0,NA,NA,NA,NA,0,0,0,NA,0,0,0,0,0,0,0,0,0,0,NA,0,0,0,0,0,0,0,0,0,0,0,0,0,0,0,0,0,0,0,0,0,0,0,0,0,0
"01705","Peas, dry","GB",0,0,0,NA,0,0,0,0,0,NA,NA,0,NA,NA,NA,NA,0,0,0,NA,NA,NA,NA,0,0,NA,NA,0,0,NA,NA,NA,NA,0,0,0,NA,0,0,0,0,0,0,0,0,0,0,NA,0,0,0,0,0,0,0,0,0,0,0,0,0,0,0,0,0,0,0,0,0,0,0,0,0,0
"01705","Peas, dry","GR",0,0,0,NA,0,0,0,0,0,0,NA,0,NA,NA,NA,NA,0,0,0,0,NA,NA,NA,0,0,0,NA,0,0,NA,NA,NA,NA,0,0,0,NA,0,0,0,0,0,0,0,0,0,0,NA,0,0,0,0,0,0,0,0,0,0,0,0,0,0,0,0,0,0,0,0,0,0,0,0,0,0
"01705","Peas, dry","HU",0,0,0,NA,0,0,0,0,0,0,NA,0,NA,NA,NA,NA,0,0,0,0,NA,NA,NA,0,0,0,NA,0,0,NA,NA,NA,NA,0,0,0,NA,0,0,0,0,0,0,0,0,0,0,NA,0,0,0,0,0,0,0,0,0,0,0,0,0,0,0,0,0,0,0,0,0,0,0,0,0,0
"01705","Peas, dry","IE",0,0,0,NA,0,0,0,0,0,NA,NA,0,NA,NA,NA,NA,0,0,0,0,NA,NA,NA,0,0,0,NA,0,0,NA,NA,NA,NA,0,0,0,NA,0,0,0,0,0,0,0,0,0,0,NA,0,0,0,0,0,0,0,0,0,0,0,0,0,0,0,0,0,0,0,0,0,0,0,0,0,0
"01705","Peas, dry","IT",0,0,0,NA,0,0,0,0,0,0,NA,0,NA,NA,NA,NA,0,0,0,0,NA,NA,NA,0,0,0,NA,0,0,NA,NA,NA,NA,0,0,0,NA,0,0,0,0,0,0,0,0,0,0,NA,0,0,0,0,0,0,0,0,0,0,0,0,0,0,0,0,0,0,0,0,0,0,0,0,0,0
"01705","Peas, dry","LT",0,0,0,NA,0,0,0,0,0,0,NA,0,NA,NA,NA,NA,0,0,0,0,NA,NA,NA,0,0,0,NA,0,0,NA,NA,NA,NA,0,0,0,NA,0,0,0,0,0,0,0,0,0,0,NA,0,0,0,0,0,0,0,0,0,0,0,0,0,0,0,0,0,0,0,0,0,0,0,0,0,0
"01705","Peas, dry","LV",0,0,0,NA,0,0,0,0,0,0,NA,0,NA,NA,NA,NA,0,0,0,0,NA,NA,NA,0,0,0,NA,0,0,NA,NA,NA,NA,0,0,0,NA,0,0,0,0,0,0,0,0,0,0,NA,0,0,0,0,0,0,0,0,0,0,0,0,0,0,0,0,0,0,0,0,0,0,0,0,0,0
"01705","Peas, dry","PL",0,0,0,NA,0,0,0,0,0,0,NA,0,NA,NA,NA,NA,0,0,0,0,NA,NA,NA,0,0,0,NA,0,0,NA,NA,NA,NA,0,0,0,NA,0,0,0,0,0,0,0,0,0,0,NA,0,0,0,0,0,0,0,0,0,0,0,0,0,0,0,0,0,0,0,0,0,0,0,0,0,0
"01705","Peas, dry","RO",0,0,0,NA,0,0,0,0,0,0,NA,0,NA,NA,NA,NA,0,0,0,0,NA,NA,NA,0,0,0,NA,0,0,NA,NA,NA,NA,0,0,0,NA,0,0,0,0,0,0,0,0,0,0,NA,0,0,0,0,0,0,0,0,0,0,0,0,0,0,0,0,0,0,0,0,0,0,0,0,0,0
"01705","Peas, dry","RU",0,0,0,NA,0,0,0,0,0,0,NA,0,NA,NA,NA,NA,0,0,0,NA,NA,NA,NA,0,0,NA,NA,0,0,NA,NA,NA,NA,0,0,0,NA,0,0,0,0,0,0,0,0,0,0,NA,0,0,0,0,0,0,0,0,0,0,0,0,0,0,0,0,0,0,0,0,0,0,0,0,0,0
"01705","Peas, dry","SE",0,0,0,NA,0,0,0,0,0,0,NA,0,NA,NA,NA,NA,0,0,0,0,NA,NA,NA,0,0,0,NA,0,0,NA,NA,NA,NA,0,0,0,NA,0,0,0,0,0,0,0,0,0,0,NA,0,0,0,0,0,0,0,0,0,0,0,0,0,0,0,0,0,0,0,0,0,0,0,0,0,0
"01705","Peas, dry","SK",0,0,0,NA,0,0,0,0,0,0,NA,0,NA,NA,NA,NA,0,0,0,0,NA,NA,NA,0,0,0,NA,0,0,NA,NA,NA,NA,0,0,0,NA,0,0,0,0,0,0,0,0,0,0,NA,0,0,0,0,0,0,0,0,0,0,0,0,0,0,0,0,0,0,0,0,0,0,0,0,0,0
"01705","Peas, dry","UA",0,0,0,NA,0,0,0,0,0,0,NA,0,NA,NA,NA,NA,0,0,0,0,NA,NA,NA,0,0,0,NA,0,0,NA,NA,NA,NA,0,0,0,NA,0,0,0,0,0,0,0,0,0,0,NA,0,0,0,0,0,0,0,0,0,0,0,0,0,0,0,0,0,0,0,0,0,0,0,0,0,0
"01705","Peas, dry","US",0,0,0,NA,0,0,0,0,0,0,NA,0,NA,NA,NA,NA,0,0,0,NA,NA,NA,NA,0,0,NA,NA,0,0,NA,NA,NA,NA,0,0,0,NA,0,0,0,0,0,0,0,0,0,0,NA,0,0,0,0,0,0,0,0,0,0,0,0,0,0,0,0,0,0,0,0,0,0,0,0,0,0
"01709.02","Lupins","AU",0,0,0,NA,0,0,0,0,0,NA,NA,0,NA,NA,NA,NA,0,0,0,0,NA,NA,NA,0,0,0,NA,0,0,NA,NA,NA,NA,0,0,0,NA,0,0,0,0,0,0,0,0,0,0,NA,0,0,0,0,0,0,0,0,0,0,0,0,0,0,0,0,0,0,0,0,0,0,0,0,0,0
"01709.02","Lupins","DE",0,0,0,NA,0,0,0,0,0,0,NA,0,NA,NA,NA,NA,0,0,0,0,NA,NA,NA,0,0,0,NA,0,0,NA,NA,NA,NA,0,0,0,NA,0,0,0,0,0,0,0,0,0,0,NA,0,0,0,0,0,0,0,0,0,0,0,0,0,0,0,0,0,0,0,0,0,0,0,0,0,0
"01709.02","Lupins","ES",0,0,0,NA,0,0,0,0,0,0,NA,0,NA,NA,NA,NA,0,0,0,0,NA,NA,NA,0,0,0,NA,0,0,NA,NA,NA,NA,0,0,0,NA,0,0,0,0,0,0,0,0,0,0,NA,0,0,0,0,0,0,0,0,0,0,0,0,0,0,0,0,0,0,0,0,0,0,0,0,0,0
"01709.02","Lupins","FR",0,0,0,NA,0,0,0,0,0,0,NA,0,NA,NA,NA,NA,0,0,0,0,NA,NA,NA,0,0,0,NA,0,0,NA,NA,NA,NA,0,0,0,NA,0,0,0,0,0,0,0,0,0,0,NA,0,0,0,0,0,0,0,0,0,0,0,0,0,0,0,0,0,0,0,0,0,0,0,0,0,0
"01709.02","Lupins","GR",0,0,0,NA,0,0,0,0,0,0,NA,0,NA,NA,NA,NA,0,0,0,0,NA,NA,NA,0,0,0,NA,0,0,NA,NA,NA,NA,0,0,0,NA,0,0,0,0,0,0,0,0,0,0,NA,0,0,0,0,0,0,0,0,0,0,0,0,0,0,0,0,0,0,0,0,0,0,0,0,0,0
"01709.02","Lupins","HU",0,0,0,NA,0,0,0,0,0,0,NA,0,NA,NA,NA,NA,0,0,0,0,NA,NA,NA,0,0,0,NA,0,0,NA,NA,NA,NA,0,0,0,NA,0,0,0,0,0,0,0,0,0,0,NA,0,0,0,0,0,0,0,0,0,0,0,0,0,0,0,0,0,0,0,0,0,0,0,0,0,0
"01709.02","Lupins","IT",0,0,0,NA,0,0,0,0,0,0,NA,0,NA,NA,NA,NA,0,0,0,0,NA,NA,NA,0,0,0,NA,0,0,NA,NA,NA,NA,0,0,0,NA,0,0,0,0,0,0,0,0,0,0,NA,0,0,0,0,0,0,0,0,0,0,0,0,0,0,0,0,0,0,0,0,0,0,0,0,0,0
"01709.02","Lupins","LT",0,0,0,NA,0,0,0,0,0,0,NA,0,NA,NA,NA,NA,0,0,0,0,NA,NA,NA,0,0,0,NA,0,0,NA,NA,NA,NA,0,0,0,NA,0,0,0,0,0,0,0,0,0,0,NA,0,0,0,0,0,0,0,0,0,0,0,0,0,0,0,0,0,0,0,0,0,0,0,0,0,0
"01709.02","Lupins","LV",0,0,0,NA,0,0,0,0,0,0,NA,0,NA,NA,NA,NA,0,0,0,0,NA,NA,NA,0,0,0,NA,0,0,NA,NA,NA,NA,0,0,0,NA,0,0,0,0,0,0,0,0,0,0,NA,0,0,0,0,0,0,0,0,0,0,0,0,0,0,0,0,0,0,0,0,0,0,0,0,0,0
"01709.02","Lupins","PL",0,0,0,NA,0,0,0,0,0,0,NA,0,NA,NA,NA,NA,0,0,0,0,NA,NA,NA,0,0,0,NA,0,0,NA,NA,NA,NA,0,0,0,NA,0,0,0,0,0,0,0,0,0,0,NA,0,0,0,0,0,0,0,0,0,0,0,0,0,0,0,0,0,0,0,0,0,0,0,0,0,0
"01709.02","Lupins","RU",0,0,0,NA,0,0,0,0,0,0,NA,0,NA,NA,NA,NA,0,0,0,NA,NA,NA,NA,0,0,NA,NA,0,0,NA,NA,NA,NA,0,0,0,NA,0,0,0,0,0,0,0,0,0,0,NA,0,0,0,0,0,0,0,0,0,0,0,0,0,0,0,0,0,0,0,0,0,0,0,0,0,0
"01709.02","Lupins","SE",0,0,0,NA,0,0,0,0,0,0,NA,0,NA,NA,NA,NA,0,0,0,0,NA,NA,NA,0,0,0,NA,0,0,NA,NA,NA,NA,0,0,0,NA,0,0,0,0,0,0,0,0,0,0,NA,0,0,0,0,0,0,0,0,0,0,0,0,0,0,0,0,0,0,0,0,0,0,0,0,0,0
"01709.02","Lupins","SY",0,0,0,NA,0,0,0,0,0,0,NA,0,NA,NA,NA,NA,0,0,0,NA,NA,NA,NA,0,0,NA,NA,0,0,NA,NA,NA,NA,0,0,0,NA,0,0,0,0,0,0,0,0,0,0,NA,0,0,0,0,0,0,0,0,0,0,0,0,0,0,0,0,0,0,0,0,0,0,0,0,0,0
"01709.02","Lupins","TR",0,0,0,NA,0,0,0,0,0,0,NA,0,NA,NA,NA,NA,0,0,0,0,NA,NA,NA,0,0,0,NA,0,0,NA,NA,NA,NA,0,0,0,NA,0,0,0,0,0,0,0,0,0,0,NA,0,0,0,0,0,0,0,0,0,0,0,0,0,0,0,0,0,0,0,0,0,0,0,0,0,0
"01709.90","Other pulses n.e.c.","CN",0,0,0,NA,0,0,0,0,0,0,NA,0,0,NA,NA,0,0,0,0,0,NA,NA,0,0,0,0,NA,0,0,NA,NA,NA,0,0,0,0,NA,0,0,0,0,0,0,0,0,0,0,NA,0,0,0,0,0,0,0,0,0,0,0,0,0,0,0,0,0,0,0,0,0,0,0,0,0,0
"01709.90","Other pulses n.e.c.","EG",0,0,0,NA,0,0,0,0,0,0,NA,NA,0,NA,NA,0,0,0,0,0,NA,NA,0,0,0,0,NA,0,0,NA,NA,NA,0,0,0,0,NA,0,0,0,0,0,0,0,0,0,0,NA,NA,0,0,0,0,0,0,0,0,0,0,0,0,0,0,0,0,0,0,0,0,0,0,0,0,0
"01709.90","Other pulses n.e.c.","ET",0,0,0,NA,0,0,0,0,0,NA,NA,0,0,NA,NA,0,0,0,0,0,NA,NA,0,0,0,0,NA,0,0,NA,NA,NA,NA,0,0,0,NA,0,0,0,0,0,0,0,0,0,0,NA,0,0,0,0,0,0,0,0,0,0,0,0,0,0,0,0,0,0,0,0,0,0,0,0,0,0
"01709.90","Other pulses n.e.c.","KG",0,0,0,NA,0,0,0,0,0,0,NA,0,0,NA,NA,0,0,0,0,0,NA,NA,0,0,0,0,NA,0,0,NA,NA,NA,0,0,0,0,NA,0,0,0,0,0,0,0,0,0,0,NA,0,0,0,0,0,0,0,0,0,0,0,0,0,0,0,0,0,0,0,0,0,0,0,0,0,0
"01709.90","Other pulses n.e.c.","MG",0,0,0,NA,0,0,0,0,0,NA,NA,0,0,NA,NA,0,0,0,0,0,NA,NA,0,0,0,0,NA,0,0,NA,NA,NA,0,0,0,0,NA,0,0,0,0,0,0,0,0,0,0,NA,0,0,0,0,0,0,0,0,0,0,0,0,0,0,0,0,0,0,0,0,0,0,0,0,0,0
"01709.90","Other pulses n.e.c.","NE",0,0,0,NA,0,0,0,0,0,NA,NA,0,NA,NA,NA,NA,0,0,0,NA,NA,NA,NA,0,0,NA,NA,0,0,NA,NA,NA,NA,0,0,0,NA,0,0,0,0,0,0,0,0,0,0,NA,0,0,0,0,0,0,0,0,0,0,0,0,0,0,0,0,0,0,0,0,0,0,0,0,0,0
"01709.90","Other pulses n.e.c.","PE",0,0,0,NA,0,0,0,0,0,0,NA,0,0,NA,NA,0,0,0,0,0,NA,NA,0,0,0,0,NA,0,0,NA,NA,NA,0,0,0,0,NA,0,0,0,0,0,0,0,0,0,0,NA,0,0,0,0,0,0,0,0,0,0,0,0,0,0,0,0,0,0,0,0,0,0,0,0,0,0
"01709.90","Other pulses n.e.c.","TR",0,0,0,NA,0,0,0,0,0,NA,NA,0,0,NA,NA,0,0,0,0,NA,NA,NA,0,0,0,NA,NA,0,0,NA,NA,NA,0,0,0,0,NA,0,0,0,0,0,0,0,0,0,NA,NA,0,0,0,0,0,0,0,0,0,0,0,0,0,0,0,0,0,0,0,0,0,0,0,0,0,0
"01709.90","Other pulses n.e.c.","TZ",0,0,0,NA,0,0,0,0,0,NA,NA,0,0,NA,NA,0,0,0,0,NA,NA,NA,0,0,0,NA,NA,0,0,NA,NA,NA,0,0,0,0,NA,0,0,0,0,0,0,0,0,0,0,NA,0,0,0,0,0,0,0,0,0,0,0,0,0,0,0,0,0,0,0,0,0,0,0,0,0,0
"01709.90","Other pulses n.e.c.","UA",0,0,0,NA,0,0,0,0,0,0,NA,0,0,NA,NA,0,0,0,0,0,NA,NA,0,0,0,0,NA,0,0,NA,NA,NA,0,0,0,0,NA,0,0,0,0,0,0,0,0,0,0,NA,0,0,0,0,0,0,0,0,0,0,0,0,0,0,0,0,0,0,0,0,0,0,0,0,0,0
"02211","Raw milk of cattle","DE",0,0,0,0,0,0,0,0,0,0,0,0,0,0,0,0,0,0,0,0,0,0,0,0,0,0,0,0,0,NA,0,0,0,0,0,0,0,0,0,0,0,0,0,0,0,0,0,0,0,0,0,0,0,0,0,0,0,0,0,0,0,0,0,0,0,0,NA,0,0,0,0,0,0,0
"02211","Raw milk of cattle","DK",0,0,0,0,0,0,0,0,0,0,0,0,0,0,0,0,0,0,0,0,0,0,0,0,0,0,0,0,0,NA,0,0,0,0,0,0,0,0,0,0,0,0,0,0,0,0,0,0,0,0,0,0,0,0,0,0,0,0,0,0,0,0,0,0,0,0,NA,0,0,0,0,0,0,0
"02211","Raw milk of cattle","ES",0,0,0,0,0,0,0,0,0,0,0,0,0,0,0,0,0,0,0,0,0,0,0,0,0,0,0,0,0,NA,0,0,0,0,0,0,0,0,0,0,0,0,0,0,0,0,0,0,0,0,0,0,0,0,0,0,0,0,0,0,0,0,0,0,0,0,NA,0,0,0,0,0,0,0
"02211","Raw milk of cattle","FR",0,0,0,0,0,0,0,0,0,0,0,0,0,0,0,0,0,0,0,0,0,0,0,0,0,0,0,0,0,NA,0,0,0,0,0,0,0,0,0,0,0,0,0,0,0,0,0,0,0,0,0,0,0,0,0,0,0,0,0,0,0,0,0,0,0,0,NA,0,0,0,0,0,0,0
"02211","Raw milk of cattle","GR",0,0,0,0,0,0,0,0,0,0,0,0,0,0,0,0,0,0,0,0,0,0,0,0,0,0,0,0,0,NA,0,0,0,0,0,0,0,0,0,0,0,0,0,0,0,0,0,0,0,0,0,0,0,0,0,0,0,0,0,0,0,0,0,0,0,0,NA,0,0,0,0,0,0,0
"02211","Raw milk of cattle","HU",0,0,0,0,0,0,0,0,0,0,0,0,0,0,0,0,0,0,0,0,0,0,0,0,0,0,0,0,0,NA,0,0,0,0,0,0,0,0,0,0,0,0,0,0,0,0,0,0,0,0,0,0,0,0,0,0,0,0,0,0,0,0,0,0,0,0,NA,0,0,0,0,0,0,0
"02211","Raw milk of cattle","IE",0,0,0,0,0,0,0,0,0,0,0,0,0,0,0,0,0,0,0,0,0,0,0,0,0,0,0,0,0,NA,0,0,0,0,0,0,0,0,0,0,0,0,0,0,0,0,0,0,0,0,0,0,0,0,0,0,0,0,0,0,0,0,0,0,0,0,NA,0,0,0,0,0,0,0
"02211","Raw milk of cattle","IT",0,0,0,0,0,0,0,0,0,0,0,0,0,0,0,0,0,0,0,0,0,0,0,0,0,0,0,0,0,NA,0,0,0,0,0,0,0,0,0,0,0,0,0,0,0,0,0,0,0,0,0,0,0,0,0,0,0,0,0,0,0,0,0,0,0,0,NA,0,0,0,0,0,0,0
"02211","Raw milk of cattle","NL",0,0,0,0,0,0,0,0,0,0,0,0,0,0,0,0,0,0,0,0,0,0,0,0,0,0,0,0,0,NA,0,0,0,0,0,0,0,0,0,0,0,0,0,0,0,0,0,0,0,0,0,0,0,0,0,0,0,0,0,0,0,0,0,0,0,0,NA,0,0,0,0,0,0,0
"02211","Raw milk of cattle","PL",0,0,0,0,0,0,0,0,0,0,0,0,0,0,0,0,0,0,0,0,0,0,0,0,0,0,0,0,0,NA,0,0,0,0,0,0,0,0,0,0,0,0,0,0,0,0,0,0,0,0,0,0,0,0,0,0,0,0,0,0,0,0,0,0,0,0,NA,0,0,0,0,0,0,0
"02211","Raw milk of cattle","SE",0,0,0,0,0,0,0,0,0,0,0,0,0,0,0,0,0,0,0,0,0,0,0,0,0,0,0,0,0,NA,0,0,0,0,0,0,0,0,0,0,0,0,0,0,0,0,0,0,0,0,0,0,0,0,0,0,0,0,0,0,0,0,0,0,0,0,NA,0,0,0,0,0,0,0
"02212","Water buffalo milk","MG",0,0,0,0,0,0,0,0,0,0,0,0,0,0,0,0,0,0,0,0,0,0,0,0,0,0,0,0,0,NA,0,0,0,0,0,0,0,0,0,0,0,0,0,0,0,0,0,0,0,0,0,0,0,0,0,0,0,0,0,0,0,0,0,0,0,0,NA,0,0,0,0,0,0,0
"02291","Raw milk of sheep","DE",0,0,0,0,0,0,0,0,0,0,0,0,0,0,0,0,0,0,0,0,0,0,0,0,0,0,0,0,0,NA,0,0,0,0,0,0,0,0,0,0,0,0,0,0,0,0,0,0,0,0,0,0,0,0,0,0,0,0,0,0,0,0,0,0,0,0,NA,0,0,0,0,0,0,0
"02291","Raw milk of sheep","DK",0,0,0,0,0,0,0,0,0,0,0,0,0,0,0,0,0,0,0,0,0,0,0,0,0,0,0,0,0,NA,0,0,0,0,0,0,0,0,0,0,0,0,0,0,0,0,0,0,0,0,0,0,0,0,0,0,0,0,0,0,0,0,0,0,0,0,NA,0,0,0,0,0,0,0
"02291","Raw milk of sheep","ES",0,0,0,0,0,0,0,0,0,0,0,0,0,0,0,0,0,0,0,0,0,0,0,0,0,0,0,0,0,NA,0,0,0,0,0,0,0,0,0,0,0,0,0,0,0,0,0,0,0,0,0,0,0,0,0,0,0,0,0,0,0,0,0,0,0,0,NA,0,0,0,0,0,0,0
"02291","Raw milk of sheep","FR",0,0,0,0,0,0,0,0,0,0,0,0,0,0,0,0,0,0,0,0,0,0,0,0,0,0,0,0,0,NA,0,0,0,0,0,0,0,0,0,0,0,0,0,0,0,0,0,0,0,0,0,0,0,0,0,0,0,0,0,0,0,0,0,0,0,0,NA,0,0,0,0,0,0,0
"02291","Raw milk of sheep","GR",0,0,0,0,0,0,0,0,0,0,0,0,0,0,0,0,0,0,0,0,0,0,0,0,0,0,0,0,0,NA,0,0,0,0,0,0,0,0,0,0,0,0,0,0,0,0,0,0,0,0,0,0,0,0,0,0,0,0,0,0,0,0,0,0,0,0,NA,0,0,0,0,0,0,0
"02291","Raw milk of sheep","HU",0,0,0,0,0,0,0,0,0,0,0,0,0,0,0,0,0,0,0,0,0,0,0,0,0,0,0,0,0,NA,0,0,0,0,0,0,0,0,0,0,0,0,0,0,0,0,0,0,0,0,0,0,0,0,0,0,0,0,0,0,0,0,0,0,0,0,NA,0,0,0,0,0,0,0
"02291","Raw milk of sheep","IE",0,0,0,0,0,0,0,0,0,0,0,0,0,0,0,0,0,0,0,0,0,0,0,0,0,0,0,0,0,NA,0,0,0,0,0,0,0,0,0,0,0,0,0,0,0,0,0,0,0,0,0,0,0,0,0,0,0,0,0,0,0,0,0,0,0,0,NA,0,0,0,0,0,0,0
"02291","Raw milk of sheep","IT",0,0,0,0,0,0,0,0,0,0,0,0,0,0,0,0,0,0,0,0,0,0,0,0,0,0,0,0,0,NA,0,0,0,0,0,0,0,0,0,0,0,0,0,0,0,0,0,0,0,0,0,0,0,0,0,0,0,0,0,0,0,0,0,0,0,0,NA,0,0,0,0,0,0,0
"02291","Raw milk of sheep","NL",0,0,0,0,0,0,0,0,0,0,0,0,0,0,0,0,0,0,0,0,0,0,0,0,0,0,0,0,0,NA,0,0,0,0,0,0,0,0,0,0,0,0,0,0,0,0,0,0,0,0,0,0,0,0,0,0,0,0,0,0,0,0,0,0,0,0,NA,0,0,0,0,0,0,0
"02291","Raw milk of sheep","PL",0,0,0,0,0,0,0,0,0,0,0,0,0,0,0,0,0,0,0,0,0,0,0,0,0,0,0,0,0,NA,0,0,0,0,0,0,0,0,0,0,0,0,0,0,0,0,0,0,0,0,0,0,0,0,0,0,0,0,0,0,0,0,0,0,0,0,NA,0,0,0,0,0,0,0
"02291","Raw milk of sheep","SE",0,0,0,0,0,0,0,0,0,0,0,0,0,0,0,0,0,0,0,0,0,0,0,0,0,0,0,0,0,NA,0,0,0,0,0,0,0,0,0,0,0,0,0,0,0,0,0,0,0,0,0,0,0,0,0,0,0,0,0,0,0,0,0,0,0,0,NA,0,0,0,0,0,0,0
"02292","Raw milk of goats","DE",0,0,0,0,0,0,0,0,0,0,0,0,0,0,0,0,0,0,0,0,0,0,0,0,0,0,0,0,0,NA,0,0,0,0,0,0,0,0,0,0,0,0,0,0,0,0,0,0,0,0,0,0,0,0,0,0,0,0,0,0,0,0,0,0,0,0,NA,0,0,0,0,0,0,0
"02292","Raw milk of goats","DK",0,0,0,0,0,0,0,0,0,0,0,0,0,0,0,0,0,0,0,0,0,0,0,0,0,0,0,0,0,NA,0,0,0,0,0,0,0,0,0,0,0,0,0,0,0,0,0,0,0,0,0,0,0,0,0,0,0,0,0,0,0,0,0,0,0,0,NA,0,0,0,0,0,0,0
"02292","Raw milk of goats","ES",0,0,0,0,0,0,0,0,0,0,0,0,0,0,0,0,0,0,0,0,0,0,0,0,0,0,0,0,0,NA,0,0,0,0,0,0,0,0,0,0,0,0,0,0,0,0,0,0,0,0,0,0,0,0,0,0,0,0,0,0,0,0,0,0,0,0,NA,0,0,0,0,0,0,0
"02292","Raw milk of goats","FR",0,0,0,0,0,0,0,0,0,0,0,0,0,0,0,0,0,0,0,0,0,0,0,0,0,0,0,0,0,NA,0,0,0,0,0,0,0,0,0,0,0,0,0,0,0,0,0,0,0,0,0,0,0,0,0,0,0,0,0,0,0,0,0,0,0,0,NA,0,0,0,0,0,0,0
"02292","Raw milk of goats","GR",0,0,0,0,0,0,0,0,0,0,0,0,0,0,0,0,0,0,0,0,0,0,0,0,0,0,0,0,0,NA,0,0,0,0,0,0,0,0,0,0,0,0,0,0,0,0,0,0,0,0,0,0,0,0,0,0,0,0,0,0,0,0,0,0,0,0,NA,0,0,0,0,0,0,0
"02292","Raw milk of goats","HU",0,0,0,0,0,0,0,0,0,0,0,0,0,0,0,0,0,0,0,0,0,0,0,0,0,0,0,0,0,NA,0,0,0,0,0,0,0,0,0,0,0,0,0,0,0,0,0,0,0,0,0,0,0,0,0,0,0,0,0,0,0,0,0,0,0,0,NA,0,0,0,0,0,0,0
"02292","Raw milk of goats","IE",0,0,0,0,0,0,0,0,0,0,0,0,0,0,0,0,0,0,0,0,0,0,0,0,0,0,0,0,0,NA,0,0,0,0,0,0,0,0,0,0,0,0,0,0,0,0,0,0,0,0,0,0,0,0,0,0,0,0,0,0,0,0,0,0,0,0,NA,0,0,0,0,0,0,0
"02292","Raw milk of goats","IT",0,0,0,0,0,0,0,0,0,0,0,0,0,0,0,0,0,0,0,0,0,0,0,0,0,0,0,0,0,NA,0,0,0,0,0,0,0,0,0,0,0,0,0,0,0,0,0,0,0,0,0,0,0,0,0,0,0,0,0,0,0,0,0,0,0,0,NA,0,0,0,0,0,0,0
"02292","Raw milk of goats","NL",0,0,0,0,0,0,0,0,0,0,0,0,0,0,0,0,0,0,0,0,0,0,0,0,0,0,0,0,0,NA,0,0,0,0,0,0,0,0,0,0,0,0,0,0,0,0,0,0,0,0,0,0,0,0,0,0,0,0,0,0,0,0,0,0,0,0,NA,0,0,0,0,0,0,0
"02292","Raw milk of goats","PL",0,0,0,0,0,0,0,0,0,0,0,0,0,0,0,0,0,0,0,0,0,0,0,0,0,0,0,0,0,NA,0,0,0,0,0,0,0,0,0,0,0,0,0,0,0,0,0,0,0,0,0,0,0,0,0,0,0,0,0,0,0,0,0,0,0,0,NA,0,0,0,0,0,0,0
"02292","Raw milk of goats","SE",0,0,0,0,0,0,0,0,0,0,0,0,0,0,0,0,0,0,0,0,0,0,0,0,0,0,0,0,0,NA,0,0,0,0,0,0,0,0,0,0,0,0,0,0,0,0,0,0,0,0,0,0,0,0,0,0,0,0,0,0,0,0,0,0,0,0,NA,0,0,0,0,0,0,0
"0231","Hen eggs in shell","CN",0,0,0,0,0,0,0,0,0,0,0,0,0,0,0,0,0,0,0,0,NA,0,0,0,0,0,0,0,0,NA,NA,0,0,0,0,0,0,0,0,0,0,0,0,0,0,0,0,0,0,0,0,0,0,0,0,0,0,NA,0,0,0,0,0,0,0,0,NA,NA,0,0,0,0,0,0
"0231","Hen eggs in shell","DE",0,0,0,0,0,0,0,0,0,0,0,0,0,0,0,0,0,0,0,0,NA,0,0,0,0,0,0,0,0,NA,NA,0,0,0,0,0,0,0,0,0,0,0,0,0,0,0,0,0,0,0,0,0,0,0,0,0,0,NA,0,0,0,0,0,0,0,0,NA,NA,0,0,0,0,0,0
"0231","Hen eggs in shell","ES",0,0,0,0,0,0,0,0,0,0,0,0,0,0,0,0,0,0,0,0,NA,0,0,0,0,0,0,0,0,NA,NA,0,0,0,0,0,0,0,0,0,0,0,0,0,0,0,0,0,0,0,0,0,0,0,0,0,0,NA,0,0,0,0,0,0,0,0,NA,NA,0,0,0,0,0,0
"0231","Hen eggs in shell","FR",0,0,0,0,0,0,0,0,0,0,0,0,0,0,0,0,0,0,0,0,NA,0,0,0,0,0,0,0,0,NA,NA,0,0,0,0,0,0,0,0,0,0,0,0,0,0,0,0,0,0,0,0,0,0,0,0,0,0,NA,0,0,0,0,0,0,0,0,NA,NA,0,0,0,0,0,0
"0231","Hen eggs in shell","GB",0,0,0,0,0,0,0,0,0,0,0,0,0,0,0,0,0,0,0,0,NA,0,0,0,0,0,0,0,0,NA,NA,0,0,0,0,0,0,0,0,0,0,0,0,0,0,0,0,0,0,0,0,0,0,0,0,0,0,NA,0,0,0,0,0,0,0,0,NA,NA,0,0,0,0,0,0
"0231","Hen eggs in shell","GR",0,0,0,0,0,0,0,0,0,0,0,0,0,0,0,0,0,0,0,0,NA,0,0,0,0,0,0,0,0,NA,NA,0,0,0,0,0,0,0,0,0,0,0,0,0,0,0,0,0,0,0,0,0,0,0,0,0,0,NA,0,0,0,0,0,0,0,0,NA,NA,0,0,0,0,0,0
"0231","Hen eggs in shell","HU",0,0,0,0,0,0,0,0,0,0,0,0,0,0,0,0,0,0,0,0,NA,0,0,0,0,0,0,0,0,NA,NA,0,0,0,0,0,0,0,0,0,0,0,0,0,0,0,0,0,0,0,0,0,0,0,0,0,0,NA,0,0,0,0,0,0,0,0,NA,NA,0,0,0,0,0,0
"0231","Hen eggs in shell","IE",0,0,0,0,0,0,0,0,0,0,0,0,0,0,0,0,0,0,0,0,NA,0,0,0,0,0,0,0,0,NA,NA,0,0,0,0,0,0,0,0,0,0,0,0,0,0,0,0,0,0,0,0,0,0,0,0,0,0,NA,0,0,0,0,0,0,0,0,NA,NA,0,0,0,0,0,0
"0231","Hen eggs in shell","IT",0,0,0,0,0,0,0,0,0,0,0,0,0,0,0,0,0,0,0,0,NA,0,0,0,0,0,0,0,0,NA,NA,0,0,0,0,0,0,0,0,0,0,0,0,0,0,0,0,0,0,0,0,0,0,0,0,0,0,NA,0,0,0,0,0,0,0,0,NA,NA,0,0,0,0,0,0
"0231","Hen eggs in shell","NL",0,0,0,0,0,0,0,0,0,0,0,0,0,0,0,0,0,0,0,0,NA,0,0,0,0,0,0,0,0,NA,NA,0,0,0,0,0,0,0,0,0,0,0,0,0,0,0,0,0,0,0,0,0,0,0,0,0,0,NA,0,0,0,0,0,0,0,0,NA,NA,0,0,0,0,0,0
"0231","Hen eggs in shell","PL",0,0,0,0,0,0,0,0,0,0,0,0,0,0,0,0,0,0,0,0,NA,0,0,0,0,0,0,0,0,NA,NA,0,0,0,0,0,0,0,0,0,0,0,0,0,0,0,0,0,0,0,0,0,0,0,0,0,0,NA,0,0,0,0,0,0,0,0,NA,NA,0,0,0,0,0,0
"0231","Hen eggs in shell","PT",0,0,0,0,0,0,0,0,0,0,0,0,0,0,0,0,0,0,0,0,NA,0,0,0,0,0,0,0,0,NA,NA,0,0,0,0,0,0,0,0,0,0,0,0,0,0,0,0,0,0,0,0,0,0,0,0,0,0,NA,0,0,0,0,0,0,0,0,NA,NA,0,0,0,0,0,0
"0231","Hen eggs in shell","RO",0,0,0,0,0,0,0,0,0,0,0,0,0,0,0,0,0,0,0,0,NA,0,0,0,0,0,0,0,0,NA,NA,0,0,0,0,0,0,0,0,0,0,0,0,0,0,0,0,0,0,0,0,0,0,0,0,0,0,NA,0,0,0,0,0,0,0,0,NA,NA,0,0,0,0,0,0
"0231","Hen eggs in shell","SE",0,0,0,0,0,0,0,0,0,0,0,0,0,0,0,0,0,0,0,0,NA,0,0,0,0,0,0,0,0,NA,NA,0,0,0,0,0,0,0,0,0,0,0,0,0,0,0,0,0,0,0,0,0,0,0,0,0,0,NA,0,0,0,0,0,0,0,0,NA,NA,0,0,0,0,0,0
"0232","Eggs from other birds in shell, fresh, n.e.c.","BG",0,0,0,0,0,0,0,0,0,0,0,0,0,0,0,0,0,0,0,0,NA,0,0,0,0,0,0,0,0,NA,NA,0,0,0,0,0,0,0,0,0,0,0,0,0,0,0,0,0,0,0,0,0,0,0,0,0,0,NA,0,0,0,0,0,0,0,0,NA,NA,0,0,0,0,0,0
"0232","Eggs from other birds in shell, fresh, n.e.c.","DE",0,0,0,0,0,0,0,0,0,0,0,0,0,0,0,0,0,0,0,0,NA,0,0,0,0,0,0,0,0,NA,NA,0,0,0,0,0,0,0,0,0,0,0,0,0,0,0,0,0,0,0,0,0,0,0,0,0,0,NA,0,0,0,0,0,0,0,0,NA,NA,0,0,0,0,0,0
"0232","Eggs from other birds in shell, fresh, n.e.c.","ES",0,0,0,0,0,0,0,0,0,0,0,0,0,0,0,0,0,0,0,0,NA,0,0,0,0,0,0,0,0,NA,NA,0,0,0,0,0,0,0,0,0,0,0,0,0,0,0,0,0,0,0,0,0,0,0,0,0,0,NA,0,0,0,0,0,0,0,0,NA,NA,0,0,0,0,0,0
"0232","Eggs from other birds in shell, fresh, n.e.c.","FR",0,0,0,0,0,0,0,0,0,0,0,0,0,0,0,0,0,0,0,0,NA,0,0,0,0,0,0,0,0,NA,NA,0,0,0,0,0,0,0,0,0,0,0,0,0,0,0,0,0,0,0,0,0,0,0,0,0,0,NA,0,0,0,0,0,0,0,0,NA,NA,0,0,0,0,0,0
"0232","Eggs from other birds in shell, fresh, n.e.c.","GR",0,0,0,0,0,0,0,0,0,0,0,0,0,0,0,0,0,0,0,0,NA,0,0,0,0,0,0,0,0,NA,NA,0,0,0,0,0,0,0,0,0,0,0,0,0,0,0,0,0,0,0,0,0,0,0,0,0,0,NA,0,0,0,0,0,0,0,0,NA,NA,0,0,0,0,0,0
"0232","Eggs from other birds in shell, fresh, n.e.c.","HU",0,0,0,0,0,0,0,0,0,0,0,0,0,0,0,0,0,0,0,0,NA,0,0,0,0,0,0,0,0,NA,NA,0,0,0,0,0,0,0,0,0,0,0,0,0,0,0,0,0,0,0,0,0,0,0,0,0,0,NA,0,0,0,0,0,0,0,0,NA,NA,0,0,0,0,0,0
"0232","Eggs from other birds in shell, fresh, n.e.c.","IE",0,0,0,0,0,0,0,0,0,0,0,0,0,0,0,0,0,0,0,0,NA,0,0,0,0,0,0,0,0,NA,NA,0,0,0,0,0,0,0,0,0,0,0,0,0,0,0,0,0,0,0,0,0,0,0,0,0,0,NA,0,0,0,0,0,0,0,0,NA,NA,0,0,0,0,0,0
"0232","Eggs from other birds in shell, fresh, n.e.c.","IT",0,0,0,0,0,0,0,0,0,0,0,0,0,0,0,0,0,0,0,0,NA,0,0,0,0,0,0,0,0,NA,NA,0,0,0,0,0,0,0,0,0,0,0,0,0,0,0,0,0,0,0,0,0,0,0,0,0,0,NA,0,0,0,0,0,0,0,0,NA,NA,0,0,0,0,0,0
"0232","Eggs from other birds in shell, fresh, n.e.c.","NL",0,0,0,0,0,0,0,0,0,0,0,0,0,0,0,0,0,0,0,0,NA,0,0,0,0,0,0,0,0,NA,NA,0,0,0,0,0,0,0,0,0,0,0,0,0,0,0,0,0,0,0,0,0,0,0,0,0,0,NA,0,0,0,0,0,0,0,0,NA,NA,0,0,0,0,0,0
"0232","Eggs from other birds in shell, fresh, n.e.c.","PL",0,0,0,0,0,0,0,0,0,0,0,0,0,0,0,0,0,0,0,0,NA,0,0,0,0,0,0,0,0,NA,NA,0,0,0,0,0,0,0,0,0,0,0,0,0,0,0,0,0,0,0,0,0,0,0,0,0,0,NA,0,0,0,0,0,0,0,0,NA,NA,0,0,0,0,0,0
"0232","Eggs from other birds in shell, fresh, n.e.c.","PT",0,0,0,0,0,0,0,0,0,0,0,0,0,0,0,0,0,0,0,0,NA,0,0,0,0,0,0,0,0,NA,NA,0,0,0,0,0,0,0,0,0,0,0,0,0,0,0,0,0,0,0,0,0,0,0,0,0,0,NA,0,0,0,0,0,0,0,0,NA,NA,0,0,0,0,0,0
"0232","Eggs from other birds in shell, fresh, n.e.c.","RO",0,0,0,0,0,0,0,0,0,0,0,0,0,0,0,0,0,0,0,0,NA,0,0,0,0,0,0,0,0,NA,NA,0,0,0,0,0,0,0,0,0,0,0,0,0,0,0,0,0,0,0,0,0,0,0,0,0,0,NA,0,0,0,0,0,0,0,0,NA,NA,0,0,0,0,0,0
"0232","Eggs from other birds in shell, fresh, n.e.c.","SE",0,0,0,0,0,0,0,0,0,0,0,0,0,0,0,0,0,0,0,0,NA,0,0,0,0,0,0,0,0,NA,NA,0,0,0,0,0,0,0,0,0,0,0,0,0,0,0,0,0,0,0,0,0,0,0,0,0,0,NA,0,0,0,0,0,0,0,0,NA,NA,0,0,0,0,0,0
"0232","Eggs from other birds in shell, fresh, n.e.c.","UK",0,0,0,0,0,0,0,0,0,0,0,0,0,0,0,0,0,0,0,0,NA,0,0,0,0,0,0,0,0,NA,NA,0,0,0,0,0,0,0,0,0,0,0,0,0,0,0,0,0,0,0,0,0,0,0,0,0,0,NA,0,0,0,0,0,0,0,0,NA,NA,0,0,0,0,0,0
"02910","Honey","RoW",NA,NA,NA,NA,NA,NA,NA,NA,NA,NA,NA,NA,NA,NA,NA,NA,NA,NA,NA,NA,NA,NA,NA,NA,NA,NA,NA,NA,NA,NA,NA,NA,NA,NA,NA,NA,NA,0,0,0,0,0,NA,0,0,0,0,0,0,0,0,0,0,0,0,0,0,0,0,0,0,0,0,0,0,0,0,0,0,0,0,0,0,0
"21111.02","Bovine muscle","DE",0,0,0,0,0,0,0,0,0,0,0,0,0,0,0,0,0,0,0,0,0,0,0,0,0,0,0,0,0,NA,0,0,0,0,0,0,0,0,0,0,0,0,0,0,0,0,0,0,0,0,0,0,0,0,0,0,0,0,0,0,0,0,0,0,0,0,NA,0,0,0,0,0,0,0
"21111.02","Bovine muscle","DK",0,0,0,0,0,0,0,0,0,0,0,0,0,0,0,0,0,0,0,0,0,0,0,0,0,0,0,0,0,NA,0,0,0,0,0,0,0,0,0,0,0,0,0,0,0,0,0,0,0,0,0,0,0,0,0,0,0,0,0,0,0,0,0,0,0,0,NA,0,0,0,0,0,0,0
"21111.02","Bovine muscle","ES",0,0,0,0,0,0,0,0,0,0,0,0,0,0,0,0,0,0,0,0,0,0,0,0,0,0,0,0,0,NA,0,0,0,0,0,0,0,0,0,0,0,0,0,0,0,0,0,0,0,0,0,0,0,0,0,0,0,0,0,0,0,0,0,0,0,0,NA,0,0,0,0,0,0,0
"21111.02","Bovine muscle","FR",0,0,0,0,0,0,0,0,0,0,0,0,0,0,0,0,0,0,0,0,0,0,0,0,0,0,0,0,0,NA,0,0,0,0,0,0,0,0,0,0,0,0,0,0,0,0,0,0,0,0,0,0,0,0,0,0,0,0,0,0,0,0,0,0,0,0,NA,0,0,0,0,0,0,0
"21111.02","Bovine muscle","GB",0,0,0,0,0,0,0,0,0,0,0,0,0,0,0,0,0,0,0,0,0,0,0,0,0,0,0,0,0,NA,0,0,0,0,0,0,0,0,0,0,0,0,0,0,0,0,0,0,0,0,0,0,0,0,0,0,0,0,0,0,0,0,0,0,0,0,NA,0,0,0,0,0,0,0
"21111.02","Bovine muscle","GR",0,0,0,0,0,0,0,0,0,0,0,0,0,0,0,0,0,0,0,0,0,0,0,0,0,0,0,0,0,NA,0,0,0,0,0,0,0,0,0,0,0,0,0,0,0,0,0,0,0,0,0,0,0,0,0,0,0,0,0,0,0,0,0,0,0,0,NA,0,0,0,0,0,0,0
"21111.02","Bovine muscle","HU",0,0,0,0,0,0,0,0,0,0,0,0,0,0,0,0,0,0,0,0,0,0,0,0,0,0,0,0,0,NA,0,0,0,0,0,0,0,0,0,0,0,0,0,0,0,0,0,0,0,0,0,0,0,0,0,0,0,0,0,0,0,0,0,0,0,0,NA,0,0,0,0,0,0,0
"21111.02","Bovine muscle","IE",0,0,0,0,0,0,0,0,0,0,0,0,0,0,0,0,0,0,0,0,0,0,0,0,0,0,0,0,0,NA,0,0,0,0,0,0,0,0,0,0,0,0,0,0,0,0,0,0,0,0,0,0,0,0,0,0,0,0,0,0,0,0,0,0,0,0,NA,0,0,0,0,0,0,0
"21111.02","Bovine muscle","IT",0,0,0,0,0,0,0,0,0,0,0,0,0,0,0,0,0,0,0,0,0,0,0,0,0,0,0,0,0,NA,0,0,0,0,0,0,0,0,0,0,0,0,0,0,0,0,0,0,0,0,0,0,0,0,0,0,0,0,0,0,0,0,0,0,0,0,NA,0,0,0,0,0,0,0
"21111.02","Bovine muscle","NL",0,0,0,0,0,0,0,0,0,0,0,0,0,0,0,0,0,0,0,0,0,0,0,0,0,0,0,0,0,NA,0,0,0,0,0,0,0,0,0,0,0,0,0,0,0,0,0,0,0,0,0,0,0,0,0,0,0,0,0,0,0,0,0,0,0,0,NA,0,0,0,0,0,0,0
"21111.02","Bovine muscle","PL",0,0,0,0,0,0,0,0,0,0,0,0,0,0,0,0,0,0,0,0,0,0,0,0,0,0,0,0,0,NA,0,0,0,0,0,0,0,0,0,0,0,0,0,0,0,0,0,0,0,0,0,0,0,0,0,0,0,0,0,0,0,0,0,0,0,0,NA,0,0,0,0,0,0,0
"21111.02","Bovine muscle","SE",0,0,0,0,0,0,0,0,0,0,0,-0,0,0,0,0,0,0,0,0,0,0,0,0,0,0,0,0,0,NA,0,0,0,0,0,0,0,0,0,0,0,0,0,0,0,0,0,0,0,0,0,0,0,0,0,0,0,0,0,0,0,0,0,0,0,0,NA,0,0,0,0,0,0,0
"21113.02","Pig meat","DE",0,0,0,0,0,0,0,0,0,0,0,0,0,0,0,0,0,0,0,0,0,0,0,0,0,0,0,0,0,NA,0,0,0,0,0,0,0,0,0,0,0,0,0,0,0,0,0,0,0,0,0,0,0,0,0,0,0,0,0,0,0,0,0,0,0,0,NA,0,0,0,0,0,0,0
"21113.02","Pig meat","DK",0,0,0,0,0,0,0,0,0,0,0,0,0,0,0,0,0,0,0,0,0,0,0,0,0,0,0,0,0,NA,0,0,0,0,0,0,0,0,0,0,0,0,0,0,0,0,0,0,0,0,0,0,0,0,0,0,0,0,0,0,0,0,0,0,0,0,NA,0,0,0,0,0,0,0
"21113.02","Pig meat","ES",0,0,0,0,0,0,0,0,0,0,0,0,0,0,0,0,0,0,0,0,0,0,0,0,0,0,0,0,0,NA,0,0,0,0,0,0,0,0,0,0,0,0,0,0,0,0,0,0,0,0,0,0,0,0,0,0,0,0,0,0,0,0,0,0,0,0,NA,0,0,0,0,0,0,0
"21113.02","Pig meat","FR",0,0,0,0,0,0,0,0,0,0,0,0,0,0,0,0,0,0,0,0,0,0,0,0,0,0,0,0,0,NA,0,0,0,0,0,0,0,0,0,0,0,0,0,0,0,0,0,0,0,0,0,0,0,0,0,0,0,0,0,0,0,0,0,0,0,0,NA,0,0,0,0,0,0,0
"21113.02","Pig meat","GR",0,0,0,0,0,0,0,0,0,0,0,0,0,0,0,0,0,0,0,0,0,0,0,0,0,0,0,0,0,NA,0,0,0,0,0,0,0,0,0,0,0,0,0,0,0,0,0,0,0,0,0,0,0,0,0,0,0,0,0,0,0,0,0,0,0,0,NA,0,0,0,0,0,0,0
"21113.02","Pig meat","HU",0,0,0,0,0,0,0,0,0,0,0,0,0,0,0,0,0,0,0,0,0,0,0,0,0,0,0,0,0,NA,0,0,0,0,0,0,0,0,0,0,0,0,0,0,0,0,0,0,0,0,0,0,0,0,0,0,0,0,0,0,0,0,0,0,0,0,NA,0,0,0,0,0,0,0
"21113.02","Pig meat","IE",0,0,0,0,0,0,0,0,0,0,0,0,0,0,0,0,0,0,0,0,0,0,0,0,0,0,0,0,0,NA,0,0,0,0,0,0,0,0,0,0,0,0,0,0,0,0,0,0,0,0,0,0,0,0,0,0,0,0,0,0,0,0,0,0,0,0,NA,0,0,0,0,0,0,0
"21113.02","Pig meat","IT",0,0,0,0,0,0,0,0,0,0,0,0,0,0,0,0,0,0,0,0,0,0,0,0,0,0,0,0,0,NA,0,0,0,0,0,0,0,0,0,0,0,0,0,0,0,0,0,0,0,0,0,0,0,0,0,0,0,0,0,0,0,0,0,0,0,0,NA,0,0,0,0,0,0,0
"21113.02","Pig meat","NL",0,0,0,0,0,0,0,0,0,0,0,0,0,0,0,0,0,0,0,0,0,0,0,0,0,0,0,0,0,NA,0,0,0,0,0,0,0,0,0,0,0,0,0,0,0,0,0,0,0,0,0,0,0,0,0,0,0,0,0,0,0,0,0,0,0,0,NA,0,0,0,0,0,0,0
"21113.02","Pig meat","PL",0,0,0,0,0,0,0,0,0,0,0,0,0,0,0,0,0,0,0,0,0,0,0,0,0,0,0,0,0,NA,0,0,0,0,0,0,0,0,0,0,0,0,0,0,0,0,0,0,0,0,0,0,0,0,0,0,0,0,0,0,0,0,0,0,0,0,NA,0,0,0,0,0,0,0
"21113.02","Pig meat","SE",0,0,0,0,0,0,0,0,0,0,0,0,0,0,0,0,0,0,0,0,0,0,0,0,0,0,0,0,0,NA,0,0,0,0,0,0,0,0,0,0,0,0,0,0,0,0,0,0,0,0,0,0,0,0,0,0,0,0,0,0,0,0,0,0,0,0,NA,0,0,0,0,0,0,0
"21114","Rabbit meat","DE",0,0,0,0,0,0,0,0,0,0,0,0,0,0,0,0,0,0,0,0,0,0,0,0,0,0,0,0,0,NA,0,0,0,0,0,0,0,0,0,0,0,0,0,0,0,0,0,0,0,0,0,0,0,0,0,0,0,0,0,0,0,0,0,0,0,0,NA,0,0,0,0,0,0,0
"21114","Rabbit meat","ES",0,0,0,0,0,0,0,0,0,0,0,0,0,0,0,0,0,0,0,0,0,0,0,0,0,0,0,0,0,NA,0,0,0,0,0,0,0,0,0,0,0,0,0,0,0,0,0,0,0,0,0,0,0,0,0,0,0,0,0,0,0,0,0,0,0,0,NA,0,0,0,0,0,0,0
"21114","Rabbit meat","FR",0,0,0,0,0,0,0,0,0,0,0,0,0,0,0,0,0,0,0,0,0,0,0,0,0,0,0,0,0,NA,0,0,0,0,0,0,0,0,0,0,0,0,0,0,0,0,0,0,0,0,0,0,0,0,0,0,0,0,0,0,0,0,0,0,0,0,NA,0,0,0,0,0,0,0
"21114","Rabbit meat","GR",0,0,0,0,0,0,0,0,0,0,0,0,0,0,0,0,0,0,0,0,0,0,0,0,0,0,0,0,0,NA,0,0,0,0,0,0,0,0,0,0,0,0,0,0,0,0,0,0,0,0,0,0,0,0,0,0,0,0,0,0,0,0,0,0,0,0,NA,0,0,0,0,0,0,0
"21114","Rabbit meat","HU",0,0,0,0,0,0,0,0,0,0,0,0,0,0,0,0,0,0,0,0,0,0,0,0,0,0,0,0,0,NA,0,0,0,0,0,0,0,0,0,0,0,0,0,0,0,0,0,0,0,0,0,0,0,0,0,0,0,0,0,0,0,0,0,0,0,0,NA,0,0,0,0,0,0,0
"21114","Rabbit meat","IT",0,0,0,0,0,0,0,0,0,0,0,0,0,0,0,0,0,0,0,0,0,0,0,0,0,0,0,0,0,NA,0,0,0,0,0,0,0,0,0,0,0,0,0,0,0,0,0,0,0,0,0,0,0,0,0,0,0,0,0,0,0,0,0,0,0,0,NA,0,0,0,0,0,0,0
"21114","Rabbit meat","NL",0,0,0,0,0,0,0,0,0,0,0,0,0,0,0,0,0,0,0,0,0,0,0,0,0,0,0,0,0,NA,0,0,0,0,0,0,0,0,0,0,0,0,0,0,0,0,0,0,0,0,0,0,0,0,0,0,0,0,0,0,0,0,0,0,0,0,NA,0,0,0,0,0,0,0
"21114","Rabbit meat","PL",0,0,0,0,0,0,0,0,0,0,0,0,0,0,0,0,0,0,0,0,0,0,0,0,0,0,0,0,0,NA,0,0,0,0,0,0,0,0,0,0,0,0,0,0,0,0,0,0,0,0,0,0,0,0,0,0,0,0,0,0,0,0,0,0,0,0,NA,0,0,0,0,0,0,0
"21114","Rabbit meat","SE",0,0,0,0,0,0,0,0,0,0,0,0,0,0,0,0,0,0,0,0,0,0,0,0,0,0,0,0,0,NA,0,0,0,0,0,0,0,0,0,0,0,0,0,0,0,0,0,0,0,0,0,0,0,0,0,0,0,0,0,0,0,0,0,0,0,0,NA,0,0,0,0,0,0,0
"21115","Sheep muscle","DE",0,0,0,0,0,0,0,0,0,0,0,0,0,0,0,0,0,0,0,0,0,0,0,0,0,0,0,0,0,NA,0,0,0,0,0,0,0,0,0,0,0,0,0,0,0,0,0,0,0,0,0,0,0,0,0,0,0,0,0,0,0,0,0,0,0,0,NA,0,0,0,0,0,0,0
"21115","Sheep muscle","DK",0,0,0,0,0,0,0,0,0,0,0,0,0,0,0,0,0,0,0,0,0,0,0,0,0,0,0,0,0,NA,0,0,0,0,0,0,0,0,0,0,0,0,0,0,0,0,0,0,0,0,0,0,0,0,0,0,0,0,0,0,0,0,0,0,0,0,NA,0,0,0,0,0,0,0
"21115","Sheep muscle","ES",0,0,0,0,0,0,0,0,0,0,0,0,0,0,0,0,0,0,0,0,0,0,0,0,0,0,0,0,0,NA,0,0,0,0,0,0,0,0,0,0,0,0,0,0,0,0,0,0,0,0,0,0,0,0,0,0,0,0,0,0,0,0,0,0,0,0,NA,0,0,0,0,0,0,0
"21115","Sheep muscle","FR",0,0,0,0,0,0,0,0,0,0,0,0,0,0,0,0,0,0,0,0,0,0,0,0,0,0,0,0,0,NA,0,0,0,0,0,0,0,0,0,0,0,0,0,0,0,0,0,0,0,0,0,0,0,0,0,0,0,0,0,0,0,0,0,0,0,0,NA,0,0,0,0,0,0,0
"21115","Sheep muscle","GB",0,0,0,0,0,0,0,0,0,0,0,0,0,0,0,0,0,0,0,0,0,0,0,0,0,0,0,0,0,NA,0,0,0,0,0,0,0,0,0,0,0,0,0,0,0,0,0,0,0,0,0,0,0,0,0,0,0,0,0,0,0,0,0,0,0,0,NA,0,0,0,0,0,0,0
"21115","Sheep muscle","GR",0,0,0,0,0,0,0,0,0,0,0,0,0,0,0,0,0,0,0,0,0,0,0,0,0,0,0,0,0,NA,0,0,0,0,0,0,0,0,0,0,0,0,0,0,0,0,0,0,0,0,0,0,0,0,0,0,0,0,0,0,0,0,0,0,0,0,NA,0,0,0,0,0,0,0
"21115","Sheep muscle","HU",0,0,0,0,0,0,0,0,0,0,0,0,0,0,0,0,0,0,0,0,0,0,0,0,0,0,0,0,0,NA,0,0,0,0,0,0,0,0,0,0,0,0,0,0,0,0,0,0,0,0,0,0,0,0,0,0,0,0,0,0,0,0,0,0,0,0,NA,0,0,0,0,0,0,0
"21115","Sheep muscle","IE",0,0,0,0,0,0,0,0,0,0,0,0,0,0,0,0,0,0,0,0,0,0,0,0,0,0,0,0,0,NA,0,0,0,0,0,0,0,0,0,0,0,0,0,0,0,0,0,0,0,0,0,0,0,0,0,0,0,0,0,0,0,0,0,0,0,0,NA,0,0,0,0,0,0,0
"21115","Sheep muscle","IT",0,0,0,0,0,0,0,0,0,0,0,0,0,0,0,0,0,0,0,0,0,0,0,0,0,0,0,0,0,NA,0,0,0,0,0,0,0,0,0,0,0,0,0,0,0,0,0,0,0,0,0,0,0,0,0,0,0,0,0,0,0,0,0,0,0,0,NA,0,0,0,0,0,0,0
"21115","Sheep muscle","NL",0,0,0,0,0,0,0,0,0,0,0,0,0,0,0,0,0,0,0,0,0,0,0,0,0,0,0,0,0,NA,0,0,0,0,0,0,0,0,0,0,0,0,0,0,0,0,0,0,0,0,0,0,0,0,0,0,0,0,0,0,0,0,0,0,0,0,NA,0,0,0,0,0,0,0
"21115","Sheep muscle","NZ",0,0,0,0,0,NA,NA,0,0,NA,0,0,0,0,0,0,0,0,0,NA,0,0,0,0,0,NA,0,0,0,NA,0,0,0,0,0,0,0,0,0,0,0,0,NA,0,0,0,0,0,0,0,0,0,0,0,0,0,0,0,0,0,0,0,0,0,0,0,NA,0,0,0,0,0,0,0
"21115","Sheep muscle","PL",0,0,0,0,0,0,0,0,0,0,0,0,0,0,0,0,0,0,0,0,0,0,0,0,0,0,0,0,0,NA,0,0,0,0,0,0,0,0,0,0,0,0,0,0,0,0,0,0,0,0,0,0,0,0,0,0,0,0,0,0,0,0,0,0,0,0,NA,0,0,0,0,0,0,0
"21115","Sheep muscle","SE",0,0,0,0,0,0,0,0,0,0,0,-0,0,0,0,0,0,0,0,0,0,0,0,0,0,0,0,0,0,NA,0,0,0,0,0,0,0,0,0,0,0,0,0,0,0,0,0,0,0,0,0,0,0,0,0,0,0,0,0,0,0,0,0,0,0,0,NA,0,0,0,0,0,0,0
"21116","Meat of goat, fresh or chilled","DE",0,0,0,0,0,0,0,0,0,0,0,0,0,0,0,0,0,0,0,0,0,0,0,0,0,0,0,0,0,NA,0,0,0,0,0,0,0,0,0,0,0,0,0,0,0,0,0,0,0,0,0,0,0,0,0,0,0,0,0,0,0,0,0,0,0,0,NA,0,0,0,0,0,0,0
"21116","Meat of goat, fresh or chilled","DK",0,0,0,0,0,0,0,0,0,0,0,0,0,0,0,0,0,0,0,0,0,0,0,0,0,0,0,0,0,NA,0,0,0,0,0,0,0,0,0,0,0,0,0,0,0,0,0,0,0,0,0,0,0,0,0,0,0,0,0,0,0,0,0,0,0,0,NA,0,0,0,0,0,0,0
"21116","Meat of goat, fresh or chilled","ES",0,0,0,0,0,0,0,0,0,0,0,0,0,0,0,0,0,0,0,0,0,0,0,0,0,0,0,0,0,NA,0,0,0,0,0,0,0,0,0,0,0,0,0,0,0,0,0,0,0,0,0,0,0,0,0,0,0,0,0,0,0,0,0,0,0,0,NA,0,0,0,0,0,0,0
"21116","Meat of goat, fresh or chilled","FR",0,0,0,0,0,0,0,0,0,0,0,0,0,0,0,0,0,0,0,0,0,0,0,0,0,0,0,0,0,NA,0,0,0,0,0,0,0,0,0,0,0,0,0,0,0,0,0,0,0,0,0,0,0,0,0,0,0,0,0,0,0,0,0,0,0,0,NA,0,0,0,0,0,0,0
"21116","Meat of goat, fresh or chilled","GB",0,0,0,0,0,0,0,0,0,0,0,0,0,0,0,0,0,0,0,0,0,0,0,0,0,0,0,0,0,NA,0,0,0,0,0,0,0,0,0,0,0,0,0,0,0,0,0,0,0,0,0,0,0,0,0,0,0,0,0,0,0,0,0,0,0,0,NA,0,0,0,0,0,0,0
"21116","Meat of goat, fresh or chilled","GR",0,0,0,0,0,0,0,0,0,0,0,0,0,0,0,0,0,0,0,0,0,0,0,0,0,0,0,0,0,NA,0,0,0,0,0,0,0,0,0,0,0,0,0,0,0,0,0,0,0,0,0,0,0,0,0,0,0,0,0,0,0,0,0,0,0,0,NA,0,0,0,0,0,0,0
"21116","Meat of goat, fresh or chilled","HU",0,0,0,0,0,0,0,0,0,0,0,0,0,0,0,0,0,0,0,0,0,0,0,0,0,0,0,0,0,NA,0,0,0,0,0,0,0,0,0,0,0,0,0,0,0,0,0,0,0,0,0,0,0,0,0,0,0,0,0,0,0,0,0,0,0,0,NA,0,0,0,0,0,0,0
"21116","Meat of goat, fresh or chilled","IE",0,0,0,0,0,0,0,0,0,0,0,0,0,0,0,0,0,0,0,0,0,0,0,0,0,0,0,0,0,NA,0,0,0,0,0,0,0,0,0,0,0,0,0,0,0,0,0,0,0,0,0,0,0,0,0,0,0,0,0,0,0,0,0,0,0,0,NA,0,0,0,0,0,0,0
"21116","Meat of goat, fresh or chilled","IT",0,0,0,0,0,0,0,0,0,0,0,0,0,0,0,0,0,0,0,0,0,0,0,0,0,0,0,0,0,NA,0,0,0,0,0,0,0,0,0,0,0,0,0,0,0,0,0,0,0,0,0,0,0,0,0,0,0,0,0,0,0,0,0,0,0,0,NA,0,0,0,0,0,0,0
"21116","Meat of goat, fresh or chilled","NL",0,0,0,0,0,0,0,0,0,0,0,0,0,0,0,0,0,0,0,0,0,0,0,0,0,0,0,0,0,NA,0,0,0,0,0,0,0,0,0,0,0,0,0,0,0,0,0,0,0,0,0,0,0,0,0,0,0,0,0,0,0,0,0,0,0,0,NA,0,0,0,0,0,0,0
"21116","Goat muscle","NZ",0,0,0,0,0,NA,NA,0,0,NA,0,0,0,0,0,0,0,0,0,NA,0,0,0,0,0,NA,0,0,0,NA,0,0,0,0,0,0,0,0,0,0,0,0,NA,0,0,0,0,0,0,0,0,0,0,0,0,0,0,0,0,0,0,0,0,0,0,0,NA,0,0,0,0,0,0,0
"21116","Meat of goat, fresh or chilled","PL",0,0,0,0,0,0,0,0,0,0,0,0,0,0,0,0,0,0,0,0,0,0,0,0,0,0,0,0,0,NA,0,0,0,0,0,0,0,0,0,0,0,0,0,0,0,0,0,0,0,0,0,0,0,0,0,0,0,0,0,0,0,0,0,0,0,0,NA,0,0,0,0,0,0,0
"21116","Meat of goat, fresh or chilled","SE",0,0,0,0,0,0,0,0,0,0,0,-0,0,0,0,0,0,0,0,0,0,0,0,0,0,0,0,0,0,NA,0,0,0,0,0,0,0,0,0,0,0,0,0,0,0,0,0,0,0,0,0,0,0,0,0,0,0,0,0,0,0,0,0,0,0,0,NA,0,0,0,0,0,0,0
"21118.01","Horse meat, fresh or chilled","DE",0,0,0,0,0,0,0,0,0,0,0,0,0,0,0,0,0,0,0,0,0,0,0,0,0,0,0,0,0,NA,0,0,0,0,0,0,0,0,0,0,0,0,0,0,0,0,0,0,0,0,0,0,0,0,0,0,0,0,0,0,0,0,0,0,0,0,NA,0,0,0,0,0,0,0
"21118.01","Horse meat, fresh or chilled","DK",0,0,0,0,0,0,0,0,0,0,0,0,0,0,0,0,0,0,0,0,0,0,0,0,0,0,0,0,0,NA,0,0,0,0,0,0,0,0,0,0,0,0,0,0,0,0,0,0,0,0,0,0,0,0,0,0,0,0,0,0,0,0,0,0,0,0,NA,0,0,0,0,0,0,0
"21118.01","Horse meat, fresh or chilled","ES",0,0,0,0,0,0,0,0,0,0,0,0,0,0,0,0,0,0,0,0,0,0,0,0,0,0,0,0,0,NA,0,0,0,0,0,0,0,0,0,0,0,0,0,0,0,0,0,0,0,0,0,0,0,0,0,0,0,0,0,0,0,0,0,0,0,0,NA,0,0,0,0,0,0,0
"21118.01","Horse meat, fresh or chilled","FR",0,0,0,0,0,0,0,0,0,0,0,0,0,0,0,0,0,0,0,0,0,0,0,0,0,0,0,0,0,NA,0,0,0,0,0,0,0,0,0,0,0,0,0,0,0,0,0,0,0,0,0,0,0,0,0,0,0,0,0,0,0,0,0,0,0,0,NA,0,0,0,0,0,0,0
"21118.01","Horse meat, fresh or chilled","GB",0,0,0,0,0,0,0,0,0,0,0,0,0,0,0,0,0,0,0,0,0,0,0,0,0,0,0,0,0,NA,0,0,0,0,0,0,0,0,0,0,0,0,0,0,0,0,0,0,0,0,0,0,0,0,0,0,0,0,0,0,0,0,0,0,0,0,NA,0,0,0,0,0,0,0
"21118.01","Horse meat, fresh or chilled","GR",0,0,0,0,0,0,0,0,0,0,0,0,0,0,0,0,0,0,0,0,0,0,0,0,0,0,0,0,0,NA,0,0,0,0,0,0,0,0,0,0,0,0,0,0,0,0,0,0,0,0,0,0,0,0,0,0,0,0,0,0,0,0,0,0,0,0,NA,0,0,0,0,0,0,0
"21118.01","Horse meat, fresh or chilled","HU",0,0,0,0,0,0,0,0,0,0,0,0,0,0,0,0,0,0,0,0,0,0,0,0,0,0,0,0,0,NA,0,0,0,0,0,0,0,0,0,0,0,0,0,0,0,0,0,0,0,0,0,0,0,0,0,0,0,0,0,0,0,0,0,0,0,0,NA,0,0,0,0,0,0,0
"21118.01","Horse meat, fresh or chilled","IE",0,0,0,0,0,0,0,0,0,0,0,0,0,0,0,0,0,0,0,0,0,0,0,0,0,0,0,0,0,NA,0,0,0,0,0,0,0,0,0,0,0,0,0,0,0,0,0,0,0,0,0,0,0,0,0,0,0,0,0,0,0,0,0,0,0,0,NA,0,0,0,0,0,0,0
"21118.01","Horse meat, fresh or chilled","IT",0,0,0,0,0,0,0,0,0,0,0,0,0,0,0,0,0,0,0,0,0,0,0,0,0,0,0,0,0,NA,0,0,0,0,0,0,0,0,0,0,0,0,0,0,0,0,0,0,0,0,0,0,0,0,0,0,0,0,0,0,0,0,0,0,0,0,NA,0,0,0,0,0,0,0
"21118.01","Horse meat, fresh or chilled","NL",0,0,0,0,0,0,0,0,0,0,0,0,0,0,0,0,0,0,0,0,0,0,0,0,0,0,0,0,0,NA,0,0,0,0,0,0,0,0,0,0,0,0,0,0,0,0,0,0,0,0,0,0,0,0,0,0,0,0,0,0,0,0,0,0,0,0,NA,0,0,0,0,0,0,0
"21118.01","Horse meat, fresh or chilled","PL",0,0,0,0,0,0,0,0,0,0,0,0,0,0,0,0,0,0,0,0,0,0,0,0,0,0,0,0,0,NA,0,0,0,0,0,0,0,0,0,0,0,0,0,0,0,0,0,0,0,0,0,0,0,0,0,0,0,0,0,0,0,0,0,0,0,0,NA,0,0,0,0,0,0,0
"21118.01","Horse meat, fresh or chilled","SE",0,0,0,0,0,0,0,0,0,0,0,-0,0,0,0,0,0,0,0,0,0,0,0,0,0,0,0,0,0,NA,0,0,0,0,0,0,0,0,0,0,0,0,0,0,0,0,0,0,0,0,0,0,0,0,0,0,0,0,0,0,0,0,0,0,0,0,NA,0,0,0,0,0,0,0
"21121","Chicken meat","DE",0,0,0,0,0,0,0,0,0,0,0,0,0,0,0,0,0,0,0,0,NA,0,0,0,0,0,0,0,0,NA,NA,0,0,0,0,0,0,0,0,0,0,0,0,0,0,0,0,0,0,0,0,0,0,0,0,0,0,0,0,0,0,0,0,0,0,0,NA,NA,0,0,0,0,0,0
"21121","Chicken meat","DK",0,0,0,0,0,0,0,0,0,0,0,0,0,0,0,0,0,0,0,0,NA,0,0,0,0,0,0,0,0,NA,NA,0,0,0,0,0,0,0,0,0,0,0,0,0,0,0,0,0,0,0,0,0,0,0,0,0,0,0,0,0,0,0,0,0,0,0,NA,NA,0,0,0,0,0,0
"21121","Chicken meat","ES",0,0,0,0,0,0,0,0,0,0,0,0,0,0,0,0,0,0,0,0,NA,0,0,0,0,0,0,0,0,NA,NA,0,0,0,0,0,0,0,0,0,0,0,0,0,0,0,0,0,0,0,0,0,0,0,0,0,0,0,0,0,0,0,0,0,0,0,NA,NA,0,0,0,0,0,0
"21121","Chicken meat","FR",0,0,0,0,0,0,0,0,0,0,0,0,0,0,0,0,0,0,0,0,NA,0,0,0,0,0,0,0,0,NA,NA,0,0,0,0,0,0,0,0,0,0,0,0,0,0,0,0,0,0,0,0,0,0,0,0,0,0,0,0,0,0,0,0,0,0,0,NA,NA,0,0,0,0,0,0
"21121","Chicken meat","GB",0,0,0,0,0,0,0,0,0,0,0,0,0,0,0,0,0,0,0,0,NA,0,0,0,0,0,0,0,0,NA,NA,0,0,0,0,0,0,0,0,0,0,0,0,0,0,0,0,0,0,0,0,0,0,0,0,0,0,0,0,0,0,0,0,0,0,0,NA,NA,0,0,0,0,0,0
"21121","Chicken meat","GR",0,0,0,0,0,0,0,0,0,0,0,0,0,0,0,0,0,0,0,0,NA,0,0,0,0,0,0,0,0,NA,NA,0,0,0,0,0,0,0,0,0,0,0,0,0,0,0,0,0,0,0,0,0,0,0,0,0,0,0,0,0,0,0,0,0,0,0,NA,NA,0,0,0,0,0,0
"21121","Chicken meat","HU",0,0,0,0,0,0,0,0,0,0,0,0,0,0,0,0,0,0,0,0,NA,0,0,0,0,0,0,0,0,NA,NA,0,0,0,0,0,0,0,0,0,0,0,0,0,0,0,0,0,0,0,0,0,0,0,0,0,0,0,0,0,0,0,0,0,0,0,NA,NA,0,0,0,0,0,0
"21121","Chicken meat","IE",0,0,0,0,0,0,0,0,0,0,0,0,0,0,0,0,0,0,0,0,NA,0,0,0,0,0,0,0,0,NA,NA,0,0,0,0,0,0,0,0,0,0,0,0,0,0,0,0,0,0,0,0,0,0,0,0,0,0,0,0,0,0,0,0,0,0,0,NA,NA,0,0,0,0,0,0
"21121","Chicken meat","IT",0,0,0,0,0,0,0,0,0,0,0,0,0,0,0,0,0,0,0,0,NA,0,0,0,0,0,0,0,0,NA,NA,0,0,0,0,0,0,0,0,0,0,0,0,0,0,0,0,0,0,0,0,0,0,0,0,0,0,0,0,0,0,0,0,0,0,0,NA,NA,0,0,0,0,0,0
"21121","Chicken meat","NL",0,0,0,0,0,0,0,0,0,0,0,0,0,0,0,0,0,0,0,0,NA,0,0,0,0,0,0,0,0,NA,NA,0,0,0,0,0,0,0,0,0,0,0,0,0,0,0,0,0,0,0,0,0,0,0,0,0,0,0,0,0,0,0,0,0,0,0,NA,NA,0,0,0,0,0,0
"21121","Chicken meat","PL",0,0,0,0,0,0,0,0,0,0,0,0,0,0,0,0,0,0,0,0,NA,0,0,0,0,0,0,0,0,NA,NA,0,0,0,0,0,0,0,0,0,0,0,0,0,0,0,0,0,0,0,0,0,0,0,0,0,0,0,0,0,0,0,0,0,0,0,NA,NA,0,0,0,0,0,0
"21121","Chicken meat","SE",0,0,0,0,0,0,0,0,0,0,0,0,0,0,0,0,0,0,0,0,NA,0,0,0,0,0,0,0,0,NA,NA,0,0,0,0,0,0,0,0,0,0,0,0,0,0,0,0,0,0,0,0,0,0,0,0,0,0,0,0,0,0,0,0,0,0,0,NA,NA,0,0,0,0,0,0
"21122","Duck fresh meat","DE",0,0,0,0,0,0,0,0,0,0,0,0,0,0,0,0,0,0,0,0,NA,0,0,0,0,0,0,0,0,NA,NA,0,0,0,0,0,0,0,0,0,0,0,0,0,0,0,0,0,0,0,0,0,0,0,0,0,0,0,0,0,0,0,0,0,0,0,NA,NA,0,0,0,0,0,0
"21122","Duck fresh meat","DK",0,0,0,0,0,0,0,0,0,0,0,0,0,0,0,0,0,0,0,0,NA,0,0,0,0,0,0,0,0,NA,NA,0,0,0,0,0,0,0,0,0,0,0,0,0,0,0,0,0,0,0,0,0,0,0,0,0,0,0,0,0,0,0,0,0,0,0,NA,NA,0,0,0,0,0,0
"21122","Duck fresh meat","ES",0,0,0,0,0,0,0,0,0,0,0,0,0,0,0,0,0,0,0,0,NA,0,0,0,0,0,0,0,0,NA,NA,0,0,0,0,0,0,0,0,0,0,0,0,0,0,0,0,0,0,0,0,0,0,0,0,0,0,0,0,0,0,0,0,0,0,0,NA,NA,0,0,0,0,0,0
"21122","Duck fresh meat","FR",0,0,0,0,0,0,0,0,0,0,0,0,0,0,0,0,0,0,0,0,NA,0,0,0,0,0,0,0,0,NA,NA,0,0,0,0,0,0,0,0,0,0,0,0,0,0,0,0,0,0,0,0,0,0,0,0,0,0,0,0,0,0,0,0,0,0,0,NA,NA,0,0,0,0,0,0
"21122","Duck fresh meat","GB",0,0,0,0,0,0,0,0,0,0,0,0,0,0,0,0,0,0,0,0,NA,0,0,0,0,0,0,0,0,NA,NA,0,0,0,0,0,0,0,0,0,0,0,0,0,0,0,0,0,0,0,0,0,0,0,0,0,0,0,0,0,0,0,0,0,0,0,NA,NA,0,0,0,0,0,0
"21122","Duck fresh meat","GR",0,0,0,0,0,0,0,0,0,0,0,0,0,0,0,0,0,0,0,0,NA,0,0,0,0,0,0,0,0,NA,NA,0,0,0,0,0,0,0,0,0,0,0,0,0,0,0,0,0,0,0,0,0,0,0,0,0,0,0,0,0,0,0,0,0,0,0,NA,NA,0,0,0,0,0,0
"21122","Duck fresh meat","HU",0,0,0,0,0,0,0,0,0,0,0,0,0,0,0,0,0,0,0,0,NA,0,0,0,0,0,0,0,0,NA,NA,0,0,0,0,0,0,0,0,0,0,0,0,0,0,0,0,0,0,0,0,0,0,0,0,0,0,0,0,0,0,0,0,0,0,0,NA,NA,0,0,0,0,0,0
"21122","Duck fresh meat","IE",0,0,0,0,0,0,0,0,0,0,0,0,0,0,0,0,0,0,0,0,NA,0,0,0,0,0,0,0,0,NA,NA,0,0,0,0,0,0,0,0,0,0,0,0,0,0,0,0,0,0,0,0,0,0,0,0,0,0,0,0,0,0,0,0,0,0,0,NA,NA,0,0,0,0,0,0
"21122","Duck fresh meat","IT",0,0,0,0,0,0,0,0,0,0,0,0,0,0,0,0,0,0,0,0,NA,0,0,0,0,0,0,0,0,NA,NA,0,0,0,0,0,0,0,0,0,0,0,0,0,0,0,0,0,0,0,0,0,0,0,0,0,0,0,0,0,0,0,0,0,0,0,NA,NA,0,0,0,0,0,0
"21122","Duck fresh meat","NL",0,0,0,0,0,0,0,0,0,0,0,0,0,0,0,0,0,0,0,0,NA,0,0,0,0,0,0,0,0,NA,NA,0,0,0,0,0,0,0,0,0,0,0,0,0,0,0,0,0,0,0,0,0,0,0,0,0,0,0,0,0,0,0,0,0,0,0,NA,NA,0,0,0,0,0,0
"21122","Duck fresh meat","PL",0,0,0,0,0,0,0,0,0,0,0,0,0,0,0,0,0,0,0,0,NA,0,0,0,0,0,0,0,0,NA,NA,0,0,0,0,0,0,0,0,0,0,0,0,0,0,0,0,0,0,0,0,0,0,0,0,0,0,0,0,0,0,0,0,0,0,0,NA,NA,0,0,0,0,0,0
"21122","Duck fresh meat","SE",0,0,0,0,0,0,0,0,0,0,0,0,0,0,0,0,0,0,0,0,NA,0,0,0,0,0,0,0,0,NA,NA,0,0,0,0,0,0,0,0,0,0,0,0,0,0,0,0,0,0,0,0,0,0,0,0,0,0,0,0,0,0,0,0,0,0,0,NA,NA,0,0,0,0,0,0
"21123","Goose fresh meat","DE",0,0,0,0,0,0,0,0,0,0,0,0,0,0,0,0,0,0,0,0,NA,0,0,0,0,0,0,0,0,NA,NA,0,0,0,0,0,0,0,0,0,0,0,0,0,0,0,0,0,0,0,0,0,0,0,0,0,0,0,0,0,0,0,0,0,0,0,NA,NA,0,0,0,0,0,0
"21123","Goose fresh meat","DK",0,0,0,0,0,0,0,0,0,0,0,0,0,0,0,0,0,0,0,0,NA,0,0,0,0,0,0,0,0,NA,NA,0,0,0,0,0,0,0,0,0,0,0,0,0,0,0,0,0,0,0,0,0,0,0,0,0,0,0,0,0,0,0,0,0,0,0,NA,NA,0,0,0,0,0,0
"21123","Goose fresh meat","ES",0,0,0,0,0,0,0,0,0,0,0,0,0,0,0,0,0,0,0,0,NA,0,0,0,0,0,0,0,0,NA,NA,0,0,0,0,0,0,0,0,0,0,0,0,0,0,0,0,0,0,0,0,0,0,0,0,0,0,0,0,0,0,0,0,0,0,0,NA,NA,0,0,0,0,0,0
"21123","Goose fresh meat","FR",0,0,0,0,0,0,0,0,0,0,0,0,0,0,0,0,0,0,0,0,NA,0,0,0,0,0,0,0,0,NA,NA,0,0,0,0,0,0,0,0,0,0,0,0,0,0,0,0,0,0,0,0,0,0,0,0,0,0,0,0,0,0,0,0,0,0,0,NA,NA,0,0,0,0,0,0
"21123","Goose fresh meat","GB",0,0,0,0,0,0,0,0,0,0,0,0,0,0,0,0,0,0,0,0,NA,0,0,0,0,0,0,0,0,NA,NA,0,0,0,0,0,0,0,0,0,0,0,0,0,0,0,0,0,0,0,0,0,0,0,0,0,0,0,0,0,0,0,0,0,0,0,NA,NA,0,0,0,0,0,0
"21123","Goose fresh meat","GR",0,0,0,0,0,0,0,0,0,0,0,0,0,0,0,0,0,0,0,0,NA,0,0,0,0,0,0,0,0,NA,NA,0,0,0,0,0,0,0,0,0,0,0,0,0,0,0,0,0,0,0,0,0,0,0,0,0,0,0,0,0,0,0,0,0,0,0,NA,NA,0,0,0,0,0,0
"21123","Goose fresh meat","HU",0,0,0,0,0,0,0,0,0,0,0,0,0,0,0,0,0,0,0,0,NA,0,0,0,0,0,0,0,0,NA,NA,0,0,0,0,0,0,0,0,0,0,0,0,0,0,0,0,0,0,0,0,0,0,0,0,0,0,0,0,0,0,0,0,0,0,0,NA,NA,0,0,0,0,0,0
"21123","Goose fresh meat","IE",0,0,0,0,0,0,0,0,0,0,0,0,0,0,0,0,0,0,0,0,NA,0,0,0,0,0,0,0,0,NA,NA,0,0,0,0,0,0,0,0,0,0,0,0,0,0,0,0,0,0,0,0,0,0,0,0,0,0,0,0,0,0,0,0,0,0,0,NA,NA,0,0,0,0,0,0
"21123","Goose fresh meat","IT",0,0,0,0,0,0,0,0,0,0,0,0,0,0,0,0,0,0,0,0,NA,0,0,0,0,0,0,0,0,NA,NA,0,0,0,0,0,0,0,0,0,0,0,0,0,0,0,0,0,0,0,0,0,0,0,0,0,0,0,0,0,0,0,0,0,0,0,NA,NA,0,0,0,0,0,0
"21123","Goose fresh meat","NL",0,0,0,0,0,0,0,0,0,0,0,0,0,0,0,0,0,0,0,0,NA,0,0,0,0,0,0,0,0,NA,NA,0,0,0,0,0,0,0,0,0,0,0,0,0,0,0,0,0,0,0,0,0,0,0,0,0,0,0,0,0,0,0,0,0,0,0,NA,NA,0,0,0,0,0,0
"21123","Goose fresh meat","PL",0,0,0,0,0,0,0,0,0,0,0,0,0,0,0,0,0,0,0,0,NA,0,0,0,0,0,0,0,0,NA,NA,0,0,0,0,0,0,0,0,0,0,0,0,0,0,0,0,0,0,0,0,0,0,0,0,0,0,0,0,0,0,0,0,0,0,0,NA,NA,0,0,0,0,0,0
"21123","Goose fresh meat","SE",0,0,0,0,0,0,0,0,0,0,0,0,0,0,0,0,0,0,0,0,NA,0,0,0,0,0,0,0,0,NA,NA,0,0,0,0,0,0,0,0,0,0,0,0,0,0,0,0,0,0,0,0,0,0,0,0,0,0,0,0,0,0,0,0,0,0,0,NA,NA,0,0,0,0,0,0
"21124","Turkey fresh meat","DE",0,0,0,0,0,0,0,0,0,0,0,0,0,0,0,0,0,0,0,0,NA,0,0,0,0,0,0,0,0,NA,NA,0,0,0,0,0,0,0,0,0,0,0,0,0,0,0,0,0,0,0,0,0,0,0,0,0,0,0,0,0,0,0,0,0,0,0,NA,NA,0,0,0,0,0,0
"21124","Turkey fresh meat","DK",0,0,0,0,0,0,0,0,0,0,0,0,0,0,0,0,0,0,0,0,NA,0,0,0,0,0,0,0,0,NA,NA,0,0,0,0,0,0,0,0,0,0,0,0,0,0,0,0,0,0,0,0,0,0,0,0,0,0,0,0,0,0,0,0,0,0,0,NA,NA,0,0,0,0,0,0
"21124","Turkey fresh meat","ES",0,0,0,0,0,0,0,0,0,0,0,0,0,0,0,0,0,0,0,0,NA,0,0,0,0,0,0,0,0,NA,NA,0,0,0,0,0,0,0,0,0,0,0,0,0,0,0,0,0,0,0,0,0,0,0,0,0,0,0,0,0,0,0,0,0,0,0,NA,NA,0,0,0,0,0,0
"21124","Turkey fresh meat","FR",0,0,0,0,0,0,0,0,0,0,0,0,0,0,0,0,0,0,0,0,NA,0,0,0,0,0,0,0,0,NA,NA,0,0,0,0,0,0,0,0,0,0,0,0,0,0,0,0,0,0,0,0,0,0,0,0,0,0,0,0,0,0,0,0,0,0,0,NA,NA,0,0,0,0,0,0
"21124","Turkey fresh meat","GB",0,0,0,0,0,0,0,0,0,0,0,0,0,0,0,0,0,0,0,0,NA,0,0,0,0,0,0,0,0,NA,NA,0,0,0,0,0,0,0,0,0,0,0,0,0,0,0,0,0,0,0,0,0,0,0,0,0,0,0,0,0,0,0,0,0,0,0,NA,NA,0,0,0,0,0,0
"21124","Turkey fresh meat","GR",0,0,0,0,0,0,0,0,0,0,0,0,0,0,0,0,0,0,0,0,NA,0,0,0,0,0,0,0,0,NA,NA,0,0,0,0,0,0,0,0,0,0,0,0,0,0,0,0,0,0,0,0,0,0,0,0,0,0,0,0,0,0,0,0,0,0,0,NA,NA,0,0,0,0,0,0
"21124","Turkey fresh meat","HU",0,0,0,0,0,0,0,0,0,0,0,0,0,0,0,0,0,0,0,0,NA,0,0,0,0,0,0,0,0,NA,NA,0,0,0,0,0,0,0,0,0,0,0,0,0,0,0,0,0,0,0,0,0,0,0,0,0,0,0,0,0,0,0,0,0,0,0,NA,NA,0,0,0,0,0,0
"21124","Turkey fresh meat","IE",0,0,0,0,0,0,0,0,0,0,0,0,0,0,0,0,0,0,0,0,NA,0,0,0,0,0,0,0,0,NA,NA,0,0,0,0,0,0,0,0,0,0,0,0,0,0,0,0,0,0,0,0,0,0,0,0,0,0,0,0,0,0,0,0,0,0,0,NA,NA,0,0,0,0,0,0
"21124","Turkey fresh meat","IT",0,0,0,0,0,0,0,0,0,0,0,0,0,0,0,0,0,0,0,0,NA,0,0,0,0,0,0,0,0,NA,NA,0,0,0,0,0,0,0,0,0,0,0,0,0,0,0,0,0,0,0,0,0,0,0,0,0,0,0,0,0,0,0,0,0,0,0,NA,NA,0,0,0,0,0,0
"21124","Turkey fresh meat","NL",0,0,0,0,0,0,0,0,0,0,0,0,0,0,0,0,0,0,0,0,NA,0,0,0,0,0,0,0,0,NA,NA,0,0,0,0,0,0,0,0,0,0,0,0,0,0,0,0,0,0,0,0,0,0,0,0,0,0,0,0,0,0,0,0,0,0,0,NA,NA,0,0,0,0,0,0
"21124","Turkey fresh meat","PL",0,0,0,0,0,0,0,0,0,0,0,0,0,0,0,0,0,0,0,0,NA,0,0,0,0,0,0,0,0,NA,NA,0,0,0,0,0,0,0,0,0,0,0,0,0,0,0,0,0,0,0,0,0,0,0,0,0,0,0,0,0,0,0,0,0,0,0,NA,NA,0,0,0,0,0,0
"21124","Turkey fresh meat","SE",0,0,0,0,0,0,0,0,0,0,0,0,0,0,0,0,0,0,0,0,NA,0,0,0,0,0,0,0,0,NA,NA,0,0,0,0,0,0,0,0,0,0,0,0,0,0,0,0,0,0,0,0,0,0,0,0,0,0,0,0,0,0,0,0,0,0,0,NA,NA,0,0,0,0,0,0
"21170.01","Pigeon fresh meat","DE",0,0,0,0,0,0,0,0,0,0,0,0,0,0,0,0,0,0,0,0,NA,0,0,0,0,0,0,0,0,NA,NA,0,0,0,0,0,0,0,0,0,0,0,0,0,0,0,0,0,0,0,0,0,0,0,0,0,0,0,0,0,0,0,0,0,0,0,NA,NA,0,0,0,0,0,0
"21170.01","Pigeon fresh meat","DK",0,0,0,0,0,0,0,0,0,0,0,0,0,0,0,0,0,0,0,0,NA,0,0,0,0,0,0,0,0,NA,NA,0,0,0,0,0,0,0,0,0,0,0,0,0,0,0,0,0,0,0,0,0,0,0,0,0,0,0,0,0,0,0,0,0,0,0,NA,NA,0,0,0,0,0,0
"21170.01","Pigeon fresh meat","ES",0,0,0,0,0,0,0,0,0,0,0,0,0,0,0,0,0,0,0,0,NA,0,0,0,0,0,0,0,0,NA,NA,0,0,0,0,0,0,0,0,0,0,0,0,0,0,0,0,0,0,0,0,0,0,0,0,0,0,0,0,0,0,0,0,0,0,0,NA,NA,0,0,0,0,0,0
"21170.01","Pigeon fresh meat","FR",0,0,0,0,0,0,0,0,0,0,0,0,0,0,0,0,0,0,0,0,NA,0,0,0,0,0,0,0,0,NA,NA,0,0,0,0,0,0,0,0,0,0,0,0,0,0,0,0,0,0,0,0,0,0,0,0,0,0,0,0,0,0,0,0,0,0,0,NA,NA,0,0,0,0,0,0
"21170.01","Pigeon fresh meat","GB",0,0,0,0,0,0,0,0,0,0,0,0,0,0,0,0,0,0,0,0,NA,0,0,0,0,0,0,0,0,NA,NA,0,0,0,0,0,0,0,0,0,0,0,0,0,0,0,0,0,0,0,0,0,0,0,0,0,0,0,0,0,0,0,0,0,0,0,NA,NA,0,0,0,0,0,0
"21170.01","Pigeon fresh meat","GR",0,0,0,0,0,0,0,0,0,0,0,0,0,0,0,0,0,0,0,0,NA,0,0,0,0,0,0,0,0,NA,NA,0,0,0,0,0,0,0,0,0,0,0,0,0,0,0,0,0,0,0,0,0,0,0,0,0,0,0,0,0,0,0,0,0,0,0,NA,NA,0,0,0,0,0,0
"21170.01","Pigeon fresh meat","HU",0,0,0,0,0,0,0,0,0,0,0,0,0,0,0,0,0,0,0,0,NA,0,0,0,0,0,0,0,0,NA,NA,0,0,0,0,0,0,0,0,0,0,0,0,0,0,0,0,0,0,0,0,0,0,0,0,0,0,0,0,0,0,0,0,0,0,0,NA,NA,0,0,0,0,0,0
"21170.01","Pigeon fresh meat","IE",0,0,0,0,0,0,0,0,0,0,0,0,0,0,0,0,0,0,0,0,NA,0,0,0,0,0,0,0,0,NA,NA,0,0,0,0,0,0,0,0,0,0,0,0,0,0,0,0,0,0,0,0,0,0,0,0,0,0,0,0,0,0,0,0,0,0,0,NA,NA,0,0,0,0,0,0
"21170.01","Pigeon fresh meat","IT",0,0,0,0,0,0,0,0,0,0,0,0,0,0,0,0,0,0,0,0,NA,0,0,0,0,0,0,0,0,NA,NA,0,0,0,0,0,0,0,0,0,0,0,0,0,0,0,0,0,0,0,0,0,0,0,0,0,0,0,0,0,0,0,0,0,0,0,NA,NA,0,0,0,0,0,0
"21170.01","Pigeon fresh meat","NL",0,0,0,0,0,0,0,0,0,0,0,0,0,0,0,0,0,0,0,0,NA,0,0,0,0,0,0,0,0,NA,NA,0,0,0,0,0,0,0,0,0,0,0,0,0,0,0,0,0,0,0,0,0,0,0,0,0,0,0,0,0,0,0,0,0,0,0,NA,NA,0,0,0,0,0,0
"21170.01","Pigeon fresh meat","NZ",0,0,0,0,0,0,0,0,0,0,0,0,0,0,0,0,0,0,0,0,NA,0,0,0,0,0,0,0,0,NA,NA,0,0,0,0,0,0,0,0,0,0,0,0,0,0,0,0,0,0,0,0,0,0,0,0,0,0,0,0,0,0,0,0,0,0,0,NA,NA,0,0,0,0,0,0
"21170.01","Pigeon fresh meat","PL",0,0,0,0,0,0,0,0,0,0,0,0,0,0,0,0,0,0,0,0,NA,0,0,0,0,0,0,0,0,NA,NA,0,0,0,0,0,0,0,0,0,0,0,0,0,0,0,0,0,0,0,0,0,0,0,0,0,0,0,0,0,0,0,0,0,0,0,NA,NA,0,0,0,0,0,0
"21170.01","Pigeon fresh meat","SE",0,0,0,0,0,0,0,0,0,0,0,0,0,0,0,0,0,0,0,0,NA,0,0,0,0,0,0,0,0,NA,NA,0,0,0,0,0,0,0,0,0,0,0,0,0,0,0,0,0,0,0,0,0,0,0,0,0,0,0,0,0,0,0,0,0,0,0,NA,NA,0,0,0,0,0,0
"21170.02","Game meat","CZ",NA,NA,NA,NA,NA,NA,NA,NA,NA,NA,NA,NA,NA,NA,NA,NA,NA,NA,NA,NA,NA,NA,NA,NA,NA,NA,NA,NA,NA,NA,NA,NA,NA,NA,NA,NA,NA,0,0,0,0,0,NA,0,0,0,0,0,0,0,0,0,0,0,0,0,0,0,0,0,0,0,0,0,0,0,0,0,0,0,0,0,0,0
"21170.02","Game meat","DE",NA,NA,NA,NA,NA,NA,NA,NA,NA,NA,NA,NA,NA,NA,NA,NA,NA,NA,NA,NA,NA,NA,NA,NA,NA,NA,NA,NA,NA,NA,NA,NA,NA,NA,NA,NA,NA,0,0,0,0,0,NA,0,0,0,0,0,0,0,0,0,0,0,0,0,0,0,0,0,0,0,0,0,0,0,0,0,0,0,0,0,0,0
"21170.02","Game meat","ES",NA,NA,NA,NA,NA,NA,NA,NA,NA,NA,NA,NA,NA,NA,NA,NA,NA,NA,NA,NA,NA,NA,NA,NA,NA,NA,NA,NA,NA,NA,NA,NA,NA,NA,NA,NA,NA,0,0,0,0,0,NA,0,0,0,0,0,0,0,0,0,0,0,0,0,0,0,0,0,0,0,0,0,0,0,0,0,0,0,0,0,0,0
"21170.02","Game meat","GB",NA,NA,NA,NA,NA,NA,NA,NA,NA,NA,NA,NA,NA,NA,NA,NA,NA,NA,NA,NA,NA,NA,NA,NA,NA,NA,NA,NA,NA,NA,NA,NA,NA,NA,NA,NA,NA,0,0,0,0,0,NA,0,0,0,0,0,0,0,0,0,0,0,0,0,0,0,0,0,0,0,0,0,0,0,0,0,0,0,0,0,0,0
"21170.02","Game meat","NZ",NA,NA,NA,NA,NA,NA,NA,NA,NA,NA,NA,NA,NA,NA,NA,NA,NA,NA,NA,NA,NA,NA,NA,NA,NA,NA,NA,NA,NA,NA,NA,NA,NA,NA,NA,NA,NA,0,0,0,0,0,NA,0,0,0,0,0,0,0,0,0,0,0,0,0,0,0,0,0,0,0,0,0,0,0,0,0,0,0,0,0,0,0
"21170.02","Game meat","PL",NA,NA,NA,NA,NA,NA,NA,NA,NA,NA,NA,NA,NA,NA,NA,NA,NA,NA,NA,NA,NA,NA,NA,NA,NA,NA,NA,NA,NA,NA,NA,NA,NA,NA,NA,NA,NA,0,0,0,0,0,NA,0,0,0,0,0,0,0,0,0,0,0,0,0,0,0,0,0,0,0,0,0,0,0,0,0,0,0,0,0,0,0
"21170.02","Game meat","RoW",NA,NA,NA,NA,NA,NA,NA,NA,NA,NA,NA,NA,NA,NA,NA,NA,NA,NA,NA,NA,NA,NA,NA,NA,NA,NA,NA,NA,NA,NA,NA,NA,NA,NA,NA,NA,NA,0,0,0,0,0,NA,0,0,0,0,0,0,0,0,0,0,0,0,0,0,0,0,0,0,0,0,0,0,0,0,0,0,0,0,0,0,0
"21170.02","Game meat","SE",NA,NA,NA,NA,NA,NA,NA,NA,NA,NA,NA,NA,NA,NA,NA,NA,NA,NA,NA,NA,NA,NA,NA,NA,NA,NA,NA,NA,NA,NA,NA,NA,NA,NA,NA,NA,NA,0,0,0,0,0,NA,0,0,0,0,0,0,0,0,0,0,0,0,0,0,0,0,0,0,0,0,0,0,0,0,0,0,0,0,0,0,0
"BF-01","Herrings","RoW",0,0,NA,NA,NA,NA,NA,NA,NA,NA,NA,NA,NA,0,NA,NA,NA,NA,0,NA,NA,NA,NA,NA,0,NA,NA,NA,NA,NA,NA,NA,NA,NA,NA,NA,NA,0,0,0,0,0,NA,0,0,0,0,0,0,0,0,0,0,0,0,0,0,0,0,0,0,0,0,0,0,0,0,0,0,0,0,0,0,0
"BF-01","Herrings","SE",0,0,NA,NA,NA,NA,NA,NA,NA,NA,NA,NA,NA,0,NA,NA,NA,NA,0,NA,NA,NA,NA,NA,0,NA,NA,NA,NA,NA,NA,NA,NA,NA,NA,NA,NA,0,0,0,0,0,NA,0,0,0,0,0,0,0,0,0,0,0,0,0,0,0,0,0,0,0,0,0,0,0,0,0,0,0,0,0,0,0
"BF-02","Herring roe","RoW",0,0,NA,NA,NA,NA,NA,NA,NA,NA,NA,NA,NA,0,NA,NA,NA,NA,0,NA,NA,NA,NA,NA,0,NA,NA,NA,NA,NA,NA,NA,NA,NA,NA,NA,NA,0,0,0,0,0,NA,0,0,0,0,0,0,0,0,0,0,0,0,0,0,0,0,0,0,0,0,0,0,0,0,0,0,0,0,0,0,0
"BF-03","Sprat","RoW",0,0,NA,NA,NA,NA,NA,NA,NA,NA,NA,NA,NA,0,NA,NA,NA,NA,0,NA,NA,NA,NA,NA,0,NA,NA,NA,NA,NA,NA,NA,NA,NA,NA,NA,NA,0,0,0,0,0,NA,0,0,0,0,0,0,0,0,0,0,0,0,0,0,0,0,0,0,0,0,0,0,0,0,0,0,0,0,0,0,0
"BF-03","Sprat","SE",0,0,NA,NA,NA,NA,NA,NA,NA,NA,NA,NA,NA,0,NA,NA,NA,NA,0,NA,NA,NA,NA,NA,0,NA,NA,NA,NA,NA,NA,NA,NA,NA,NA,NA,NA,0,0,0,0,0,NA,0,0,0,0,0,0,0,0,0,0,0,0,0,0,0,0,0,0,0,0,0,0,0,0,0,0,0,0,0,0,0
"BF-04","European sardine","RoW",0,0,NA,NA,NA,NA,NA,NA,NA,NA,NA,NA,NA,0,NA,NA,NA,NA,0,NA,NA,NA,NA,NA,0,NA,NA,NA,NA,NA,NA,NA,NA,NA,NA,NA,NA,0,0,0,0,0,NA,0,0,0,0,0,0,0,0,0,0,0,0,0,0,0,0,0,0,0,0,0,0,0,0,0,0,0,0,0,0,0
"BF-05","Anchovies","RoW",0,0,NA,NA,NA,NA,NA,NA,NA,NA,NA,NA,NA,0,NA,NA,NA,NA,0,NA,NA,NA,NA,NA,0,NA,NA,NA,NA,NA,NA,NA,NA,NA,NA,NA,NA,0,0,0,0,0,NA,0,0,0,0,0,0,0,0,0,0,0,0,0,0,0,0,0,0,0,0,0,0,0,0,0,0,0,0,0,0,0
"BF-06","Char","RoW",0,0,0,NA,0,0,0,0,0,0,0,0,0,0,0,0,0,0,0,0,NA,NA,0,0,0,0,0,NA,NA,NA,NA,NA,0,NA,0,NA,NA,0,0,0,0,0,0,0,0,0,0,0,0,0,0,0,0,0,0,0,0,0,0,0,0,0,0,0,0,0,0,0,0,0,0,0,0,0
"BF-06","Char","SE",0,0,0,NA,0,0,0,0,0,0,0,0,0,0,0,0,0,0,0,0,NA,NA,0,0,0,0,0,NA,NA,NA,NA,NA,0,NA,0,NA,NA,0,0,0,0,0,0,0,0,0,0,0,0,0,0,0,0,0,0,0,0,0,0,0,0,0,0,0,0,0,0,0,0,0,0,0,0,0
"BF-07","Smelt","RoW",0,0,NA,NA,NA,NA,NA,NA,NA,NA,NA,NA,NA,0,NA,NA,NA,NA,0,NA,NA,NA,NA,NA,0,NA,NA,NA,NA,NA,NA,NA,NA,NA,NA,NA,NA,0,0,0,0,0,NA,0,0,0,0,0,0,0,0,0,0,0,0,0,0,0,0,0,0,0,0,0,0,0,0,0,0,0,0,0,0,0
"BF-08","Whitefishes or coregonus","RoW",0,0,NA,NA,NA,NA,NA,NA,NA,NA,NA,NA,NA,0,NA,NA,NA,NA,0,NA,NA,NA,NA,NA,0,NA,NA,NA,NA,NA,NA,NA,NA,NA,NA,NA,NA,0,0,0,0,0,NA,0,0,0,0,0,0,0,0,0,0,0,0,0,0,0,0,0,0,0,0,0,0,0,0,0,0,0,0,0,0,0
"BF-09","Perch","RoW",0,0,NA,NA,NA,NA,NA,NA,NA,NA,NA,NA,NA,0,NA,NA,NA,NA,0,NA,NA,NA,NA,NA,0,NA,NA,NA,NA,NA,NA,NA,NA,NA,NA,NA,NA,0,0,0,0,0,NA,0,0,0,0,0,0,0,0,0,0,0,0,0,0,0,0,0,0,0,0,0,0,0,0,0,0,0,0,0,0,0
"BF-10","Sea bass","RoW",0,0,NA,NA,NA,NA,NA,NA,NA,NA,NA,NA,NA,0,NA,NA,NA,NA,0,NA,NA,NA,NA,NA,0,NA,NA,NA,NA,NA,NA,NA,NA,NA,NA,NA,NA,0,0,0,0,0,NA,0,0,0,0,0,0,0,0,0,0,0,0,0,0,0,0,0,0,0,0,0,0,0,0,0,0,0,0,0,0,0
"BF-11","Mackerel","RoW",0,0,NA,NA,NA,NA,NA,NA,NA,NA,NA,NA,NA,0,NA,NA,NA,NA,0,NA,NA,NA,NA,NA,0,NA,NA,NA,NA,NA,NA,NA,NA,NA,NA,NA,NA,0,0,0,0,0,NA,0,0,0,0,0,0,0,0,0,0,0,0,0,0,0,0,0,0,0,0,0,0,0,0,0,0,0,0,0,0,0
"BF-11","Mackerel","SE",0,0,NA,NA,NA,NA,NA,NA,NA,NA,NA,NA,NA,0,NA,NA,NA,NA,0,NA,NA,NA,NA,NA,0,NA,NA,NA,NA,NA,NA,NA,NA,NA,NA,NA,NA,0,0,0,0,0,NA,0,0,0,0,0,0,0,0,0,0,0,0,0,0,0,0,0,0,0,0,0,0,0,0,0,0,0,0,0,0,0
"BF-12","Tuna and bonito (generic)","RoW",0,0,NA,NA,NA,NA,NA,NA,NA,NA,NA,NA,NA,0,NA,NA,NA,NA,0,NA,NA,NA,NA,NA,0,NA,NA,NA,NA,NA,NA,NA,NA,NA,NA,NA,NA,0,0,0,0,0,NA,0,0,0,0,0,0,0,0,0,0,0,0,0,0,0,0,0,0,0,0,0,0,0,0,0,0,0,0,0,0,0
"BF-13","Mullets","RoW",0,0,NA,NA,NA,NA,NA,NA,NA,NA,NA,NA,NA,0,NA,NA,NA,NA,0,NA,NA,NA,NA,NA,0,NA,NA,NA,NA,NA,NA,NA,NA,NA,NA,NA,NA,0,0,0,0,0,NA,0,0,0,0,0,0,0,0,0,0,0,0,0,0,0,0,0,0,0,0,0,0,0,0,0,0,0,0,0,0,0
"BF-14","Hakes","RoW",0,0,NA,NA,NA,NA,NA,NA,NA,NA,NA,NA,NA,0,NA,NA,NA,NA,0,NA,NA,NA,NA,NA,0,NA,NA,NA,NA,NA,NA,NA,NA,NA,NA,NA,NA,0,0,0,0,0,NA,0,0,0,0,0,0,0,0,0,0,0,0,0,0,0,0,0,0,0,0,0,0,0,0,0,0,0,0,0,0,0
"BF-15","Flounders","RoW",0,0,NA,NA,NA,NA,NA,NA,NA,NA,NA,NA,NA,0,NA,NA,NA,NA,0,NA,NA,NA,NA,NA,0,NA,NA,NA,NA,NA,NA,NA,NA,NA,NA,NA,NA,0,0,0,0,0,NA,0,0,0,0,0,0,0,0,0,0,0,0,0,0,0,0,0,0,0,0,0,0,0,0,0,0,0,0,0,0,0
"BF-16","Halibut","RoW",0,0,NA,NA,NA,NA,NA,NA,NA,NA,NA,NA,NA,0,NA,NA,NA,NA,0,NA,NA,NA,NA,NA,0,NA,NA,NA,NA,NA,NA,NA,NA,NA,NA,NA,NA,0,0,0,0,0,NA,0,0,0,0,0,0,0,0,0,0,0,0,0,0,0,0,0,0,0,0,0,0,0,0,0,0,0,0,0,0,0
"BF-17","Plaice","RoW",0,0,NA,NA,NA,NA,NA,NA,NA,NA,NA,NA,NA,0,NA,NA,NA,NA,0,NA,NA,NA,NA,NA,0,NA,NA,NA,NA,NA,NA,NA,NA,NA,NA,NA,NA,0,0,0,0,0,NA,0,0,0,0,0,0,0,0,0,0,0,0,0,0,0,0,0,0,0,0,0,0,0,0,0,0,0,0,0,0,0
"BF-18","Sole","RoW",0,0,NA,NA,NA,NA,NA,NA,NA,NA,NA,NA,NA,0,NA,NA,NA,NA,0,NA,NA,NA,NA,NA,0,NA,NA,NA,NA,NA,NA,NA,NA,NA,NA,NA,NA,0,0,0,0,0,NA,0,0,0,0,0,0,0,0,0,0,0,0,0,0,0,0,0,0,0,0,0,0,0,0,0,0,0,0,0,0,0
"BF-19","Carps","RoW",0,0,0,NA,0,0,0,0,0,0,0,0,0,0,0,0,0,0,0,0,NA,NA,0,0,0,0,0,NA,NA,NA,NA,NA,0,NA,0,NA,NA,0,0,0,0,0,0,0,0,0,0,0,0,0,0,0,0,0,0,0,0,0,0,0,0,0,0,0,0,0,0,0,0,0,0,0,0,0
"BF-20","Freshwater bream - Europe","RoW",0,0,NA,NA,NA,NA,NA,NA,NA,NA,NA,NA,NA,0,NA,NA,NA,NA,0,NA,NA,NA,NA,NA,0,NA,NA,NA,NA,NA,NA,NA,NA,NA,NA,NA,NA,0,0,0,0,0,NA,0,0,0,0,0,0,0,0,0,0,0,0,0,0,0,0,0,0,0,0,0,0,0,0,0,0,0,0,0,0,0
"BF-20","Freshwater bream - Europe","SE",0,0,NA,NA,NA,NA,NA,NA,NA,NA,NA,NA,NA,0,NA,NA,NA,NA,0,NA,NA,NA,NA,NA,0,NA,NA,NA,NA,NA,NA,NA,NA,NA,NA,NA,NA,0,0,0,0,0,NA,0,0,0,0,0,0,0,0,0,0,0,0,0,0,0,0,0,0,0,0,0,0,0,0,0,0,0,0,0,0,0
"BF-21","River eels","RoW",0,0,NA,NA,NA,NA,NA,NA,NA,NA,NA,NA,NA,0,NA,NA,NA,NA,0,NA,NA,NA,NA,NA,0,NA,NA,NA,NA,NA,NA,NA,NA,NA,NA,NA,NA,0,0,0,0,0,NA,0,0,0,0,0,0,0,0,0,0,0,0,0,0,0,0,0,0,0,0,0,0,0,0,0,0,0,0,0,0,0
"BF-22","Anglerfish and monkfish","RoW",0,0,NA,NA,NA,NA,NA,NA,NA,NA,NA,NA,NA,0,NA,NA,NA,NA,0,NA,NA,NA,NA,NA,0,NA,NA,NA,NA,NA,NA,NA,NA,NA,NA,NA,NA,0,0,0,0,0,NA,0,0,0,0,0,0,0,0,0,0,0,0,0,0,0,0,0,0,0,0,0,0,0,0,0,0,0,0,0,0,0
"BF-23","Sharks","RoW",0,0,NA,NA,NA,NA,NA,NA,NA,NA,NA,NA,NA,0,NA,NA,NA,NA,0,NA,NA,NA,NA,NA,0,NA,NA,NA,NA,NA,NA,NA,NA,NA,NA,NA,NA,0,0,0,0,0,NA,0,0,0,0,0,0,0,0,0,0,0,0,0,0,0,0,0,0,0,0,0,0,0,0,0,0,0,0,0,0,0
"BF-24","Rays","RoW",0,0,NA,NA,NA,NA,NA,NA,NA,NA,NA,NA,NA,0,NA,NA,NA,NA,0,NA,NA,NA,NA,NA,0,NA,NA,NA,NA,NA,NA,NA,NA,NA,NA,NA,NA,0,0,0,0,0,NA,0,0,0,0,0,0,0,0,0,0,0,0,0,0,0,0,0,0,0,0,0,0,0,0,0,0,0,0,0,0,0
"BF-25","Sturgeon roe","RoW",0,0,NA,NA,NA,NA,NA,NA,NA,NA,NA,NA,NA,0,NA,NA,NA,NA,0,NA,NA,NA,NA,NA,0,NA,NA,NA,NA,NA,NA,NA,NA,NA,NA,NA,NA,0,0,0,0,0,NA,0,0,0,0,0,0,0,0,0,0,0,0,0,0,0,0,0,0,0,0,0,0,0,0,0,0,0,0,0,0,0
"BF-26","Bonito","RoW",0,0,NA,NA,NA,NA,NA,NA,NA,NA,NA,NA,NA,0,NA,NA,NA,NA,0,NA,NA,NA,NA,NA,0,NA,NA,NA,NA,NA,NA,NA,NA,NA,NA,NA,NA,0,0,0,0,0,NA,0,0,0,0,0,0,0,0,0,0,0,0,0,0,0,0,0,0,0,0,0,0,0,0,0,0,0,0,0,0,0
"BF-27","Sardines and sardine-type fishes","RoW",0,0,NA,NA,NA,NA,NA,NA,NA,NA,NA,NA,NA,0,NA,NA,NA,NA,0,NA,NA,NA,NA,NA,0,NA,NA,NA,NA,NA,NA,NA,NA,NA,NA,NA,NA,0,0,0,0,0,NA,0,0,0,0,0,0,0,0,0,0,0,0,0,0,0,0,0,0,0,0,0,0,0,0,0,0,0,0,0,0,0
"BF-28","Swordfish","RoW",0,0,NA,NA,NA,NA,NA,NA,NA,NA,NA,NA,NA,0,NA,NA,NA,NA,0,NA,NA,NA,NA,NA,0,NA,NA,NA,NA,NA,NA,NA,NA,NA,NA,NA,NA,0,0,0,0,0,NA,0,0,0,0,0,0,0,0,0,0,0,0,0,0,0,0,0,0,0,0,0,0,0,0,0,0,0,0,0,0,0
"BF-29","Freshwater crabs","RoW",0,0,NA,NA,NA,NA,NA,NA,NA,NA,NA,NA,NA,0,NA,NA,NA,NA,0,NA,NA,NA,NA,NA,0,NA,NA,NA,NA,NA,NA,NA,NA,NA,NA,NA,NA,0,0,0,0,0,NA,0,0,0,0,0,0,0,0,0,0,0,0,0,0,0,0,0,0,0,0,0,0,0,0,0,0,0,0,0,0,0
"BF-30","Lobsters","RoW",0,0,NA,NA,NA,NA,NA,NA,NA,NA,NA,NA,NA,0,NA,NA,NA,NA,0,NA,NA,NA,NA,NA,0,NA,NA,NA,NA,NA,NA,NA,NA,NA,NA,NA,NA,0,0,0,0,0,NA,0,0,0,0,0,0,0,0,0,0,0,0,0,0,0,0,0,0,0,0,0,0,0,0,0,0,0,0,0,0,0
"BF-31","Lobster, norway","RoW",0,0,NA,NA,NA,NA,NA,NA,NA,NA,NA,NA,NA,0,NA,NA,NA,NA,0,NA,NA,NA,NA,NA,0,NA,NA,NA,NA,NA,NA,NA,NA,NA,NA,NA,NA,0,0,0,0,0,NA,0,0,0,0,0,0,0,0,0,0,0,0,0,0,0,0,0,0,0,0,0,0,0,0,0,0,0,0,0,0,0
"BF-32","Prawn, giant tiger","RoW",0,0,0,NA,0,0,0,0,0,0,0,0,0,0,0,0,0,0,0,0,NA,NA,0,0,0,0,0,NA,NA,NA,NA,NA,0,NA,0,NA,NA,0,0,0,0,0,0,0,0,0,0,0,0,0,0,0,0,0,0,0,0,0,0,0,0,0,0,0,0,0,0,0,0,0,NA,0,0,0
"BF-33","White shrimp","RoW",0,0,0,NA,0,0,0,0,0,0,0,0,0,0,0,0,0,0,0,0,NA,NA,0,0,0,0,0,NA,NA,NA,NA,NA,0,NA,0,NA,NA,0,0,0,0,0,0,0,0,0,0,0,0,0,0,0,0,0,0,0,0,0,0,0,0,0,0,0,0,0,0,0,0,0,NA,0,0,0
"BF-33","White shrimp","SE",0,0,NA,NA,NA,NA,NA,NA,NA,NA,NA,NA,NA,0,NA,NA,NA,NA,0,NA,NA,NA,NA,NA,0,NA,NA,NA,NA,NA,NA,NA,NA,NA,NA,NA,NA,0,0,0,0,0,NA,0,0,0,0,0,0,0,0,0,0,0,0,0,0,0,0,0,0,0,0,0,0,0,0,0,0,0,0,0,0,0
"BF-34","Spiny and rock lobsters","RoW",0,0,NA,NA,NA,NA,NA,NA,NA,NA,NA,NA,NA,0,NA,NA,NA,NA,0,NA,NA,NA,NA,NA,0,NA,NA,NA,NA,NA,NA,NA,NA,NA,NA,NA,NA,0,0,0,0,0,NA,0,0,0,0,0,0,0,0,0,0,0,0,0,0,0,0,0,0,0,0,0,0,0,0,0,0,0,0,0,0,0
"BF-35","Freshwater crayfishes","RoW",0,0,NA,NA,NA,NA,NA,NA,NA,NA,NA,NA,NA,0,NA,NA,NA,NA,0,NA,NA,NA,NA,NA,0,NA,NA,NA,NA,NA,NA,NA,NA,NA,NA,NA,NA,0,0,0,0,0,NA,0,0,0,0,0,0,0,0,0,0,0,0,0,0,0,0,0,0,0,0,0,0,0,0,0,0,0,0,0,0,0
"BF-35","Freshwater crayfishes","SE",0,0,NA,NA,NA,NA,NA,NA,NA,NA,NA,NA,NA,0,NA,NA,NA,NA,0,NA,NA,NA,NA,NA,0,NA,NA,NA,NA,NA,NA,NA,NA,NA,NA,NA,NA,0,0,0,0,0,NA,0,0,0,0,0,0,0,0,0,0,0,0,0,0,0,0,0,0,0,0,0,0,0,0,0,0,0,0,0,0,0
"BF-36","Squids","RoW",0,0,NA,NA,NA,NA,NA,NA,NA,NA,NA,NA,NA,0,NA,NA,NA,NA,0,NA,NA,NA,NA,NA,0,NA,NA,NA,NA,NA,NA,NA,NA,NA,NA,NA,NA,0,0,0,0,0,NA,0,0,0,0,0,0,0,0,0,0,0,0,0,0,0,0,0,0,0,0,0,0,0,0,0,0,0,0,0,0,0
"BF-37","Octopuses","RoW",0,0,NA,NA,NA,NA,NA,NA,NA,NA,NA,NA,NA,0,NA,NA,NA,NA,0,NA,NA,NA,NA,NA,0,NA,NA,NA,NA,NA,NA,NA,NA,NA,NA,NA,NA,0,0,0,0,0,NA,0,0,0,0,0,0,0,0,0,0,0,0,0,0,0,0,0,0,0,0,0,0,0,0,0,0,0,0,0,0,0
"BF-38","Cuttlefishes","RoW",0,0,NA,NA,NA,NA,NA,NA,NA,NA,NA,NA,NA,0,NA,NA,NA,NA,0,NA,NA,NA,NA,NA,0,NA,NA,NA,NA,NA,NA,NA,NA,NA,NA,NA,NA,0,0,0,0,0,NA,0,0,0,0,0,0,0,0,0,0,0,0,0,0,0,0,0,0,0,0,0,0,0,0,0,0,0,0,0,0,0
"BF-39","Clams","RoW",0,0,NA,NA,NA,NA,NA,NA,NA,NA,NA,NA,NA,0,NA,NA,NA,NA,0,NA,NA,NA,NA,NA,0,NA,NA,NA,NA,NA,NA,NA,NA,NA,NA,NA,NA,0,0,0,0,0,NA,0,0,0,0,0,0,0,0,0,0,0,0,0,0,0,0,0,0,0,0,0,0,0,0,0,0,0,0,0,0,0
"BF-40","Cockles","RoW",0,0,NA,NA,NA,NA,NA,NA,NA,NA,NA,NA,NA,0,NA,NA,NA,NA,0,NA,NA,NA,NA,NA,0,NA,NA,NA,NA,NA,NA,NA,NA,NA,NA,NA,NA,0,0,0,0,0,NA,0,0,0,0,0,0,0,0,0,0,0,0,0,0,0,0,0,0,0,0,0,0,0,0,0,0,0,0,0,0,0
"BF-41","Mussels","RoW",0,0,NA,NA,NA,NA,NA,NA,NA,NA,NA,NA,NA,0,NA,NA,NA,NA,0,NA,NA,NA,NA,NA,0,NA,NA,NA,NA,NA,NA,NA,NA,NA,NA,NA,NA,0,0,0,0,0,NA,0,0,0,0,0,0,0,0,0,0,0,0,0,0,0,0,0,0,0,0,0,0,0,0,0,0,0,0,0,0,0
"BF-41","Mussels","SE",0,0,NA,NA,NA,NA,NA,NA,NA,NA,NA,NA,NA,0,NA,NA,NA,NA,0,NA,NA,NA,NA,NA,0,NA,NA,NA,NA,NA,NA,NA,NA,NA,NA,NA,NA,0,0,0,0,0,NA,0,0,0,0,0,0,0,0,0,0,0,0,0,0,0,0,0,0,0,0,0,0,0,0,0,0,0,0,0,0,0
"BF-42","Oysters","RoW",0,0,NA,NA,NA,NA,NA,NA,NA,NA,NA,NA,NA,0,NA,NA,NA,NA,0,NA,NA,NA,NA,NA,0,NA,NA,NA,NA,NA,NA,NA,NA,NA,NA,NA,NA,0,0,0,0,0,NA,0,0,0,0,0,0,0,0,0,0,0,0,0,0,0,0,0,0,0,0,0,0,0,0,0,0,0,0,0,0,0
"BF-43","Scallops, pectens","RoW",0,0,NA,NA,NA,NA,NA,NA,NA,NA,NA,NA,NA,0,NA,NA,NA,NA,0,NA,NA,NA,NA,NA,0,NA,NA,NA,NA,NA,NA,NA,NA,NA,NA,NA,NA,0,0,0,0,0,NA,0,0,0,0,0,0,0,0,0,0,0,0,0,0,0,0,0,0,0,0,0,0,0,0,0,0,0,0,0,0,0
"BF-44","Water snails, conches and whelks","RoW",0,0,NA,NA,NA,NA,NA,NA,NA,NA,NA,NA,NA,0,NA,NA,NA,NA,0,NA,NA,NA,NA,NA,0,NA,NA,NA,NA,NA,NA,NA,NA,NA,NA,NA,NA,0,0,0,0,0,NA,0,0,0,0,0,0,0,0,0,0,0,0,0,0,0,0,0,0,0,0,0,0,0,0,0,0,0,0,0,0,0
"BF-45","Frogs (legs)","RoW",0,0,NA,NA,NA,NA,NA,NA,NA,NA,NA,NA,NA,0,NA,NA,NA,NA,0,NA,NA,NA,NA,NA,0,NA,NA,NA,NA,NA,NA,NA,NA,NA,NA,NA,NA,0,0,0,0,0,NA,0,0,0,0,0,0,0,0,0,0,0,0,0,0,0,0,0,0,0,0,0,0,0,0,0,0,0,0,0,0,0
"BF-46","Snails","RoW",0,0,NA,NA,NA,NA,NA,NA,NA,NA,NA,NA,NA,0,NA,NA,NA,NA,0,NA,NA,NA,NA,NA,0,NA,NA,NA,NA,NA,NA,NA,NA,NA,NA,NA,NA,0,0,0,0,0,NA,0,0,0,0,0,0,0,0,0,0,0,0,0,0,0,0,0,0,0,0,0,0,0,0,0,0,0,0,0,0,0
"BF-47","Salmons","RoW",0,0,0,NA,0,0,0,0,0,0,0,0,0,0,0,0,0,0,0,0,NA,NA,0,0,0,0,0,NA,NA,NA,NA,NA,0,NA,0,NA,NA,0,0,0,0,0,0,0,0,0,0,0,0,0,0,0,0,0,0,0,0,0,0,0,0,0,0,0,0,0,0,0,0,0,0,0,0,0
"BF-48","Trouts","RoW",0,0,0,NA,0,0,0,0,0,0,0,0,0,0,0,0,0,0,0,0,NA,NA,0,0,0,0,0,NA,NA,NA,NA,NA,0,NA,0,NA,NA,0,0,0,0,0,0,0,0,0,0,0,0,0,0,0,0,0,0,0,0,0,0,0,0,0,0,0,0,0,0,0,0,0,0,0,0,0
"BF-48","Trouts","SE",0,0,0,NA,0,0,0,0,0,0,0,0,0,0,0,0,0,0,0,0,NA,NA,0,0,0,0,0,NA,NA,NA,NA,NA,0,NA,0,NA,NA,0,0,0,0,0,0,0,0,0,0,0,0,0,0,0,0,0,0,0,0,0,0,0,0,0,0,0,0,0,0,0,0,0,0,0,0,0
"BF-49","Catfishes (freshwater)","RoW",0,0,0,NA,0,0,0,0,0,0,0,0,0,0,0,0,0,0,0,0,NA,NA,0,0,0,0,0,NA,NA,NA,NA,NA,0,NA,0,NA,NA,0,0,0,0,0,0,0,0,0,0,0,0,0,0,0,0,0,0,0,0,0,0,0,0,0,0,0,0,0,0,0,0,0,0,0,0,0
"BF-49","Catfishes (freshwater)","SE",0,0,0,NA,0,0,0,0,0,0,0,0,0,0,0,0,0,0,0,0,NA,NA,0,0,0,0,0,NA,NA,NA,NA,NA,0,NA,0,NA,NA,0,0,0,0,0,0,0,0,0,0,0,0,0,0,0,0,0,0,0,0,0,0,0,0,0,0,0,0,0,0,0,0,0,0,0,0,0
"BF-50","Wolffish","RoW",0,0,NA,NA,NA,NA,NA,NA,NA,NA,NA,NA,NA,0,NA,NA,NA,NA,0,NA,NA,NA,NA,NA,0,NA,NA,NA,NA,NA,NA,NA,NA,NA,NA,NA,NA,0,0,0,0,0,NA,0,0,0,0,0,0,0,0,0,0,0,0,0,0,0,0,0,0,0,0,0,0,0,0,0,0,0,0,0,0,0
"BF-51","Cod","RoW",0,0,NA,NA,NA,NA,NA,NA,NA,NA,NA,NA,NA,0,NA,NA,NA,NA,0,NA,NA,NA,NA,NA,0,NA,NA,NA,NA,NA,NA,NA,NA,NA,NA,NA,NA,0,0,0,0,0,NA,0,0,0,0,0,0,0,0,0,0,0,0,0,0,0,0,0,0,0,0,0,0,0,0,0,0,0,0,0,0,0
"BF-51","Cod","SE",0,0,NA,NA,NA,NA,NA,NA,NA,NA,NA,NA,NA,0,NA,NA,NA,NA,0,NA,NA,NA,NA,NA,0,NA,NA,NA,NA,NA,NA,NA,NA,NA,NA,NA,NA,0,0,0,0,0,NA,0,0,0,0,0,0,0,0,0,0,0,0,0,0,0,0,0,0,0,0,0,0,0,0,0,0,0,0,0,0,0
"BF-52","Cod liver","RoW",0,0,NA,NA,NA,NA,NA,NA,NA,NA,NA,NA,NA,0,NA,NA,NA,NA,0,NA,NA,NA,NA,NA,0,NA,NA,NA,NA,NA,NA,NA,NA,NA,NA,NA,NA,0,0,0,0,0,NA,0,0,0,0,0,0,0,0,0,0,0,0,0,0,0,0,0,0,0,0,0,0,0,0,0,0,0,0,0,0,0
"BF-53","Cod roe","RoW",0,0,NA,NA,NA,NA,NA,NA,NA,NA,NA,NA,NA,0,NA,NA,NA,NA,0,NA,NA,NA,NA,NA,0,NA,NA,NA,NA,NA,NA,NA,NA,NA,NA,NA,NA,0,0,0,0,0,NA,0,0,0,0,0,0,0,0,0,0,0,0,0,0,0,0,0,0,0,0,0,0,0,0,0,0,0,0,0,0,0
"BF-54","Whiting","RoW",0,0,NA,NA,NA,NA,NA,NA,NA,NA,NA,NA,NA,0,NA,NA,NA,NA,0,NA,NA,NA,NA,NA,0,NA,NA,NA,NA,NA,NA,NA,NA,NA,NA,NA,NA,0,0,0,0,0,NA,0,0,0,0,0,0,0,0,0,0,0,0,0,0,0,0,0,0,0,0,0,0,0,0,0,0,0,0,0,0,0
"BF-55","Haddock","RoW",0,0,NA,NA,NA,NA,NA,NA,NA,NA,NA,NA,NA,0,NA,NA,NA,NA,0,NA,NA,NA,NA,NA,0,NA,NA,NA,NA,NA,NA,NA,NA,NA,NA,NA,NA,0,0,0,0,0,NA,0,0,0,0,0,0,0,0,0,0,0,0,0,0,0,0,0,0,0,0,0,0,0,0,0,0,0,0,0,0,0
"BF-56","Lumpfish roe","RoW",0,0,NA,NA,NA,NA,NA,NA,NA,NA,NA,NA,NA,0,NA,NA,NA,NA,0,NA,NA,NA,NA,NA,0,NA,NA,NA,NA,NA,NA,NA,NA,NA,NA,NA,NA,0,0,0,0,0,NA,0,0,0,0,0,0,0,0,0,0,0,0,0,0,0,0,0,0,0,0,0,0,0,0,0,0,0,0,0,0,0
"BF-57","Algea","RoW",0,0,NA,NA,NA,NA,NA,NA,NA,NA,NA,NA,NA,NA,NA,NA,NA,NA,0,NA,NA,NA,NA,NA,0,NA,NA,NA,NA,NA,NA,NA,NA,NA,NA,NA,NA,0,0,0,0,0,NA,0,0,0,0,0,0,0,0,0,0,0,0,0,0,0,0,0,0,0,0,0,0,0,0,0,0,0,0,0,0,0
"BF-57","Algea","SE",0,0,NA,NA,NA,NA,NA,NA,NA,NA,NA,NA,NA,NA,NA,NA,NA,NA,0,NA,NA,NA,NA,NA,0,NA,NA,NA,NA,NA,NA,NA,NA,NA,NA,NA,NA,0,0,0,0,0,NA,0,0,0,0,0,0,0,0,0,0,0,0,0,0,0,0,0,0,0,0,0,0,0,0,0,0,0,0,0,0,0
"MI-01","Hops (dried), including hop pellets and unconcentrated powder (Humulus lupulus)","RoW",NA,NA,NA,NA,NA,NA,NA,NA,NA,NA,NA,NA,NA,NA,NA,NA,NA,NA,NA,NA,NA,NA,NA,NA,NA,NA,NA,NA,NA,NA,NA,NA,NA,NA,NA,NA,NA,0,0,0,0,0,NA,0,0,0,0,0,0,0,0,0,0,0,0,0,0,0,0,0,0,0,0,0,0,0,0,0,0,0,0,0,0,0
"MI-02","Aspartam","RoW",NA,NA,NA,NA,NA,NA,NA,NA,NA,NA,NA,NA,NA,NA,NA,NA,NA,NA,NA,NA,NA,NA,NA,NA,NA,NA,NA,NA,NA,NA,NA,NA,NA,NA,NA,NA,NA,0,0,0,0,0,NA,0,0,0,0,0,0,0,0,0,0,0,0,0,0,0,0,0,0,0,0,0,0,0,0,0,0,0,0,0,0,0
"MI-03","Acesulfame K","RoW",NA,NA,NA,NA,NA,NA,NA,NA,NA,NA,NA,NA,NA,NA,NA,NA,NA,NA,NA,NA,NA,NA,NA,NA,NA,NA,NA,NA,NA,NA,NA,NA,NA,NA,NA,NA,NA,0,0,0,0,0,NA,0,0,0,0,0,0,0,0,0,0,0,0,0,0,0,0,0,0,0,0,0,0,0,0,0,0,0,0,0,0,0
"MI-04","Sucralose","RoW",NA,NA,NA,NA,NA,NA,NA,NA,NA,NA,NA,NA,NA,NA,NA,NA,NA,NA,NA,NA,NA,NA,NA,NA,NA,NA,NA,NA,NA,NA,NA,NA,NA,NA,NA,NA,NA,0,0,0,0,0,NA,0,0,0,0,0,0,0,0,0,0,0,0,0,0,0,0,0,0,0,0,0,0,0,0,0,0,0,0,0,0,0
"MI-05","Drinking water (water without any additives except carbon dioxide)","RoW",NA,NA,NA,NA,NA,NA,NA,NA,NA,NA,NA,NA,NA,NA,NA,NA,NA,NA,NA,NA,NA,NA,NA,NA,NA,NA,NA,NA,NA,NA,NA,NA,NA,NA,NA,NA,NA,0,0,0,0,0,NA,0,0,0,0,0,0,0,0,0,0,0,0,0,0,0,0,0,0,0,0,0,0,0,0,0,0,0,0,0,0,0
"MI-06","Tap water","RoW",NA,NA,NA,NA,NA,NA,NA,NA,NA,NA,NA,NA,NA,NA,NA,NA,NA,NA,NA,NA,NA,NA,NA,NA,NA,NA,NA,NA,NA,NA,NA,NA,NA,NA,NA,NA,NA,0,0,0,0,0,NA,0,0,0,0,0,0,0,0,0,0,0,0,0,0,0,0,0,0,0,0,0,0,0,0,0,0,0,0,0,0,0
"MI-07","Well water","RoW",NA,NA,NA,NA,NA,NA,NA,NA,NA,NA,NA,NA,NA,NA,NA,NA,NA,NA,NA,NA,NA,NA,NA,NA,NA,NA,NA,NA,NA,NA,NA,NA,NA,NA,NA,NA,NA,0,0,0,0,0,NA,0,0,0,0,0,0,0,0,0,0,0,0,0,0,0,0,0,0,0,0,0,0,0,0,0,0,0,0,0,0,0
"MI-08","Bottled water","RoW",NA,NA,NA,NA,NA,NA,NA,NA,NA,NA,NA,NA,NA,NA,NA,NA,NA,NA,NA,NA,NA,NA,NA,NA,NA,NA,NA,NA,NA,NA,NA,NA,NA,NA,NA,NA,NA,0,0,0,0,0,NA,0,0,0,0,0,0,0,0,0,0,0,0,0,0,0,0,0,0,0,0,0,0,0,0,0,0,0,0,0,0,0
"MI-09","Still mineral water","RoW",NA,NA,NA,NA,NA,NA,NA,NA,NA,NA,NA,NA,NA,NA,NA,NA,NA,NA,NA,NA,NA,NA,NA,NA,NA,NA,NA,NA,NA,NA,NA,NA,NA,NA,NA,NA,NA,0,0,0,0,0,NA,0,0,0,0,0,0,0,0,0,0,0,0,0,0,0,0,0,0,0,0,0,0,0,0,0,0,0,0,0,0,0
"MI-10","Carbonated mineral water","RoW",NA,NA,NA,NA,NA,NA,NA,NA,NA,NA,NA,NA,NA,NA,NA,NA,NA,NA,NA,NA,NA,NA,NA,NA,NA,NA,NA,NA,NA,NA,NA,NA,NA,NA,NA,NA,NA,0,0,0,0,0,NA,0,0,0,0,0,0,0,0,0,0,0,0,0,0,0,0,0,0,0,0,0,0,0,0,0,0,0,0,0,0,0
"MI-11","Water ice (for consumption)","RoW",NA,NA,NA,NA,NA,NA,NA,NA,NA,NA,NA,NA,NA,NA,NA,NA,NA,NA,NA,NA,NA,NA,NA,NA,NA,NA,NA,NA,NA,NA,NA,NA,NA,NA,NA,NA,NA,0,0,0,0,0,NA,0,0,0,0,0,0,0,0,0,0,0,0,0,0,0,0,0,0,0,0,0,0,0,0,0,0,0,0,0,0,0
"MI-12","Salt","RoW",NA,NA,NA,NA,NA,NA,NA,NA,NA,NA,NA,NA,NA,NA,NA,NA,NA,NA,NA,NA,NA,NA,NA,NA,NA,NA,NA,NA,NA,NA,NA,NA,NA,NA,NA,NA,NA,0,0,0,0,0,NA,0,0,0,0,0,0,0,0,0,0,0,0,0,0,0,0,0,0,0,0,0,0,0,0,0,0,0,0,0,0,0
"MI-13","Yeast extract","RoW",NA,NA,NA,NA,NA,NA,NA,NA,NA,NA,NA,NA,NA,NA,NA,NA,NA,NA,NA,NA,NA,NA,NA,NA,NA,NA,NA,NA,NA,NA,NA,NA,NA,NA,NA,NA,NA,0,0,0,0,0,NA,0,0,0,0,0,0,0,0,0,0,0,0,0,0,0,0,0,0,0,0,0,0,0,0,0,0,0,0,0,0,0
"MI-14","Monosodium glutamate","RoW",NA,NA,NA,NA,NA,NA,NA,NA,NA,NA,NA,NA,NA,NA,NA,NA,NA,NA,NA,NA,NA,NA,NA,NA,NA,NA,NA,NA,NA,NA,NA,NA,NA,NA,NA,NA,NA,0,0,0,0,0,NA,0,0,0,0,0,0,0,0,0,0,0,0,0,0,0,0,0,0,0,0,0,0,0,0,0,0,0,0,0,0,0
"MI-15","Liquorice (Glycyrrhiza glabra)","RoW",NA,NA,NA,NA,NA,NA,NA,NA,NA,NA,NA,NA,NA,NA,NA,NA,NA,NA,NA,NA,NA,NA,NA,NA,NA,NA,NA,NA,NA,NA,NA,NA,NA,NA,NA,NA,NA,0,0,0,0,0,NA,0,0,0,0,0,0,0,0,0,0,0,0,0,0,0,0,0,0,0,0,0,0,0,0,0,0,0,0,0,0,0
"MI-16","Yeast","RoW",NA,NA,NA,NA,NA,NA,NA,NA,NA,NA,NA,NA,NA,NA,NA,NA,NA,NA,NA,NA,NA,NA,NA,NA,NA,NA,NA,NA,NA,NA,NA,NA,NA,NA,NA,NA,NA,0,0,0,0,0,NA,0,0,0,0,0,0,0,0,0,0,0,0,0,0,0,0,0,0,0,0,0,0,0,0,0,0,0,0,0,0,0
"MI-17","Sodium bicarbonate","RoW",NA,NA,NA,NA,NA,NA,NA,NA,NA,NA,NA,NA,NA,NA,NA,NA,NA,NA,NA,NA,NA,NA,NA,NA,NA,NA,NA,NA,NA,NA,NA,NA,NA,NA,NA,NA,NA,0,0,0,0,0,NA,0,0,0,0,0,0,0,0,0,0,0,0,0,0,0,0,0,0,0,0,0,0,0,0,0,0,0,0,0,0,0
"MI-18","Gum","RoW",NA,NA,NA,NA,NA,NA,NA,NA,NA,NA,NA,NA,NA,NA,NA,NA,NA,NA,NA,NA,NA,NA,NA,NA,NA,NA,NA,NA,NA,NA,NA,NA,NA,NA,NA,NA,NA,0,0,0,0,0,NA,0,0,0,0,0,0,0,0,0,0,0,0,0,0,0,0,0,0,0,0,0,0,0,0,0,0,0,0,0,0,0
"MI-19","Gelatine","RoW",NA,NA,NA,NA,NA,NA,NA,NA,NA,NA,NA,NA,NA,NA,NA,NA,NA,NA,NA,NA,NA,NA,NA,NA,NA,NA,NA,NA,NA,NA,NA,NA,NA,NA,NA,NA,NA,0,0,0,0,0,NA,0,0,0,0,0,0,0,0,0,0,0,0,0,0,0,0,0,0,0,0,0,0,0,0,0,0,0,0,0,0,0
"MI-20","Cream of tartar","RoW",NA,NA,NA,NA,NA,NA,NA,NA,NA,NA,NA,NA,NA,NA,NA,NA,NA,NA,NA,NA,NA,NA,NA,NA,NA,NA,NA,NA,NA,NA,NA,NA,NA,NA,NA,NA,NA,0,0,0,0,0,NA,0,0,0,0,0,0,0,0,0,0,0,0,0,0,0,0,0,0,0,0,0,0,0,0,0,0,0,0,0,0,0
"MI-21","Agave tequilana","RoW",NA,NA,NA,NA,NA,NA,NA,NA,NA,NA,NA,NA,NA,NA,NA,NA,NA,NA,NA,NA,NA,NA,NA,NA,NA,NA,NA,NA,NA,NA,NA,NA,NA,NA,NA,NA,NA,0,0,0,0,0,NA,0,0,0,0,0,0,0,0,0,0,0,0,0,0,0,0,0,0,0,0,0,0,0,0,0,0,0,0,0,0,0
"MI-22","Maples (trunk sap)","RoW",NA,NA,NA,NA,NA,NA,NA,NA,NA,NA,NA,NA,NA,NA,NA,NA,NA,NA,NA,NA,NA,NA,NA,NA,NA,NA,NA,NA,NA,NA,NA,NA,NA,NA,NA,NA,NA,0,0,0,0,0,NA,0,0,0,0,0,0,0,0,0,0,0,0,0,0,0,0,0,0,0,0,0,0,0,0,0,0,0,0,0,0,0
"MI-23","Citric acid","RoW",NA,NA,NA,NA,NA,NA,NA,NA,NA,NA,NA,NA,NA,NA,NA,NA,NA,NA,NA,NA,NA,NA,NA,NA,NA,NA,NA,NA,NA,NA,NA,NA,NA,NA,NA,NA,NA,0,0,0,0,0,NA,0,0,0,0,0,0,0,0,0,0,0,0,0,0,0,0,0,0,0,0,0,0,0,0,0,0,0,0,0,0,0
"MI-24","Caffeine","RoW",NA,NA,NA,NA,NA,NA,NA,NA,NA,NA,NA,NA,NA,NA,NA,NA,NA,NA,NA,NA,NA,NA,NA,NA,NA,NA,NA,NA,NA,NA,NA,NA,NA,NA,NA,NA,NA,0,0,0,0,0,NA,0,0,0,0,0,0,0,0,0,0,0,0,0,0,0,0,0,0,0,0,0,0,0,0,0,0,0,0,0,0,0
"MI-25","Caramel color","RoW",NA,NA,NA,NA,NA,NA,NA,NA,NA,NA,NA,NA,NA,NA,NA,NA,NA,NA,NA,NA,NA,NA,NA,NA,NA,NA,NA,NA,NA,NA,NA,NA,NA,NA,NA,NA,NA,0,0,0,0,0,NA,0,0,0,0,0,0,0,0,0,0,0,0,0,0,0,0,0,0,0,0,0,0,0,0,0,0,0,0,0,0,0
"MI-26","Phosphoric acid","RoW",NA,NA,NA,NA,NA,NA,NA,NA,NA,NA,NA,NA,NA,NA,NA,NA,NA,NA,NA,NA,NA,NA,NA,NA,NA,NA,NA,NA,NA,NA,NA,NA,NA,NA,NA,NA,NA,0,0,0,0,0,NA,0,0,0,0,0,0,0,0,0,0,0,0,0,0,0,0,0,0,0,0,0,0,0,0,0,0,0,0,0,0,0
"MI-27","Fiber supplements","RoW",NA,NA,NA,NA,NA,NA,NA,NA,NA,NA,NA,NA,NA,NA,NA,NA,NA,NA,NA,NA,NA,NA,NA,NA,NA,NA,NA,NA,NA,NA,NA,NA,NA,NA,NA,NA,NA,0,0,0,0,0,NA,0,0,0,0,0,0,0,0,0,0,0,0,0,0,0,0,0,0,0,0,0,0,0,0,0,0,0,0,0,0,0
"MI-28","Hydrogenated starch hydrolysates","RoW",NA,NA,NA,NA,NA,NA,NA,NA,NA,NA,NA,NA,NA,NA,NA,NA,NA,NA,NA,NA,NA,NA,NA,NA,NA,NA,NA,NA,NA,NA,NA,NA,NA,NA,NA,NA,NA,0,0,0,0,0,NA,0,0,0,0,0,0,0,0,0,0,0,0,0,0,0,0,0,0,0,0,0,0,0,0,0,0,0,0,0,0,0
"MI-29","Rum essence","RoW",NA,NA,NA,NA,NA,NA,NA,NA,NA,NA,NA,NA,NA,NA,NA,NA,NA,NA,NA,NA,NA,NA,NA,NA,NA,NA,NA,NA,NA,NA,NA,NA,NA,NA,NA,NA,NA,0,0,0,0,0,NA,0,0,0,0,0,0,0,0,0,0,0,0,0,0,0,0,0,0,0,0,0,0,0,0,0,0,0,0,0,0,0
"MI-30","Pectin","RoW",NA,NA,NA,NA,NA,NA,NA,NA,NA,NA,NA,NA,NA,NA,NA,NA,NA,NA,NA,NA,NA,NA,NA,NA,NA,NA,NA,NA,NA,NA,NA,NA,NA,NA,NA,NA,NA,0,0,0,0,0,NA,0,0,0,0,0,0,0,0,0,0,0,0,0,0,0,0,0,0,0,0,0,0,0,0,0,0,0,0,0,0,0
"MI-31","Dietary supplements","RoW",NA,NA,NA,NA,NA,NA,NA,NA,NA,NA,NA,NA,NA,NA,NA,NA,NA,NA,NA,NA,NA,NA,NA,NA,NA,NA,NA,NA,NA,NA,NA,NA,NA,NA,NA,NA,NA,0,0,0,0,0,NA,0,0,0,0,0,0,0,0,0,0,0,0,0,0,0,0,0,0,0,0,0,0,0,0,0,0,0,0,0,0,0
"MI-32","Vitamin supplements","RoW",NA,NA,NA,NA,NA,NA,NA,NA,NA,NA,NA,NA,NA,NA,NA,NA,NA,NA,NA,NA,NA,NA,NA,NA,NA,NA,NA,NA,NA,NA,NA,NA,NA,NA,NA,NA,NA,0,0,0,0,0,NA,0,0,0,0,0,0,0,0,0,0,0,0,0,0,0,0,0,0,0,0,0,0,0,0,0,0,0,0,0,0,0
"MI-33","Mineral supplements","RoW",NA,NA,NA,NA,NA,NA,NA,NA,NA,NA,NA,NA,NA,NA,NA,NA,NA,NA,NA,NA,NA,NA,NA,NA,NA,NA,NA,NA,NA,NA,NA,NA,NA,NA,NA,NA,NA,0,0,0,0,0,NA,0,0,0,0,0,0,0,0,0,0,0,0,0,0,0,0,0,0,0,0,0,0,0,0,0,0,0,0,0,0,0
"MI-34","Combination of vitamins and minerals supplements","RoW",NA,NA,NA,NA,NA,NA,NA,NA,NA,NA,NA,NA,NA,NA,NA,NA,NA,NA,NA,NA,NA,NA,NA,NA,NA,NA,NA,NA,NA,NA,NA,NA,NA,NA,NA,NA,NA,0,0,0,0,0,NA,0,0,0,0,0,0,0,0,0,0,0,0,0,0,0,0,0,0,0,0,0,0,0,0,0,0,0,0,0,0,0
"MI-35","Supplements containing special fatty acids (e.g. omega-3, essential fatty acids)","RoW",NA,NA,NA,NA,NA,NA,NA,NA,NA,NA,NA,NA,NA,NA,NA,NA,NA,NA,NA,NA,NA,NA,NA,NA,NA,NA,NA,NA,NA,NA,NA,NA,NA,NA,NA,NA,NA,0,0,0,0,0,NA,0,0,0,0,0,0,0,0,0,0,0,0,0,0,0,0,0,0,0,0,0,0,0,0,0,0,0,0,0,0,0
"MI-36","Protein and amino acids supplements","RoW",NA,NA,NA,NA,NA,NA,NA,NA,NA,NA,NA,NA,NA,NA,NA,NA,NA,NA,NA,NA,NA,NA,NA,NA,NA,NA,NA,NA,NA,NA,NA,NA,NA,NA,NA,NA,NA,0,0,0,0,0,NA,0,0,0,0,0,0,0,0,0,0,0,0,0,0,0,0,0,0,0,0,0,0,0,0,0,0,0,0,0,0,0
"MI-37","Plant extract formula","RoW",NA,NA,NA,NA,NA,NA,NA,NA,NA,NA,NA,NA,NA,NA,NA,NA,NA,NA,NA,NA,NA,NA,NA,NA,NA,NA,NA,NA,NA,NA,NA,NA,NA,NA,NA,NA,NA,0,0,0,0,0,NA,0,0,0,0,0,0,0,0,0,0,0,0,0,0,0,0,0,0,0,0,0,0,0,0,0,0,0,0,0,0,0
"MI-38","Coenzyme Q10 supplement","RoW",NA,NA,NA,NA,NA,NA,NA,NA,NA,NA,NA,NA,NA,NA,NA,NA,NA,NA,NA,NA,NA,NA,NA,NA,NA,NA,NA,NA,NA,NA,NA,NA,NA,NA,NA,NA,NA,0,0,0,0,0,NA,0,0,0,0,0,0,0,0,0,0,0,0,0,0,0,0,0,0,0,0,0,0,0,0,0,0,0,0,0,0,0
"MI-39","Enzyme-based supplement","RoW",NA,NA,NA,NA,NA,NA,NA,NA,NA,NA,NA,NA,NA,NA,NA,NA,NA,NA,NA,NA,NA,NA,NA,NA,NA,NA,NA,NA,NA,NA,NA,NA,NA,NA,NA,NA,NA,0,0,0,0,0,NA,0,0,0,0,0,0,0,0,0,0,0,0,0,0,0,0,0,0,0,0,0,0,0,0,0,0,0,0,0,0,0
"MI-40","Yeast based supplement","RoW",NA,NA,NA,NA,NA,NA,NA,NA,NA,NA,NA,NA,NA,NA,NA,NA,NA,NA,NA,NA,NA,NA,NA,NA,NA,NA,NA,NA,NA,NA,NA,NA,NA,NA,NA,NA,NA,0,0,0,0,0,NA,0,0,0,0,0,0,0,0,0,0,0,0,0,0,0,0,0,0,0,0,0,0,0,0,0,0,0,0,0,0,0
"MI-41","Pollen-based supplement","RoW",NA,NA,NA,NA,NA,NA,NA,NA,NA,NA,NA,NA,NA,NA,NA,NA,NA,NA,NA,NA,NA,NA,NA,NA,NA,NA,NA,NA,NA,NA,NA,NA,NA,NA,NA,NA,NA,0,0,0,0,0,NA,0,0,0,0,0,0,0,0,0,0,0,0,0,0,0,0,0,0,0,0,0,0,0,0,0,0,0,0,0,0,0
"MI-42","Carnitine-based supplement for sports people","RoW",NA,NA,NA,NA,NA,NA,NA,NA,NA,NA,NA,NA,NA,NA,NA,NA,NA,NA,NA,NA,NA,NA,NA,NA,NA,NA,NA,NA,NA,NA,NA,NA,NA,NA,NA,NA,NA,0,0,0,0,0,NA,0,0,0,0,0,0,0,0,0,0,0,0,0,0,0,0,0,0,0,0,0,0,0,0,0,0,0,0,0,0,0
"MI-43","Quinine essence","RoW",NA,NA,NA,NA,NA,NA,NA,NA,NA,NA,NA,NA,NA,NA,NA,NA,NA,NA,NA,NA,NA,NA,NA,NA,NA,NA,NA,NA,NA,NA,NA,NA,NA,NA,NA,NA,NA,0,0,0,0,0,NA,0,0,0,0,0,0,0,0,0,0,0,0,0,0,0,0,0,0,0,0,0,0,0,0,0,0,0,0,0,0,0
"MI-44","Nutritive sweeteners (e.g., sorbitol, manitol)","RoW",NA,NA,NA,NA,NA,NA,NA,NA,NA,NA,NA,NA,NA,NA,NA,NA,NA,NA,NA,NA,NA,NA,NA,NA,NA,NA,NA,NA,NA,NA,NA,NA,NA,NA,NA,NA,NA,0,0,0,0,0,NA,0,0,0,0,0,0,0,0,0,0,0,0,0,0,0,0,0,0,0,0,0,0,0,0,0,0,0,0,0,0,0
"MI-45","Saccharine","RoW",NA,NA,NA,NA,NA,NA,NA,NA,NA,NA,NA,NA,NA,NA,NA,NA,NA,NA,NA,NA,NA,NA,NA,NA,NA,NA,NA,NA,NA,NA,NA,NA,NA,NA,NA,NA,NA,0,0,0,0,0,NA,0,0,0,0,0,0,0,0,0,0,0,0,0,0,0,0,0,0,0,0,0,0,0,0,0,0,0,0,0,0,0
"MI-46","Cyclamate","RoW",NA,NA,NA,NA,NA,NA,NA,NA,NA,NA,NA,NA,NA,NA,NA,NA,NA,NA,NA,NA,NA,NA,NA,NA,NA,NA,NA,NA,NA,NA,NA,NA,NA,NA,NA,NA,NA,0,0,0,0,0,NA,0,0,0,0,0,0,0,0,0,0,0,0,0,0,0,0,0,0,0,0,0,0,0,0,0,0,0,0,0,0,0
"MI-47","Nutritionally complete formulas","RoW",NA,NA,NA,NA,NA,NA,NA,NA,NA,NA,NA,NA,NA,NA,NA,NA,NA,NA,NA,NA,NA,NA,NA,NA,NA,NA,NA,NA,NA,NA,NA,NA,NA,NA,NA,NA,NA,0,0,0,0,0,NA,0,0,0,0,0,0,0,0,0,0,0,0,0,0,0,0,0,0,0,0,0,0,0,0,0,0,0,0,0,0,0
"MI-48","Nutritionally incomplete formulas","RoW",NA,NA,NA,NA,NA,NA,NA,NA,NA,NA,NA,NA,NA,NA,NA,NA,NA,NA,NA,NA,NA,NA,NA,NA,NA,NA,NA,NA,NA,NA,NA,NA,NA,NA,NA,NA,NA,0,0,0,0,0,NA,0,0,0,0,0,0,0,0,0,0,0,0,0,0,0,0,0,0,0,0,0,0,0,0,0,0,0,0,0,0,0
"MI-49","Oral rehydration products","RoW",NA,NA,NA,NA,NA,NA,NA,NA,NA,NA,NA,NA,NA,NA,NA,NA,NA,NA,NA,NA,NA,NA,NA,NA,NA,NA,NA,NA,NA,NA,NA,NA,NA,NA,NA,NA,NA,0,0,0,0,0,NA,0,0,0,0,0,0,0,0,0,0,0,0,0,0,0,0,0,0,0,0,0,0,0,0,0,0,0,0,0,0,0
"MI-50","Human milk","RoW",NA,NA,NA,NA,NA,NA,NA,NA,NA,NA,NA,NA,NA,NA,NA,NA,NA,NA,NA,NA,NA,NA,NA,NA,NA,NA,NA,NA,NA,NA,NA,NA,NA,NA,NA,NA,NA,0,0,0,0,0,NA,0,0,0,0,0,0,0,0,0,0,0,0,0,0,0,0,0,0,0,0,0,0,0,0,0,0,0,0,0,0,0
"MI-51","Cultivated mushroom (syn. Button mushroom) (Agaricus bisporus)","RoW",0,NA,NA,NA,NA,NA,NA,NA,NA,0,NA,NA,NA,NA,NA,NA,NA,NA,NA,NA,NA,NA,NA,NA,NA,NA,NA,NA,NA,NA,NA,NA,NA,NA,NA,NA,NA,0,0,0,0,0,NA,0,0,0,0,0,0,0,0,0,0,0,0,0,0,0,0,0,0,0,0,0,0,0,0,0,0,0,0,0,0,0
"MI-52","Honey mushroom (Armillaria mellea)","RoW",NA,NA,NA,NA,NA,NA,NA,NA,NA,NA,NA,NA,NA,NA,NA,NA,NA,NA,NA,NA,NA,NA,NA,NA,NA,NA,NA,NA,NA,NA,NA,NA,NA,NA,NA,NA,NA,0,0,0,0,0,NA,0,0,0,0,0,0,0,0,0,0,0,0,0,0,0,0,0,0,0,0,0,0,0,0,0,0,0,0,0,0,0
"MI-53","Boletus (Boletus (and other) spp.)","RoW",NA,NA,NA,NA,NA,NA,NA,NA,NA,NA,NA,NA,NA,NA,NA,NA,NA,NA,NA,NA,NA,NA,NA,NA,NA,NA,NA,NA,NA,NA,NA,NA,NA,NA,NA,NA,NA,0,0,0,0,0,NA,0,0,0,0,0,0,0,0,0,0,0,0,0,0,0,0,0,0,0,0,0,0,0,0,0,0,0,0,0,0,0
"MI-54","Truffle (Tuber spp.)","RoW",NA,NA,NA,NA,NA,NA,NA,NA,NA,NA,NA,NA,NA,NA,NA,NA,NA,NA,NA,NA,NA,NA,NA,NA,NA,NA,NA,NA,NA,NA,NA,NA,NA,NA,NA,NA,NA,0,0,0,0,0,NA,0,0,0,0,0,0,0,0,0,0,0,0,0,0,0,0,0,0,0,0,0,0,0,0,0,0,0,0,0,0,0
"MI-55","Morel (Morchella esculanta)","RoW",NA,NA,NA,NA,NA,NA,NA,NA,NA,NA,NA,NA,NA,NA,NA,NA,NA,NA,NA,NA,NA,NA,NA,NA,NA,NA,NA,NA,NA,NA,NA,NA,NA,NA,NA,NA,NA,0,0,0,0,0,NA,0,0,0,0,0,0,0,0,0,0,0,0,0,0,0,0,0,0,0,0,0,0,0,0,0,0,0,0,0,0,0
"MI-56","Cantharelle (Cantharellus cibarius)","RoW",NA,NA,NA,NA,NA,NA,NA,NA,NA,NA,NA,NA,NA,NA,NA,NA,NA,NA,NA,NA,NA,NA,NA,NA,NA,NA,NA,NA,NA,NA,NA,NA,NA,NA,NA,NA,NA,0,0,0,0,0,NA,0,0,0,0,0,0,0,0,0,0,0,0,0,0,0,0,0,0,0,0,0,0,0,0,0,0,0,0,0,0,0
"MI-57","Orange agaric (Lactarius deliciosus)","RoW",NA,NA,NA,NA,NA,NA,NA,NA,NA,NA,NA,NA,NA,NA,NA,NA,NA,NA,NA,NA,NA,NA,NA,NA,NA,NA,NA,NA,NA,NA,NA,NA,NA,NA,NA,NA,NA,0,0,0,0,0,NA,0,0,0,0,0,0,0,0,0,0,0,0,0,0,0,0,0,0,0,0,0,0,0,0,0,0,0,0,0,0,0
"NF-01","Cultured Meat (Bos. Spp.)","IL",0,0,0,NA,0,0,0,0,0,0,0,0,0,NA,NA,0,0,0,0,NA,NA,NA,0,0,0,NA,0,0,0,NA,NA,NA,0,0,0,0,NA,0,0,0,0,0,0,0,0,0,0,0,0,0,0,0,0,0,0,0,0,0,0,0,0,0,0,0,0,0,0,0,0,0,0,0,0,0
"NF-01","Cultured Meat (Bos. Spp.)","NL",0,0,0,NA,0,0,0,0,0,0,0,0,0,NA,NA,0,0,0,0,NA,NA,NA,0,0,0,NA,0,0,0,NA,NA,NA,0,0,0,0,NA,0,0,0,0,0,0,0,0,0,0,0,0,0,0,0,0,0,0,0,0,0,0,0,0,0,0,0,0,0,0,0,0,0,0,0,0,0
"NF-01","Cultured Meat (Bos. Spp.)","SE",0,0,0,NA,0,0,0,0,0,0,0,0,0,NA,NA,0,0,0,0,NA,NA,NA,0,0,0,NA,0,0,0,NA,NA,NA,0,0,0,0,NA,0,0,0,0,0,0,0,0,0,0,0,0,0,0,0,0,0,0,0,0,0,0,0,0,0,0,0,0,0,0,0,0,0,0,0,0,0
"NF-01","Cultured Meat (Bos. Spp.)","US",0,0,0,NA,0,0,0,0,0,0,0,0,0,NA,NA,0,0,0,0,NA,NA,NA,0,0,0,NA,0,0,0,NA,NA,NA,0,0,0,0,NA,0,0,0,0,0,0,0,0,0,0,0,0,0,0,0,0,0,0,0,0,0,0,0,0,0,0,0,0,0,0,0,0,0,0,0,0,0
"NF-02","Microbial Milk (T. reesei)","CH",0,0,0,NA,0,0,0,0,0,0,0,0,0,NA,NA,0,0,0,0,NA,NA,NA,0,0,0,NA,0,0,0,NA,NA,NA,0,0,0,0,NA,0,0,0,0,0,0,0,0,0,0,0,0,0,0,0,0,0,0,0,0,0,0,0,0,0,0,0,0,0,0,0,0,0,0,0,0,0
"NF-02","Microbial Milk (T. reesei)","DE",0,0,0,NA,0,0,0,0,0,0,0,0,0,NA,NA,0,0,0,0,NA,NA,NA,0,0,0,NA,0,0,0,NA,NA,NA,0,0,0,0,NA,0,0,0,0,0,0,0,0,0,0,0,0,0,0,0,0,0,0,0,0,0,0,0,0,0,0,0,0,0,0,0,0,0,0,0,0,0
"NF-02","Microbial Milk (T. reesei)","DK",0,0,0,NA,0,0,0,0,0,0,0,0,0,NA,NA,0,0,0,0,NA,NA,NA,0,0,0,NA,0,0,0,NA,NA,NA,0,0,0,0,NA,0,0,0,0,0,0,0,0,0,0,0,0,0,0,0,0,0,0,0,0,0,0,0,0,0,0,0,0,0,0,0,0,0,0,0,0,0
"NF-02","Microbial Milk (T. reesei)","SE",0,0,0,NA,0,0,0,0,0,0,0,0,0,NA,NA,0,0,0,0,NA,NA,NA,0,0,0,NA,0,0,0,NA,NA,NA,0,0,0,0,NA,0,0,0,0,0,0,0,0,0,0,0,0,0,0,0,0,0,0,0,0,0,0,0,0,0,0,0,0,0,0,0,0,0,0,0,0,0
"NF-02","Microbial Milk (T. reesei)","US",0,0,0,NA,0,0,0,0,0,0,0,0,0,NA,NA,0,0,0,0,NA,NA,NA,0,0,0,NA,0,0,0,NA,NA,NA,0,0,0,0,NA,0,0,0,0,0,0,0,0,0,0,0,0,0,0,0,0,0,0,0,0,0,0,0,0,0,0,0,0,0,0,0,0,0,0,0,0,0
"NF-03","Microbial Ovalbumin (T. reesei)","CH",0,0,0,NA,0,0,0,0,0,0,0,0,0,NA,NA,0,0,0,0,NA,NA,NA,0,0,0,NA,0,0,0,NA,NA,NA,0,0,0,0,NA,0,0,0,0,0,0,0,0,0,0,0,0,0,0,0,0,0,0,0,0,0,0,0,0,0,0,0,0,0,0,0,0,0,0,0,0,0
"NF-03","Microbial Ovalbumin (T. reesei)","DE",0,0,0,NA,0,0,0,0,0,0,0,0,0,NA,NA,0,0,0,0,NA,NA,NA,0,0,0,NA,0,0,0,NA,NA,NA,0,0,0,0,NA,0,0,0,0,0,0,0,0,0,0,0,0,0,0,0,0,0,0,0,0,0,0,0,0,0,0,0,0,0,0,0,0,0,0,0,0,0
"NF-03","Microbial Ovalbumin (T. reesei)","DK",0,0,0,NA,0,0,0,0,0,0,0,0,0,NA,NA,0,0,0,0,NA,NA,NA,0,0,0,NA,0,0,0,NA,NA,NA,0,0,0,0,NA,0,0,0,0,0,0,0,0,0,0,0,0,0,0,0,0,0,0,0,0,0,0,0,0,0,0,0,0,0,0,0,0,0,0,0,0,0
"NF-03","Microbial Ovalbumin (T. reesei)","SE",0,0,0,NA,0,0,0,0,0,0,0,0,0,NA,NA,0,0,0,0,NA,NA,NA,0,0,0,NA,0,0,0,NA,NA,NA,0,0,0,0,NA,0,0,0,0,0,0,0,0,0,0,0,0,0,0,0,0,0,0,0,0,0,0,0,0,0,0,0,0,0,0,0,0,0,0,0,0,0
"NF-03","Microbial Ovalbumin (T. reesei)","US",0,0,0,NA,0,0,0,0,0,0,0,0,0,NA,NA,0,0,0,0,NA,NA,NA,0,0,0,NA,0,0,0,NA,NA,NA,0,0,0,0,NA,0,0,0,0,0,0,0,0,0,0,0,0,0,0,0,0,0,0,0,0,0,0,0,0,0,0,0,0,0,0,0,0,0,0,0,0,0
"NF-04","Microbial Protein (Solein)","FI",0,0,0,NA,0,NA,NA,NA,NA,NA,NA,NA,NA,NA,NA,NA,NA,NA,0,NA,NA,NA,NA,NA,0,NA,NA,NA,0,NA,NA,NA,NA,NA,NA,0,NA,0,0,0,0,0,NA,0,0,0,0,0,0,0,0,0,0,0,0,0,0,0,0,0,0,0,0,0,0,0,0,0,0,0,0,0,0,0
"NF-04","Microbial Protein (Solein)","SE",0,0,0,NA,0,NA,NA,NA,NA,NA,NA,NA,NA,NA,NA,NA,NA,NA,0,NA,NA,NA,NA,NA,0,NA,NA,NA,0,NA,NA,NA,NA,NA,NA,0,NA,0,0,0,0,0,NA,0,0,0,0,0,0,0,0,0,0,0,0,0,0,0,0,0,0,0,0,0,0,0,0,0,0,0,0,0,0,0
"NF-05","Mycoprotein (Quorn)","GB",0,0,0,0,0,0,0,0,0,0,0,0,0,0,0,0,0,0,0,0,NA,0,0,0,0,0,0,0,0,NA,NA,0,0,0,0,0,0,0,0,0,0,0,0,0,0,0,0,0,0,0,0,0,0,0,0,0,0,0,0,0,0,0,0,0,0,0,0,NA,0,0,0,0,0,0
"NF-05","Mycoprotein (Quorn)","SE",0,0,0,0,0,0,0,0,0,0,0,0,0,0,0,0,0,0,0,0,NA,0,0,0,0,0,0,0,0,NA,NA,0,0,0,0,0,0,0,0,0,0,0,0,0,0,0,0,0,0,0,0,0,0,0,0,0,0,0,0,0,0,0,0,0,0,0,0,NA,0,0,0,0,0,0
"NF-06","Yeast Fat (Rhodotorula babjevae)","IL",0,0,0,NA,0,NA,NA,NA,NA,NA,NA,NA,NA,NA,NA,NA,NA,NA,0,NA,NA,NA,NA,NA,0,NA,NA,NA,0,NA,NA,NA,NA,NA,NA,0,NA,0,0,0,0,0,NA,0,0,0,0,0,0,0,0,0,0,0,0,0,0,0,0,0,0,0,0,0,0,0,0,0,0,0,0,0,0,0
"NF-06","Yeast Fat (Rhodotorula babjevae)","NL",0,0,0,NA,0,NA,NA,NA,NA,NA,NA,NA,NA,NA,NA,NA,NA,NA,0,NA,NA,NA,NA,NA,0,NA,NA,NA,0,NA,NA,NA,NA,NA,NA,0,NA,0,0,0,0,0,NA,0,0,0,0,0,0,0,0,0,0,0,0,0,0,0,0,0,0,0,0,0,0,0,0,0,0,0,0,0,0,0
"NF-06","Yeast Fat (Rhodotorula babjevae)","SE",0,0,0,NA,0,NA,NA,NA,NA,NA,NA,NA,NA,NA,NA,NA,NA,NA,0,NA,NA,NA,NA,NA,0,NA,NA,NA,0,NA,NA,NA,NA,NA,NA,0,NA,0,0,0,0,0,NA,0,0,0,0,0,0,0,0,0,0,0,0,0,0,0,0,0,0,0,0,0,0,0,0,0,0,0,0,0,0,0
"NF-06","Yeast Fat (Rhodotorula babjevae)","US",0,0,0,NA,0,NA,NA,NA,NA,NA,NA,NA,NA,NA,NA,NA,NA,NA,0,NA,NA,NA,NA,NA,0,NA,NA,NA,0,NA,NA,NA,NA,NA,NA,0,NA,0,0,0,0,0,NA,0,0,0,0,0,0,0,0,0,0,0,0,0,0,0,0,0,0,0,0,0,0,0,0,0,0,0,0,0,0,0
"NF-07","Algae Fat (Schizochytrium)","CH",0,0,0,NA,0,0,0,0,0,0,0,0,0,NA,NA,0,0,0,0,NA,NA,NA,0,0,0,NA,0,0,0,NA,NA,NA,0,0,0,0,NA,0,0,0,0,0,0,0,0,0,0,0,0,0,0,0,0,0,0,0,0,0,0,0,0,0,0,0,0,0,0,0,0,0,0,0,0,0
"NF-07","Algae Fat (Schizochytrium)","DE",0,0,0,NA,0,0,0,0,0,0,0,0,0,NA,NA,0,0,0,0,NA,NA,NA,0,0,0,NA,0,0,0,NA,NA,NA,0,0,0,0,NA,0,0,0,0,0,0,0,0,0,0,0,0,0,0,0,0,0,0,0,0,0,0,0,0,0,0,0,0,0,0,0,0,0,0,0,0,0
"NF-07","Algae Fat (Schizochytrium)","DK",0,0,0,NA,0,0,0,0,0,0,0,0,0,NA,NA,0,0,0,0,NA,NA,NA,0,0,0,NA,0,0,0,NA,NA,NA,0,0,0,0,NA,0,0,0,0,0,0,0,0,0,0,0,0,0,0,0,0,0,0,0,0,0,0,0,0,0,0,0,0,0,0,0,0,0,0,0,0,0
"NF-07","Algae Fat (Schizochytrium)","SE",0,0,0,NA,0,0,0,0,0,0,0,0,0,NA,NA,0,0,0,0,NA,NA,NA,0,0,0,NA,0,0,0,NA,NA,NA,0,0,0,0,NA,0,0,0,0,0,0,0,0,0,0,0,0,0,0,0,0,0,0,0,0,0,0,0,0,0,0,0,0,0,0,0,0,0,0,0,0,0
"NF-07","Algae Fat (Schizochytrium)","US",0,0,0,NA,0,0,0,0,0,0,0,0,0,NA,NA,0,0,0,0,NA,NA,NA,0,0,0,NA,0,0,0,NA,NA,NA,0,0,0,0,NA,0,0,0,0,0,0,0,0,0,0,0,0,0,0,0,0,0,0,0,0,0,0,0,0,0,0,0,0,0,0,0,0,0,0,0,0,0
