{"Electricity":{"Argentina":[0.3928943,0.0016498,0.0000688],"Australia":[0.8813393,0.0009036,0.0000632],"Austria":[0.0801433,0.0099627,0.000004],"Belgium":[0.0641554,0.000108,0.0000029],"Brazil":[0.0747995,0.0002724,0.0000097],"Bulgaria":[0.1589004,0.0001339,0.0000033],"Canada":[0.0767499,0.0002674,0.0000076],"Chile":[0.5112517,0.0008121,0.000015],"China":[0.7477327,0.0043665,0.0000189],"Costa Rica":[0.0452407,0.0001359,0.0000077],"Cote d'Ivoire":[0.5445641,0.0020339,0.0000171],"Croatia":[0.1317718,0.0002546,0.0000048],"Cyprus":[0.2682207,0.0006777,0.0000143],"Czech Republic":[0.1883801,0.0002115,0.0000036],"Denmark":[0.1029256,0.000142,0.0000053],"Ecuador":[0.1279,0.0003598,0.0000116],"Estonia":[0.217616,0.000687,0.0000112],"Finland":[0.0825588,0.0001676,0.0000054],"France":[0.024198,0.000075,0.0000023],"Germany":[0.1287509,0.0002463,0.0000058],"Ghana":[0.5063056,0.0016661,0.0000214],"Greece":[0.1777675,0.0003529,0.0000061],"Hungary":[0.1214311,0.0003066,0.0000043],"India":[1.1742393,0.0031449,0.0000331],"Indonesia":[1.2215423,0.0012027,0.0000253],"Iran":[0.0459615,0.0002034,0.0000059],"Ireland":[0.1088533,0.0001173,0.000004],"Israel":[0.6824453,0.0020803,0.0000172],"Italy":[0.1049934,0.0004564,0.0000046],"Latvia":[0.1731841,0.0005962,0.0000093],"Lithuania":[0.1397166,0.0004249,0.0000095],"Malaysia":[0.8490583,0.0012727,0.0000196],"Malta":[0.1109736,0.0005342,0.0000043],"Morocco":[0.95769,0.0024295,0.0000234],"Netherlands":[0.1379811,0.0002732,0.0000055],"New Zealand":[0.1347455,0.0003231,0.0000082],"Peru":[0.2302096,0.0008234,0.0000108],"Philippines":[0.9615919,0.0007801,0.0000211],"Poland":[0.2709586,0.0005221,0.0000049],"Portugal":[0.0963783,0.0003279,0.0000037],"Romania":[0.1174363,0.0001144,0.000003],"Russia":[0.6833089,0.0022588,0.0000691],"Serbia":[1.0281667,0.0004615,0.0000148],"Slovak Republic":[0.1184492,0.0002191,0.0000038],"Slovenia":[0.1053851,0.00013,0.0000037],"South Africa":[1.1054318,0.0003828,0.0000773],"Spain":[0.0744764,0.0002302,0.0000034],"Sweden":[0.0245695,0.0000273,0.0000023],"UK":[0.1094344,0.0001572,0.0000039],"Thailand":[0.1979504,0.0005866,0.000005],"Turkey":[0.585454,0.0011617,0.0000158],"Ukraine":[0.5282594,0.0016364,0.0000163],"USA":[0.1459709,0.0002265,0.0000041],"Vietnam":[0.6363013,0.0016756,0.0000164],"RoW":[0.3256114,0.0009087,0.0000121]},"Heating oil":[0.08056,0.0000306,0.0000029],"Natural gas":[0.062,0.00028,0.000002],"Other fossil energy sources":[0.071,0.000155,0.0000013],"Bark and chips":[0.0017,0.0000029,7e-7],"Pellets and briquettes":[0.00365,0.0000175,0.0000078],"Other renewable energy sources":[0.002675,0.0000102,0.0000042],"Diesel fuel":[0.07592,0.0000336,0.000002],"District heating":[0.0246111,0,0]}
