{"Electricity":{"Austria":[0.0801433,0.0099627,0.000004],"Belgium":[0.0641554,0.000108,0.0000029],"Bulgaria":[0.1589004,0.0001339,0.0000033],"Croatia":[0.1317718,0.0002546,0.0000048],"Cyprus":[0.2682207,0.0006777,0.0000143],"Czech Republic":[0.1883801,0.0002115,0.0000036],"Denmark":[0.1029256,0.000142,0.0000053],"Estonia":[0.217616,0.000687,0.0000112],"Finland":[0.0825588,0.0001676,0.0000054],"France":[0.024198,0.000075,0.0000023],"Germany":[0.1287509,0.0002463,0.0000058],"Greece":[0.1777675,0.0003529,0.0000061],"Hungary":[0.1214311,0.0003066,0.0000043],"Ireland":[0.1088533,0.0001173,0.000004],"Italy":[0.1049934,0.0004564,0.0000046],"Latvia":[0.1731841,0.0005962,0.0000093],"Lithuania":[0.1397166,0.0004249,0.0000095],"Malta":[0.1109736,0.0005342,0.0000043],"Netherlands":[0.1379811,0.0002732,0.0000055],"Poland":[0.2709586,0.0005221,0.0000049],"Portugal":[0.0963783,0.0003279,0.0000037],"Romania":[0.1174363,0.0001144,0.000003],"Slovak Republic":[0.1184492,0.0002191,0.0000038],"Slovenia":[0.1053851,0.00013,0.0000037],"Spain":[0.0744764,0.0002302,0.0000034],"Sweden":[0.0245695,0.0000273,0.0000023],"UK":[0.1094344,0.0001572,0.0000039],"Brazil":[0.0747995,0.0002724,0.0000097],"Thailand":[0.1979504,0.0005866,0.000005],"USA":[0.1459709,0.0002265,0.0000041],"RoW":[0.128611,0.0006181,0.0000053]},"Heating oil":[0.08056,0.0000306,0.0000029],"Natural gas":[0.062,0.00028,0.000002],"Other fossil energy sources":[0.071,0.000155,0.0000013],"Bark and chips":[0.0017,0.0000029,7e-7],"Pellets and briquettes":[0.00365,0.0000175,0.0000078],"Other renewable energy sources":[0.002675,0.0000102,0.0000042],"Diesel fuel":[0.07592,0.0000336,0.000002],"District heating":[0.0246111,0,0]}
