{"Electricity":{"AR":[0.3928943,0.0016498,0.0000688],"AU":[0.8813393,0.0009036,0.0000632],"AT":[0.0801433,0.0099627,0.000004],"BE":[0.0641554,0.000108,0.0000029],"BR":[0.0747995,0.0002724,0.0000097],"BG":[0.1589004,0.0001339,0.0000033],"CA":[0.0767499,0.0002674,0.0000076],"CL":[0.5112517,0.0008121,0.000015],"CN":[0.7477327,0.0043665,0.0000189],"CR":[0.0452407,0.0001359,0.0000077],"CI":[0.5445641,0.0020339,0.0000171],"HR":[0.1317718,0.0002546,0.0000048],"CY":[0.2682207,0.0006777,0.0000143],"CZ":[0.1883801,0.0002115,0.0000036],"DK":[0.1029256,0.000142,0.0000053],"EC":[0.1279,0.0003598,0.0000116],"EE":[0.217616,0.000687,0.0000112],"FI":[0.0825588,0.0001676,0.0000054],"FR":[0.024198,0.000075,0.0000023],"DE":[0.1287509,0.0002463,0.0000058],"GH":[0.5063056,0.0016661,0.0000214],"GR":[0.1777675,0.0003529,0.0000061],"HU":[0.1214311,0.0003066,0.0000043],"IN":[1.1742393,0.0031449,0.0000331],"ID":[1.2215423,0.0012027,0.0000253],"IR":[0.0459615,0.0002034,0.0000059],"IE":[0.1088533,0.0001173,0.000004],"IL":[0.6824453,0.0020803,0.0000172],"IT":[0.1049934,0.0004564,0.0000046],"LV":[0.1731841,0.0005962,0.0000093],"LT":[0.1397166,0.0004249,0.0000095],"MY":[0.8490583,0.0012727,0.0000196],"MT":[0.1109736,0.0005342,0.0000043],"MA":[0.95769,0.0024295,0.0000234],"NL":[0.1379811,0.0002732,0.0000055],"NZ":[0.1347455,0.0003231,0.0000082],"PE":[0.2302096,0.0008234,0.0000108],"PH":[0.9615919,0.0007801,0.0000211],"PL":[0.2709586,0.0005221,0.0000049],"PT":[0.0963783,0.0003279,0.0000037],"RO":[0.1174363,0.0001144,0.000003],"RU":[0.6833089,0.0022588,0.0000691],"RS":[1.0281667,0.0004615,0.0000148],"SK":[0.1184492,0.0002191,0.0000038],"SI":[0.1053851,0.00013,0.0000037],"ZA":[1.1054318,0.0003828,0.0000773],"ES":[0.0744764,0.0002302,0.0000034],"SE":[0.0245695,0.0000273,0.0000023],"GB":[0.1094344,0.0001572,0.0000039],"TH":[0.1979504,0.0005866,0.000005],"TR":[0.585454,0.0011617,0.0000158],"UA":[0.5282594,0.0016364,0.0000163],"US":[0.1459709,0.0002265,0.0000041],"VN":[0.6363013,0.0016756,0.0000164],"RoW":[0.3256114,0.0009087,0.0000121]},"Heating oil":[0.08056,0.0000306,0.0000029],"Natural gas":[0.062,0.00028,0.000002],"Other fossil energy sources":[0.071,0.000155,0.0000013],"Bark and chips":[0.0017,0.0000029,7e-7],"Pellets and briquettes":[0.00365,0.0000175,0.0000078],"Other renewable energy sources":[0.002675,0.0000102,0.0000042],"Diesel fuel":[0.07592,0.0000336,0.000002],"District heating":[0.0246111,0,0]}
